"","Verrucomicrobia","Proteobacteria","Actinobacteria","Acidobacteria","Firmicutes","Bacteroidetes","Chloroflexi","Rokubacteria","Entotheonellaeota","Bacteria_unclassified","Planctomycetes","Deinococcus-Thermus","Nitrospirae","Dependentiae","Latescibacteria","Gemmatimonadetes","Epsilonbacteraeota","BRC1","Cyanobacteria","FBP","Chlamydiae","Armatimonadetes","Patescibacteria","Fusobacteria","Elusimicrobia","Spirochaetes","Hydrogenedentes","Kiritimatiellaeota","Fibrobacteres","WS2","WPS-2","RsaHf231","FCPU426","WS4","Tenericutes","Synergistetes","GAL15","Omnitrophicaeota","Lentisphaerae"
"A0",990.688192186897,2388.5613532426,1797.89520083751,2053.00567524381,26.9987327125461,596.727092401785,548.790566973387,237.478648961375,55.0994545154003,175.767259904127,675.519312358808,0,26.4477381673921,45.7325472477823,96.4240454019505,170.257314452587,0,6.06093999669403,9.91790181277205,0,12.6728745385421,17.6318254449281,30.8556945286242,0,22.0397818061601,3.30596727092402,0.550994545154003,1.10198909030801,5.50994545154003,2.20397818061601,0,0,0,0,0,0,0.550994545154003,2.20397818061601,0
"A0_CONINT",739.369865487045,3101.47151755891,1465.64954410039,1569.46826758147,11.7360296109055,1859.70930757425,359.303060395414,96.5965514128374,26.6317595016701,74.9300352080888,462.21901236797,0,13.5415726279679,4.96524329692155,23.0206734675454,114.200595829196,0,8.12494357678072,12.6388011194367,0.451385754265595,4.96524329692155,7.67355782251512,25.2776022388733,0,8.57632933104631,0.451385754265595,1.80554301706238,0.902771508531191,3.15970027985917,0.451385754265595,0.451385754265595,0,1.35415726279679,0,0.902771508531191,0,0,0,0
"A0_CORE1",989.305709209159,2506.62107345201,2906.23219015052,1386.90536055516,44.5874819806229,255.120855543263,570.920915887224,280.934660900466,91.5216735391733,145.831238056924,590.36508096148,0,21.4556304267659,9.7220825371283,40.5645512756043,88.5044755104093,0,1.34097690167287,27.825270709712,0,9.7220825371283,12.0687921150558,7.37537295920078,0,4.69341915585504,1.34097690167287,0.335244225418217,0.335244225418217,3.01719802876395,0.335244225418217,0,0,0.670488450836434,0,0.335244225418217,0,0,2.0114653525093,0
"A0_CORE2",1160.19634091923,2489.69735149749,2257.92057117358,1725.33270336247,49.8726933879308,275.874740793238,608.709347192692,329.947239940153,87.1459694989107,144.630810824999,553.324408746096,0,35.173373231488,22.5739559545371,61.4221592251358,129.931490668557,0,2.3623907394283,4.19980575898365,0,13.3868808567604,12.8619051368874,15.2242958763157,0,11.2869779772686,0.262487859936478,0.524975719872956,0,3.67483003911069,0.262487859936478,0.262487859936478,0,1.31243929968239,0,0.262487859936478,0,0,2.3623907394283,0
"A0_CORE3",1177.30729252147,2401.84546929993,2120.83082590222,1800.42671918595,56.8958914601455,266.42595327972,622.572350785054,481.973849772963,101.026679067053,186.370516257272,504.403960829367,0,28.6303043565476,20.7888834181301,67.6550504221602,106.679796487773,0.182358626474825,2.1883035176979,0.911793132374127,0.182358626474825,12.582745226763,15.8652005033098,9.11793132374127,0,8.93557269726644,0.182358626474825,0.364717252949651,1.27651038532378,1.27651038532378,1.09415175884895,0,0,0.911793132374127,0,0,0,0.364717252949651,0.729434505899301,0
"A0_IN1",803.922532441998,2784.11325206449,2580.12190326386,1398.9382618954,9.58513566653559,843.983484073928,585.430593786866,77.1726307510814,29.0011797090051,66.1128588281557,559.132913881243,0,11.7970900511207,5.16122689736532,8.84781753834054,148.692489186001,0,4.66968147856862,7.86472670074715,1.96618167518679,10.568226504129,9.83090837593394,26.0519071962249,0,8.35627211954385,0,0,0.983090837593394,4.17813605977192,1.22886354699174,0.737318128195045,0,0.737318128195045,0,10.0766810853323,0,0,0.737318128195045,0
"A0_IN2",888.797401765701,2592.2876355153,2112.43767439733,1666.4379488587,1.82974246374823,1058.50601527835,499.977128219203,92.8594300352225,19.2122958693564,83.7107177164814,598.32578564567,0,15.5528109418599,10.5210191665523,29.7333150359087,194.410136773249,0,6.4040986231188,9.14871231874114,2.74461369562234,8.23384108686702,31.5630574996569,46.2009972096427,0,13.2656328621746,1.37230684781117,0.457435615937057,1.82974246374823,6.86153423905585,5.03179177530763,0,0,0.457435615937057,0,0,0,0,1.82974246374823,0
"A0_IN3",840.096717962175,2867.42516541396,1799.02907162003,1742.23538452887,27.7408108564038,1161.36529774512,470.09428126933,119.772825251635,26.2413075668685,83.0349946580195,498.584843770501,0,23.6171768101816,37.1127064159997,35.6132031264644,161.946355269817,0,3.1864444902626,14.0578433393938,0.937189555959588,8.24726809244438,17.6191636520403,34.4885756593129,0,12.5583400498585,2.62413075668685,0.562313733575753,1.68694120072726,2.24925493430301,1.68694120072726,1.31206537834342,0,3.1864444902626,0,0.562313733575753,0,0,1.12462746715151,0
"B8",1111.27479866431,2548.61520329994,2378.21646042035,1646.53309762326,69.7308976625417,286.289530544097,565.70418385386,382.537811824789,67.7666470241603,147.318797878609,563.248870555883,0,29.9548222353172,16.6961304262424,48.1241406403457,94.28403064231,0,1.96425063838146,3.43743861716755,0,9.82125319190729,9.33019053231192,7.36593989393047,0,6.8748772343351,0,0,0.491062659595364,2.45531329797682,0,0,0,0.491062659595364,0,0.982125319190729,0,0,0.491062659595364,0
"B8_CONINT",951.660412379454,2758.54416333777,2217.24569261187,1460.67869103821,16.341847233991,947.221885970221,506.597264253722,99.866844207723,33.4906992696607,86.5512649800266,584.674978816124,0.201751200419642,25.6224024532946,15.1313400314732,19.166364039866,152.725658717669,0,4.84202881007142,12.5085744260178,2.01751200419642,12.5085744260178,16.94710083525,38.3327280797321,0,16.1400960335714,0.80700480167857,1.81576080377678,2.62276560545535,6.45603841342856,2.01751200419642,0.605253601258927,0,1.61400960335714,0,1.81576080377678,0,0,3.22801920671428,0
"B8_CORE1",840.863453815261,2899.51472556894,1856.59303882195,1699.71552878179,218.373493975904,550.953815261044,561.412315930388,249.330655957162,47.6907630522088,142.653949129853,539.658634538153,0,20.4986613119143,28.028781793842,89.524765729585,164.825970548862,0,3.34672021419009,5.02008032128514,0.418340026773762,9.62182061579652,17.9886211512718,25.9370816599732,0,12.1318607764391,0.418340026773762,0.418340026773762,1.25502008032128,4.18340026773762,1.67336010709505,0.836680053547523,0,0.418340026773762,0,0,0,0,6.69344042838019,0
"B8_CORE2",1042.55774165954,2737.91702309666,2349.76475620188,1282.07869974337,548.011120615911,312.232677502139,516.467065868263,256.629597946963,89.8203592814371,112.810094097519,501.497005988024,0,35.2865697177074,29.940119760479,51.3259195893926,84.4739093242087,0,3.74251497005988,2.13857998289136,0,8.55431993156544,10.158254918734,8.55431993156544,1.60393498716852,8.55431993156544,0,0,0,4.27715996578272,0,0,0,0,0,0,0,0.53464499572284,1.06928999144568,0
"B8_CORE3",1173.1843575419,2524.65387418023,2734.02963322808,1294.63201360214,209.37575904785,156.424581005587,551.372358513481,311.39179013845,128.734515423852,128.248724799611,588.778236580034,0,16.0310905999514,19.917415593879,48.5790624240952,80.6412436239981,0,2.42895312120476,0.485790624240952,0,9.71581248481904,6.31527811513238,5.82948749089143,0,5.82948749089143,0.485790624240952,0,0,2.42895312120476,0,0,0,0,0,0,0,0,0.485790624240952,0
"B8_IN1",216.012850862361,4884.59587419682,1052.58708150152,249.40818397024,2683.88569496111,551.657084883328,150.49036185323,24.940818397024,9.72269191748394,14.7954007439973,128.508623605005,0,8.03178897531282,0.42272573554278,2.1136286777139,16.4863036861684,0,1.26817720662834,1.69090294217112,0,2.1136286777139,0.42272573554278,0.84545147108556,0,0,0,0,0,0,0,0,0,0,0,0,0,0,0,0
"B8_IN2",301.062573789847,4734.75009838646,1570.2479338843,354.978354978355,2142.46359700905,351.042896497442,201.101928374656,22.8256591892955,15.3482880755608,25.5804801259347,217.237308146399,0,7.08382526564345,1.96772924045651,2.36127508854782,29.5159386068477,0,2.75482093663912,0.393545848091303,0,5.50964187327824,1.96772924045651,4.32900432900433,4.72255017709563,1.57418339236521,0,0.393545848091303,0,0.393545848091303,0.393545848091303,0,0,0,0,0,0,0,0,0
"B8_IN3",590.091418460631,3268.94721321144,2272.78089059275,736.360955470363,2028.01533470953,174.284871719257,363.904452963728,50.4276024771454,41.2857564140372,49.2480094367443,342.081981716308,0,15.9245060454143,2.94898260100265,4.12857564140372,40.4010616337364,0,1.47449130050133,2.06428782070186,0,3.53877912120319,3.53877912120319,2.94898260100265,0.294898260100265,2.65408434090239,0,0,0.294898260100265,0.884694780300796,0.589796520200531,0.294898260100265,0,0.294898260100265,0,0,0,0,0.294898260100265,0
"C12",992.692593510032,2574.31260837255,2265.91528362646,1637.97374287838,68.7391627446123,346.792172405251,577.780530096606,337.503096358682,94.1293039385682,138.716868962101,651.473866732722,0,37.7755759227149,31.5828585583354,64.4042605895467,116.423086450334,0,1.2385434728759,1.85781520931385,0,21.6745107753282,14.8625216745108,9.28907604656924,0,8.05053257369334,1.2385434728759,0.619271736437949,0,1.85781520931385,1.2385434728759,0,0,1.2385434728759,0,0,0,0,0.619271736437949,0
"C12_CONINT",946.909153743142,2589.31271329215,2972.48261263985,1325.32722795801,41.902457989546,477.342433798436,566.763143116333,111.883882673118,60.9097585208864,87.6927729059571,654.887900125275,0,13.8234912955203,8.6396820597002,12.5275389865653,82.5089636701369,0,3.02388872089507,2.59190461791006,0,9.93563436865523,6.91174564776016,11.6635707805953,0,4.75182513283511,0,0.86396820597002,0.43198410298501,5.61579333880513,0.43198410298501,0.43198410298501,0,0.43198410298501,0,0,0,0,0,0
"C12_CORE1",1071.89129404329,2634.85542739769,2646.23163216938,1246.32643387581,318.533733607205,143.150576710381,515.089271606889,328.645915626481,109.337968083425,157.686838363091,620.003160056881,0,29.3885289935219,12.0082161478907,37.6046768841839,88.7975983567704,0,2.84405119292147,4.74008532153579,0,12.324221835993,7.90014220255965,4.10807394533102,0,4.4240796334334,0,0,0.632011376204772,2.84405119292147,0,0,0,0.316005688102386,0,0,0,0,0.316005688102386,0
"C12_CORE2",899.473740736763,3076.73719256793,2385.61916013318,1096.55246482655,562.775212114703,466.383847062614,440.070883900763,175.598754161744,84.3088819675653,84.5773815916658,543.174739555365,0,19.6004725593384,6.98099022661368,35.1734507571689,72.2263988830416,0.805498872301579,1.61099774460316,1.87949736870368,0,15.30447857373,5.63849210611105,4.56449360970895,14.2304800773279,2.95349586510579,0,0,0,2.14799699280421,0.536999248201052,0.268499624100526,0.268499624100526,0,0,0.268499624100526,0,0,0.268499624100526,0
"C12_CORE3",1114.5697003997,2550.49343850589,2626.71996038343,1233.24254536451,414.912808177992,161.472887411128,543.489795196491,261.752325704786,122.740617594001,130.876162852393,629.266739768668,0,20.8694421845708,28.6512680839022,46.6909553959888,71.2744508506951,0,2.65289519295391,2.65289519295391,0,12.203317887588,7.95868557886173,8.13554525839199,0,5.48265006543808,0.176859679530261,0,0.176859679530261,2.47603551342365,0.530579038590782,0,0,0,0,0,0,0,0.530579038590782,0
"C12_IN1",24.8366902558519,2037.62928688078,297.35982580294,17.3516603157322,7022.65922700054,554.232444202504,15.6505171475231,3.06205770277627,1.36091453456723,4.7632008709853,15.6505171475231,0,0.340228633641807,0.340228633641807,0.340228633641807,0.340228633641807,0,0,0,0.340228633641807,2.38160043549265,0,0.340228633641807,1.02068590092542,0,0,0,0,0,0,0,0,0,0,0,0,0,0,0
"C12_IN2",271.800679501699,2091.19109754296,1345.21640651928,240.287557240632,4412.32950908464,1250.67703973608,132.453592003545,20.1880939484957,10.586439509577,15.7565611305333,165.443891870599,0,4.92392535329164,1.47717760598749,0.984785070658329,12.3098133832291,0.492392535329164,3.69294401496873,0.738588802993747,0,5.41631788862081,0.246196267664582,0.738588802993747,11.8174208478999,0.246196267664582,0,0,0,0,0,0,0,0,0,0.984785070658329,0,0,0,0
"C12_IN3",404.603093161328,2139.55874807594,1721.02909917174,600.674338488602,4220.4793667082,292.091182291285,252.510444916807,42.8791321556842,22.7222751594224,27.8531114857436,212.929707542329,0,1.83244154511471,7.32976618045884,4.39785970827531,30.7850179579271,0,2.19892985413765,0.366488309022942,0,6.23030125339002,1.83244154511471,3.66488309022942,1.09946492706883,2.5654181631606,0,0,0,0.366488309022942,0,0,0,0,0,0,0,0,0,0
"D16",1061.64907449901,2202.08046504513,1877.77267859875,2076.6406608536,64.2496558054153,510.172862169191,604.252715312835,266.942022334404,42.8331038702769,139.2075875784,685.32966192443,0,32.889704757534,57.365764111978,89.4905920146856,171.332415481108,0,5.35413798378461,6.88389169343736,0.764876854826373,10.7082759675692,27.5355667737494,33.6545816123604,0,12.238029677222,3.05950741930549,0.764876854826373,0.764876854826373,1.52975370965275,1.52975370965275,0.764876854826373,0,3.82438427413186,0,0.764876854826373,0,0,7.64876854826373,0
"D16_CONINT",891.027631170444,2616.16475214737,1989.72023871124,1644.76180620235,5.86429335265101,1013.4878747111,578.150332884887,96.933319534996,28.9765083307461,92.4488599123806,723.722791403636,0,16.9029631929353,7.24412708268654,27.9416330332195,148.33212597882,0,5.86429335265101,5.51933492014212,1.03487529752665,7.58908551519542,15.5231294628997,44.8445962261547,0,19.6626306530063,1.37983373003553,2.41470902756218,4.48445962261547,4.82941805512436,1.37983373003553,0.689916865017765,0,0.344958432508883,0,0,0,0,2.75966746007106,0
"D16_CORE1",1057.81584582441,2462.52676659529,2678.08708065667,1162.02712348323,847.96573875803,175.58886509636,466.809421841542,239.82869379015,81.3704496788009,128.47965738758,521.056388294076,0,17.1306209850107,19.9857244825125,24.2683797287652,64.2398286937901,0,1.42755174875089,1.42755174875089,1.42755174875089,24.2683797287652,17.1306209850107,4.28265524625268,0,1.42755174875089,0,0,0,1.42755174875089,0,0,0,0,0,0,0,0,0,0
"D16_CORE2",1041.47047539325,2643.0888354086,2793.76373338914,1161.10355411391,525.618220501552,188.692406961738,514.805901433504,224.268424540476,60.3397160894283,79.8716473091277,574.099264064734,0,20.9270691639636,15.3465173869066,39.7614314115308,76.035017962401,0,4.18541383279272,2.44149140246242,0,16.7416553311709,4.88298280492484,4.53419831885878,0,2.09270691639636,0.34878448606606,0,0.69756897213212,3.83662934672666,0,0,0,0.34878448606606,0,0,0,0,0.69756897213212,0
"D16_CORE3",1204.41359303771,2723.26978864484,2538.85205138831,1103.3982594281,490.053874844592,145.04765851637,539.784500621633,235.184417737257,72.0058019063407,138.313302942395,604.019892250311,0,22.2751761292996,24.8653128885205,47.6585163696643,67.8615830915872,0,1.03605470368835,3.62619146290924,0,11.9146290924161,5.18027351844177,9.84251968503937,0,5.69830087028595,0,0,0,1.03605470368835,1.03605470368835,1.03605470368835,0,0.518027351844177,0,0,0,0,2.07210940737671,0
"D16_IN1",321.414137116845,2456.87179596265,1181.21290761737,473.506200676437,4839.29293144158,122.737231711727,157.409967879858,108.272531960605,37.2253302418583,43.1813830805556,212.290740464998,0,5.53062049307609,1.70172938248495,6.59420135712918,21.9097657994937,0,0.212716172810619,0.212716172810619,0,5.10518814745485,2.76531024653804,0.425432345621238,0,0.638148518431856,0,0,0,1.06358086405309,0,0.212716172810619,0,0.212716172810619,0,0,0,0,0,0
"D16_IN2",345.402572653645,1466.57138319835,2088.13720819438,391.138637446403,4620.13657297126,441.321264094013,321.105288232492,59.7109734794347,20.9623630300143,24.9325075432746,176.115610608226,0,3.81133873272987,1.74686358583452,1.11164046371288,14.6101318087978,0.476417341591234,0.794028902652057,1.11164046371288,0,4.92297919644275,2.69969826901699,1.58805780530411,10.1635699539463,0.158805780530411,0,0,0,0.952834683182468,0.158805780530411,0,0,0,0,0.158805780530411,0,0,0,0
"D16_IN3",708.801422452113,1544.7614429268,3066.62356205717,657.0758910531,2751.6905089038,139.01236563485,624.478030119346,87.2868342358361,12.3925752310138,40.6799752148495,276.677712222851,0,3.7716533311781,2.96344190306851,6.73509523424661,50.6479161615345,0,2.42463428432878,1.34701904684932,0,7.54330666235621,3.23284571243837,5.92688380613702,0,1.07761523747946,0.269403809369864,0,0,0.808211428109594,1.34701904684932,0,0,0,0,2.42463428432878,0,0,0,0
"E27",1078.78461952138,2431.29873621941,1745.09276687282,1909.65313256252,13.9822532938962,669.534821188491,559.290131755848,203.818230707179,45.1734337187416,143.586985748857,683.517074482388,0,27.9645065877924,49.4756655014789,103.253562785695,168.862597472439,0,5.37778972842162,26.8889486421081,1.07555794568432,11.8311374025276,24.7378327507394,48.9378865286367,0,26.8889486421081,1.07555794568432,1.61333691852649,1.07555794568432,4.3022317827373,3.22667383705297,1.07555794568432,0,3.22667383705297,0,0,0,0.537778972842162,4.84001075557946,0
"E27_CONINT",1098.06193385296,2623.76237623762,2852.32778597009,1319.78091426164,53.7181377712239,433.431641036444,554.034126816937,144.828312618496,79.5239098377923,87.9502843901411,594.059405940594,0.526648409521803,23.1725300189593,4.73983568569623,11.5862650094797,63.1978091426164,0,3.15989045713082,11.0596165999579,0,13.1662102380451,6.31978091426164,8.95302296187065,0,5.26648409521803,0,0.526648409521803,0.526648409521803,5.26648409521803,0,1.05329681904361,0,0,0,0,0,0,0,0
"E27_CORE1",876.701213440047,2204.8463836536,2876.11109062074,1299.3766827721,633.644377236012,191.789916276325,527.422269759894,376.203297311253,57.5369748828975,126.87640615203,663.150518201601,0,25.44904658282,3.3194408586287,29.8749677276583,66.0199904105042,0.368826762069856,2.21296057241913,6.63888171725741,0,11.4336296241655,12.908936672445,3.68826762069856,0,1.84413381034928,0,0,0,1.84413381034928,0.368826762069856,0,0,0,0,0,0,0,0.368826762069856,0
"E27_CORE2",1040.33970276008,2863.74422380417,2611.88127055493,1075.30910453353,698.13912826277,184.421964114733,565.754964406145,207.3185962283,57.8660338870155,96.9984596811124,394.654677157487,0,20.815120103243,21.2314225053079,40.7976354023563,82.4278756088423,0,3.33041921651888,3.33041921651888,0,17.901003288789,5.41193122684318,3.33041921651888,0,1.24890720619458,0,0,0,2.49781441238916,0,0,0,0,0,0,0,0,1.24890720619458,0
"E27_CORE3",1117.10041708334,2518.59801458572,2938.85216712603,1143.68643137638,437.327739700968,137.564330837337,536.842362008829,278.787287494817,72.9286080148296,105.612332008098,510.988072879826,0,25.3664723529842,22.1956633088612,41.4644259616088,71.7090660747823,0,2.19517549208517,2.19517549208517,0,15.1223200565867,7.80506841630284,5.12207614819874,0,3.41471743213249,0.731725164028391,0,0.243908388009464,2.19517549208517,0,0.487816776018927,0,0.243908388009464,0,0.243908388009464,0,0,0.975633552037855,0
"E27_IN1",27.6672030716242,780.892690776658,3323.16987098049,41.5008046074363,5468.22506422744,293.611134637644,33.031252646735,5.64636797380085,0,3.38782078428051,17.5037407187826,0,0.564636797380085,0.282318398690043,0,1.9762287908303,0,0,0,0,1.41159199345021,0,0.282318398690043,0.564636797380085,0,0,0,0,0,0,0,0,0,0,0.282318398690043,0,0,0,0
"E27_IN2",57.2784077759778,1530.8956260125,2876.0703540847,51.4927100208285,5124.39250173571,214.649386716038,79.264059245545,9.25711640823883,0,1.73570932654478,32.3999074288359,0,0,0.578569775514927,1.15713955102985,1.73570932654478,0,0.578569775514927,6.94283730617912,0,2.31427910205971,0,0.578569775514927,8.67854663272391,0,0,0,0,0,0,0,0,0,0,0,0,0,0,0
"E27_IN3",451.989345059405,3781.65828083379,2473.46835228954,484.123292884022,846.053021013911,1314.95497019154,225.783264978225,62.1538201344552,27.9057967950615,35.9392837512156,221.132298845715,0.845630205910955,15.2213437063972,2.95970572068834,4.22815102955478,30.4426874127944,0,0.422815102955478,4.22815102955478,0.422815102955478,5.07378123546573,3.38252082364382,4.22815102955478,1.26844530886643,1.26844530886643,0,0,0.422815102955478,0,0,0,0,0,0,0,0,0,0.422815102955478,0
"F43",1096.22232827931,2382.24604427475,2847.3879364147,1433.97334703917,58.7393076104115,200.815007893094,613.458643856236,258.452953485811,89.2103234333125,106.832115716436,717.353794192151,0,26.7998090972503,8.81089614156173,26.7998090972503,81.1336686368809,0,3.67120672565072,3.30408605308565,0,9.54513748669187,17.2546716105584,4.77256874334594,0,5.13968941591101,0.367120672565072,0.734241345130144,0,4.40544807078087,0.367120672565072,0,0,1.10136201769522,0,0,0,0,1.10136201769522,0
"F43_CONINT",987.42750099067,2551.24464137757,3041.53607838899,1162.50585395728,38.546057134623,437.335638891891,660.686624157931,106.27183976368,52.2353110702835,60.881155661227,737.778738427177,0,23.4158291004719,7.2048704924529,7.92535754169819,73.4896790230196,0,6.12413991858496,2.52170467235851,0.360243524622645,15.1302280341511,7.56511401707554,11.5277927879246,0,1.80121762311322,0.360243524622645,1.80121762311322,0.72048704924529,2.52170467235851,0.72048704924529,0.360243524622645,0,0,0,0,0,0,0,0
"F43_CORE1",280.609767938635,905.427711428294,4169.33682881833,349.548499854355,3568.79308670745,108.262938149335,254.879114477134,114.574230507816,11.1661326342363,43.6935624817944,147.101660355374,0,3.88387222060394,2.42742013787746,7.28226041363239,20.3903291581707,0,0.485484027575493,0.485484027575493,0,6.7967763860569,0.970968055150986,1.45645208272648,0.485484027575493,0.970968055150986,0,0,0,0.970968055150986,0,0,0,0,0,0,0,0,0,0
"F43_CORE2",463.366675215867,3415.69063292582,1695.30648884329,410.931577897467,1372.71665099313,1940.09860078083,181.813000484455,62.4091647430965,26.787495369183,31.9170157590265,169.559146219828,0,9.68909406970448,9.11914735972187,10.5440141346784,20.2331082043829,164.714599184976,1.13989341996523,0.284973354991308,0,6.8393605197914,2.56476019492177,2.84973354991308,0,0.569946709982617,0,0,0,0.284973354991308,0,0,0,0,0,0.284973354991308,0,0,0.284973354991308,0
"F43_CORE3",589.292692457991,1963.0715123095,4410.31652989449,609.026963657679,1207.50293083236,240.328253223916,339.976553341149,112.739351309105,32.0437670965221,61.3520906604142,336.850332161,0,5.66627588901915,12.1141070730754,19.1481047284095,38.1008206330598,0.586166471277843,2.14927706135209,0.976944118796405,0,9.1832747166862,3.71238765142634,2.73544353262993,0.195388823759281,1.36772176631497,0,0,0.195388823759281,0.390777647518562,0,0.195388823759281,0,0,0,0,0,0,0.781555295037124,0
"F43_IN1",132.82926330847,1669.22107557644,4623.13953884405,227.512686897585,2491.74074452505,498.961207043357,213.889172712101,27.5876162256054,1.02176356391131,10.5582234937502,85.1469636592759,0.340587854637104,0.681175709274207,0.340587854637104,0.681175709274207,7.83352065665338,0.681175709274207,0.340587854637104,0,0,4.76822996491945,1.36235141854841,0.340587854637104,0.340587854637104,0.681175709274207,0,0,0,0,0,0,0,0,0,0,0,0,0,0
"F43_IN2",80.2557601146511,2583.39764083343,3720.64821960093,28.2218057546026,2124.57281446368,1281.00540183001,34.6158086208797,8.59883144085547,1.76386285966266,3.08676000440966,40.3483629147834,0,1.10241428728916,0.440965714915665,0,1.322897144747,61.0737515158197,0.220482857457833,0.220482857457833,0,1.322897144747,0.220482857457833,0.661448572373498,25.1350457501929,0.220482857457833,0,0,0,0,0,0,0,0,0,1.54338000220483,0,0,0,0
"F43_IN3",92.3144552714485,3391.45724961536,3565.82899846143,111.363469851271,1098.24895596747,1463.11085061177,123.818594768848,9.52450728991135,0.732654406916257,12.4551249175764,51.285808484138,0,0.732654406916257,2.93061762766503,1.46530881383251,8.05919847607883,35.1674115319804,3.66327203458129,0.732654406916257,0,1.46530881383251,5.86123525533006,7.32654406916258,12.4551249175764,0,0,0,0,0,0,0,0,0,0,0,0,0,0,0
"G58",1210.80630531245,2073.74175676007,1737.88335662278,2237.99367507538,74.0359393003359,607.241793532887,594.984187688461,197.837758329043,54.178617832365,136.794881223799,669.755583339462,0,33.0955357799515,56.6301390012503,84.0871760927656,152.239464587777,0,5.8836508053247,7.10941138976735,1.22576058444265,7.59971562354441,12.502757961315,18.8767130004168,0,13.9736706626462,0.245152116888529,0.980608467554117,1.96121693510823,2.69667328577382,2.45152116888529,0.735456350665588,0,0.245152116888529,0,0.245152116888529,0,0.735456350665588,0.980608467554117,0
"G58_CONINT",1112.24559253965,2617.92934449663,1998.50248451433,1742.56347423593,16.3365325709618,827.717650262065,590.157239125995,77.5985297120686,36.7571982846641,77.5985297120686,677.966101694915,0.680688857123409,6.80688857123409,12.2523994282214,13.6137771424682,110.271594853992,0.680688857123409,6.12619971411068,10.2103328568511,4.08413314274045,11.571710571098,19.0592879994554,14.2944659995916,0,5.44551085698727,0,1.36137771424682,0.680688857123409,2.04206657137023,4.08413314274045,1.36137771424682,0,0,0,0,0,0,0,0
"G58_CORE1",501.806870682951,2763.8259914917,2896.93975572938,765.747221078633,730.982114267417,1201.22592745071,368.235670829331,182.059375142949,46.2009972096427,95.6040437308449,325.694158547184,0,11.8933260143635,8.23384108686702,16.467682173734,44.8286903618316,1.37230684781117,2.74461369562234,1.37230684781117,2.28717807968528,6.4040986231188,5.48922739124468,11.8933260143635,5.48922739124468,0.914871231874114,0,0,1.37230684781117,0,0.457435615937057,0,0,0,0,0.457435615937057,0,0,0,0
"G58_CORE2",355.848252580315,3710.39597111154,1560.0874401616,185.118569965965,548.991394338526,3336.00819059742,135.587592351753,30.7147403082542,7.1944436758073,15.7724342123468,76.0950773402695,0,1.93696560502504,2.21367497717148,5.81089681507513,13.0053404908824,0.276709372146435,1.66025623287861,1.10683748858574,2.21367497717148,1.66025623287861,3.04380309361078,4.98076869863582,0,0,0,0,0,0,0,0,0,0,0,0.276709372146435,0,0,0,0
"G58_CORE3",1059.06040268456,2625.5033557047,895.302013422819,2255.70469798658,189.261744966443,928.859060402685,684.563758389262,267.785234899329,32.2147651006711,171.140939597315,418.120805369128,0,48.993288590604,18.7919463087248,159.731543624161,149.664429530201,0,4.69798657718121,8.05369127516778,2.01342281879195,7.38255033557047,41.6107382550336,16.7785234899329,0,8.7248322147651,2.01342281879195,0,0,0.671140939597315,0,0,0,0,0,0,0,2.01342281879195,1.34228187919463,0
"G58_IN1",168.710152035311,3110.83864639529,3021.57920549289,29.9166257969593,786.169691025012,2652.77096615988,114.271701814615,6.8661108386464,1.96174595389897,16.1844041196665,44.1392839627268,0,0,0,0,3.4330554193232,0.490436488474743,25.0122609122119,0,0,2.45218244237371,1.96174595389897,11.7704757233938,0.490436488474743,0,0,0,0,0,0,0,0,0,0.490436488474743,0.490436488474743,0,0,0,0
"G58_IN2",60.4095563139932,3215.01706484642,3293.17406143345,20.4778156996587,1330.37542662116,1996.58703071672,44.7098976109215,2.38907849829352,0.68259385665529,2.73037542662116,14.3344709897611,0,0,0.68259385665529,0.341296928327645,0.68259385665529,0,2.04778156996587,0.341296928327645,1.02389078498294,1.36518771331058,0.68259385665529,11.2627986348123,0,0,0,0,0,0,0,0,0,0,0,0.68259385665529,0,0,0,0
"G58_IN3",98.1856990394877,3336.7129135539,2976.52081109925,54.4290288153682,2205.9765208111,1159.01814300961,69.9039487726788,9.07150480256137,2.13447171824973,4.8025613660619,48.5592315901814,0,1.06723585912487,1.06723585912487,0,4.26894343649947,2.66808964781217,5.33617929562433,1.6008537886873,0.533617929562433,2.13447171824973,0.533617929562433,3.2017075773746,8.53788687299893,0,0,0,0,0,0,0,0,0,0,3.73532550693703,0,0,0,0
"H72",994.030065453499,2182.98209019636,2422.49874127886,1893.11659354096,87.7508451413364,274.760842983529,628.641300438754,348.126303675466,81.2774221391067,155.362152053514,656.692800115083,0,28.0514996763289,15.1046536718694,51.7873840178379,130.187729267065,0,3.59634611234985,0.71926922246997,1.43853844493994,3.59634611234985,19.4202690066892,8.63123066963965,0,5.75415377975976,0,0,0.71926922246997,3.59634611234985,0.71926922246997,0.71926922246997,0,0,0,0,0,0.71926922246997,0,0
"H72_CONINT",1011.57730519747,2385.25330486904,3036.37408654241,1348.22234994663,32.8434189999179,339.92938664915,661.794892848346,156.827325724608,57.4759832498563,92.782658674768,702.849166598243,0,24.6325642499384,7.38976927498152,4.92651284998768,78.8242055998029,0,4.10542737498974,4.92651284998768,0,13.9584530749651,9.03194022497742,9.03194022497742,0,7.38976927498152,0,0,0,4.92651284998768,0.821085474997947,3.28434189999179,0,0,0,0,0,0,0.821085474997947,0
"H72_CORE1",54.1225545845764,4253.76877788632,1359.66417614911,45.6741558201547,851.968212899649,3299.36372996805,68.1152150381498,12.9366106080207,0.528024922776355,6.60031153470444,31.6814953665813,0,0.264012461388178,0.264012461388178,0,4.7522243049872,2.11209969110542,0.528024922776355,1.84808722971724,0,2.11209969110542,0.264012461388178,1.05604984555271,0,0,0,0,0,0,0,0,0,0,0,2.3761121524936,0,0,0,0
"H72_CORE2",778.108913573557,3633.70360335952,2126.7949065294,590.083988079111,212.950419940396,1737.19859116771,300.189650501219,75.3183419127608,24.3836358710377,61.2300189650501,321.863993497697,0,8.66973719859117,5.41858574911948,21.6743429964779,37.3882416689244,1.62557572473584,24.9254944459496,4.33486859929558,3.25115144947169,17.8813329720943,4.87672717420753,5.41858574911948,0.541858574911948,0.541858574911948,0,0,0.541858574911948,0.541858574911948,0,0,0.541858574911948,0,0,0,0,0,0,0
"H72_CORE3",485.126883647975,4314.60422385301,640.860455996863,494.08996694863,340.036972718615,3214.38574869755,185.9839784886,49.2969581536048,8.40289059436446,48.1765727410229,124.922973502885,0,4.48154165032771,8.96308330065543,33.0513696711669,21.8475155453476,6.72231247549157,1.68057811887289,5.04173435661868,0,5.60192706290964,3.92134894403675,1.68057811887289,0,1.12038541258193,0,0,0,0,0,0,0,0,0,0,0,0,0,0
"H72_IN1",25.3728251864126,3234.25849212925,3901.71913835957,11.9096934548467,1637.84175642088,957.435791217896,98.3844241922121,1.03562551781276,0,32.1043910521955,64.208782104391,0.517812758906379,0,0,0,3.62468931234466,5.69594034797017,8.28500414250207,0,4.14250207125104,0.517812758906379,0,6.73156586578293,2.5890637945319,0,0,0,0,0,0,0,1.55343827671914,0,0,2.07125103562552,0,0,0,0
"H72_IN2",242.75096494306,3904.11177390028,841.494146543749,22.0102714600147,145.459185300967,4704.7752719385,40.511659064085,0.956968324348464,0.318989441449488,15.3114931895754,23.6052186672621,0,0.318989441449488,0.318989441449488,0,12.7595776579795,6.69877827043925,22.6482503429137,1.27595776579795,2.5519155315959,2.23292609014642,0,5.74180994609078,1.59494720724744,0,0,0,0,0,0,0,0,0,0,2.5519155315959,0,0,0,0
"H72_IN3",270.606996910196,4114.92076148709,1738.76208511911,177.414532044254,597.528157081631,2733.97787301904,126.083923053922,13.9539519585368,5.98026512508721,55.8158078341473,111.133260241204,0,8.47204226054022,0,0.498355427090601,12.458885677265,0.498355427090601,14.950662812718,3.48848798963421,0.996710854181202,6.47862055217781,2.491777135453,2.491777135453,0,0.996710854181202,0,0,0,0,0,0,0,0,0,0,0,0,0,0
"J86",1203.20219034581,2485.86393667044,2498.06559133385,1469.85298494137,128.563775965716,172.906374620558,610.677935837153,302.065353252783,116.957323968811,173.501577287066,632.700434497947,0,37.4977679900006,13.9872626629367,25.2961133265877,86.8995893101601,0,3.2736146657937,2.67841199928576,0,13.0944586631748,11.6064519969049,4.76162133206357,0,3.57121599904768,0,0,0,2.67841199928576,0.297601333253973,0,0,0,0,0,0,0,0,0
"J86_CONINT",1082.43883046008,2539.66532943005,2746.75629766164,1494.81369041165,67.9460768368933,339.730384184466,627.778380136615,116.014312045972,83.1255195344971,81.6798583252015,649.824713578373,0.3614153023239,37.5871914416856,7.95113665112581,9.75821316274531,79.872781813582,0,3.2527377209151,4.3369836278868,0,8.31255195344971,6.14406013950631,5.78264483718241,0,1.4456612092956,0,0.722830604647801,0,1.8070765116195,1.4456612092956,0.722830604647801,0,0,0,0,0,0,0.722830604647801,0
"J86_CORE1",227.324586423274,4865.08841985168,1036.22361665716,313.177410154022,731.88819167142,2335.13976041072,152.595550484883,75.0142612664005,6.84540787221905,41.6428978893326,113.804905875642,0.285225328009127,5.98973188819167,1.71135196805476,14.8317170564746,32.5156873930405,10.8385624643468,6.84540787221905,2.28180262407302,3.99315459212778,0.285225328009127,5.70450656018254,13.6908157444381,0,0.855675984027382,0,0,0,0.570450656018254,0.570450656018254,0,0,0,0,0.285225328009127,0,0,0,0
"J86_CORE2",1011.82174403932,3636.84664939895,1032.07810320781,1096.16789533108,105.930796307365,2021.31898784618,288.570100285581,115.892940160723,33.8712891014146,74.0519359766222,315.135817227867,0,13.282858471143,24.5732881716145,71.3953642823936,85.3423656770937,0.996214385335724,12.6187155475858,18.9280733213788,8.63385800624294,6.30935777379292,8.30178654446437,11.6225011622501,0,3.9848575413429,0.332071461778575,0,0,0,0.332071461778575,0,0,0,0,0.664142923557149,0,0.332071461778575,0.664142923557149,0
"J86_CORE3",881.979695431472,3475.04230118443,923.575860124083,826.988155668359,540.750141003948,2394.95205865764,241.821771009588,114.213197969543,37.366046249295,70.5019740552735,275.66271855612,0,15.5104342921602,21.1505922165821,45.8262831359278,59.9266779469825,16.2154540327129,4.93513818386915,15.5104342921602,1.41003948110547,11.9853355893965,10.575296108291,9.16525662718556,0,0,0.705019740552736,0,0,0.705019740552736,0,1.41003948110547,0,0,0,0.705019740552736,0,0,0.705019740552736,0.705019740552736
"J86_IN1",41.9217460739952,2665.69071067341,3751.66356135214,21.9590098482832,1550.10646792654,1466.59568804898,335.041256321533,1.66356135214267,0.332712270428533,14.3066276284269,85.8397657705616,0.332712270428533,0.332712270428533,0.332712270428533,0.332712270428533,4.32525951557093,0.332712270428533,27.9478307159968,0.665424540857067,10.3140803832845,7.9850944902848,0,7.9850944902848,2.32898589299973,0,0,0,0,0,0,0,0.665424540857067,0,0,0.9981368112856,0,0,0,0
"J86_IN2",330.69238718567,4194.28177747158,1202.89355838787,104.030313468825,167.413021012745,3603.1691353772,148.122631760248,1.37788494660696,2.06682741991044,18.6014467791939,74.4057871167758,0,1.37788494660696,0,0,55.8043403375818,10.3341370995522,31.69135377196,11.0230795728557,9.64519462624871,10.3341370995522,4.13365483982088,14.4677919393731,0,0.688942473303479,0,0,0,0,0,0,0,0,0,3.4447123665174,0,0,0,0
"J86_IN3",473.669282405219,3495.16245942454,1672.18177807192,292.30090447827,204.531845829,3256.27934827141,158.362484636475,15.2847373231225,6.61813368630046,77.6842835082412,147.80498566071,0,10.2423497526079,2.52119378525732,2.04846995052157,44.7511896883174,7.09085752103621,25.6846616873089,21.11499795153,5.19996218209322,6.14540985156472,5.19996218209322,66.4964860861618,0.787873057892912,0.945447669471495,0,0.157574611578582,0.157574611578582,0.157574611578582,0,0.157574611578582,0.157574611578582,0,0,0.787873057892912,0,0,0.315149223157165,0
"K103",967.759991044442,2363.14787865219,1511.25041979178,2234.97145415874,32.4638979066383,742.191872831076,594.984887495802,212.13478114855,33.023620284339,141.609761558267,689.577969327214,0,38.6208440613456,38.0611216836449,87.316690921303,200.940333594537,0,7.83611328780925,15.1125041979178,4.47777902160528,9.51528042091123,29.1055636404343,22.9486174857271,0,10.0750027986119,1.11944475540132,1.11944475540132,1.11944475540132,1.67916713310198,1.67916713310198,0,0,0,0,0,0,0,6.15694615470727,0
"K103_CONINT",1016.96038160859,2583.80813568305,2185.63667682523,1801.3780310057,20.5379621041473,634.689280508811,539.287133960514,86.1269378561018,44.3884987412217,87.4519676692726,653.902212799788,0,19.2129322909765,5.30011925268319,17.2253875712204,184.179144030741,0,7.28766397243938,14.5753279448788,1.3250298131708,6.62514906585398,25.1755664502451,35.7758049556115,0,8.61269378561018,1.3250298131708,2.65005962634159,0,9.27520869219557,5.96263415926858,0,0,0,0,0.662514906585398,0,0,0.662514906585398,0
"K103_CORE1",530.064477432899,2944.21952316689,2860.24891288049,772.229719598141,1087.86924576398,491.07812265707,464.087569350727,202.429149797571,41.235567551357,95.2166741640426,377.867746288799,0,11.2460638776428,6.74763832658569,22.4921277552857,47.2334682860999,4.49842555105713,0.749737591842855,5.99790073474284,2.24921277552856,5.99790073474284,9.74658869395711,10.4963262858,0.749737591842855,0,0,0,0,0,0.749737591842855,0,2.24921277552856,0,0,0,0.749737591842855,0.749737591842855,0,0.749737591842855
"K103_CORE2",669.083654639274,3374.76741286375,916.920834052675,858.798028044733,84.0191057144501,2791.8129328039,506.608352036217,80.3744413113119,13.4277109589304,58.6982793347528,268.746043620878,0.767297769081736,10.3585198826034,77.3052502349849,45.8460417026338,89.9656634248336,3.45283996086781,19.3742686693138,22.0598108610999,11.509466536226,17.2641998043391,31.6510329746216,30.3082618787286,0,4.98743549903129,3.83648884540868,0.575473326811302,0,0.767297769081736,0.383648884540868,0,0,0.767297769081736,0,3.26101551859738,0,0,1.91824442270434,0
"K103_CORE3",485.209235209235,2814.45406445406,983.345358345358,503.246753246753,1294.19191919192,3203.16257816258,217.953342953343,74.8556998556999,17.1356421356421,62.8306878306878,166.546416546417,0,8.71813371813372,3.60750360750361,32.1669071669072,56.2169312169312,13.8287638287638,3.00625300625301,20.4425204425204,2.1043771043771,6.01250601250601,12.025012025012,12.025012025012,0,2.1043771043771,0.601250601250601,0,0,0,0,0,0.300625300625301,0,0,3.60750360750361,0,0,0.300625300625301,0
"K103_IN1",216.136079900125,3238.92009987516,2893.25842696629,63.5923845193508,1019.42883895131,2014.66916354557,303.916978776529,10.143570536829,5.07178526841448,21.8476903870162,130.305867665418,0,1.5605493133583,0,0.780274656679151,16.7759051186017,0.780274656679151,21.4575530586767,7.02247191011236,5.46192259675406,9.36329588014981,3.90137328339576,10.9238451935081,0.390137328339576,0,0,0,0,0.390137328339576,0,0.390137328339576,3.1210986267166,0,0,0.390137328339576,0,0,0,0
"K103_IN2",418.829425451942,4150.34902452121,1335.95847503132,192.231967066404,64.7932700912833,3240.02147843207,179.702881689637,3.22176481116878,0.715947735815285,46.8945766959012,155.718632539825,0,2.14784320744586,6.80150349024521,0,57.9917666010381,5.72758188652228,21.4784320744586,39.7350993377483,20.7624843386433,12.5290853767675,20.046536602828,21.4784320744586,0,0,0,0.357973867907643,0,0,0,0.715947735815285,0,0,0,1.78986933953821,0,0,0,0
"K103_IN3",161.257635853044,2473.87163081555,2329.11612286848,62.8238904490316,1304.53663761906,3010.04603225153,97.8547233722243,3.47413219072986,1.44755507947077,319.620161547147,123.042181755016,0,1.44755507947077,2.89511015894155,0.289511015894155,8.39581946093049,2.31608812715324,5.50070930198894,31.846211748357,1.73706609536493,5.79022031788309,1.15804406357662,40.8210532410758,0,0,1.44755507947077,0,0,0,0,0,4.92168727020063,0,0,3.76364320662401,0.57902203178831,0,0,0
"L117",1231.68473473204,2301.02655376373,2168.34762598206,1858.40389766823,68.8564083202992,289.268827643241,609.819678909804,339.248152742571,85.0367653668447,125.847221473132,664.293547633173,0.179781744961617,25.8885712744728,18.1579562411233,46.2039084551355,107.329701742085,0,3.41585315427072,5.3934523488485,0.719126979846466,9.52843248296568,19.9557736907394,7.73061503334951,0,6.4721428186182,0,0.179781744961617,0.359563489923233,2.51694442946263,1.43825395969293,0.719126979846466,0,0.179781744961617,0,0,0,0.53934523488485,1.25847221473132,0
"L117_CONINT",972.305240087667,2850.59630546779,1926.96325392082,1609.59781402101,11.3853072609797,1030.93957248171,501.238152164632,51.5185153559332,17.6472262545185,68.8811089289272,633.876981755045,0,9.10824580878377,8.53898044573478,15.3701648023226,187.857569806165,0,8.82361312725927,16.7933282099451,1.70779608914696,8.25434776421029,25.0476759741554,23.0552472034839,0,7.6850824011613,0,1.13853072609797,1.70779608914696,3.7002248598184,3.7002248598184,1.42316340762246,0,0,0,0,0,0,1.13853072609797,0
"L117_CORE1",770.31008839624,2578.45750900332,2701.93162153314,1153.8281651934,431.223983910949,426.079229222207,671.156634395024,355.455778494925,39.2872176231233,86.0577147935083,654.319255413685,0,14.0311491511155,2.8062298302231,29.9331181890464,43.496562368458,0,11.2249193208924,1.8708198868154,1.8708198868154,9.35409943407698,8.88639446237313,3.27393480192694,0,0,0,0,0,3.74163977363079,0,0,0,0,0,0.467704971703849,0,0.935409943407698,0,0
"L117_CORE2",1408.21701343166,2447.45851988412,2334.73795101396,1461.15354227021,119.568080063208,428.496181195681,595.470107979984,191.203581775086,81.1166710560969,85.0671582828549,634.448248617329,0,18.698972873321,27.916776402423,34.7642875954701,69.265209375823,2.37029233605478,3.16038978140637,5.26731630234396,5.79404793257835,16.3286805372663,11.5880958651567,10.5346326046879,0,3.95048722675797,0.263365815117198,0,0,2.10692652093758,0,0,0.526731630234396,0,0,0.263365815117198,0,0,0,0
"L117_CORE3",544.785976937632,3609.65335046946,2471.52904216201,539.430937845846,1026.02548998608,745.421441576524,388.06183285138,116.382849594802,20.7061511549034,68.5445003748527,326.657384598908,0,8.21105994073757,10.3530755774517,12.4950912141659,43.554317946521,0.357002606119025,6.06904430402342,10.3530755774517,0.357002606119025,32.4872371568312,4.99803648566635,7.14005212238049,0,2.49901824283317,1.07100781835707,0,0,0.714005212238049,0,1.07100781835707,0,0.357002606119025,0,0.714005212238049,0,0,0,0
"L117_IN1",239.864974520432,4094.25817131358,1089.94125093317,78.8730565743776,249.602388912331,3848.22616767828,203.187380310948,1.94748287837969,0.324580479729949,22.7206335810964,71.4077055405888,0,0.324580479729949,0.973741439189847,0,32.7826284527249,2.27206335810964,12.3340582297381,12.658638709468,2.59664383783959,2.92122431756954,3.89496575675939,26.9401798175858,0.324580479729949,0,0,0,0,0,0,0,0,0,0.324580479729949,0.973741439189847,0,0,0,0.324580479729949
"L117_IN2",329.195015314115,4498.14126394052,2248.01851721961,47.4620654181572,533.772883495827,1690.86530593159,181.197540389516,2.80563933506348,0,47.4620654181572,284.538589231021,0.233803277921956,0.467606555843913,31.7972457973861,0,21.50990156882,2.80563933506348,14.9634097870052,6.78029505973674,15.1972130649272,30.6282294077763,0.935213111687826,9.1183278389563,0,0,0,0,0,0,0,0,0,0,0,1.87042622337565,0,0,0,0
"L117_IN3",288.640352025983,4460.56732758846,1357.81450535635,90.363812567118,317.713926504099,2891.90392624218,138.033997747453,3.14308913276932,0,78.0533801304382,200.371932214044,0,0.523848188794887,2.35731684957699,0,43.7413237643731,2.88116503837188,10.4769637758977,19.1204588910134,6.54810235993609,51.5990465962964,5.76233007674376,20.4300793630006,0,0,1.30962047198722,0,0,0,0,0.523848188794887,0.523848188794887,0,0,6.28617826553865,1.30962047198722,0,0,0
"M132",1176.43838616084,2318.93578584332,2459.07921388296,1694.31214758855,59.6704439700005,223.901023703947,685.936388022116,238.681775880002,79.9255488038539,117.151146876882,695.242787540373,0,26.2768927574314,8.21152898669732,48.1743033886243,122.0780642689,0,6.02178792357804,7.11665845513768,1.09487053155964,4.37948212623857,15.8756227076148,4.92691739201839,0,4.92691739201839,0,0,0,0,0,0.547435265779821,0,0,0,0,0,0,1.09487053155964,0
"M132_CONINT",1088.12423549434,2538.42471945966,1950.22070946126,1909.26979737276,13.2957506780833,782.32196989842,569.058129021965,54.2466627665798,22.8686911663033,72.8607137158964,679.678774663618,0.531830027123331,10.1047705153433,9.57294048821996,14.3594107323299,144.125937350423,0,9.57294048821996,20.2095410306866,4.25464021698665,7.44562037972664,53.1830027123331,14.3594107323299,0,10.6366005424666,0,1.59549008136999,1.59549008136999,5.31830027123331,6.91379035260331,3.19098016273999,0,0,0,0,0,0,2.12732010849333,0
"M132_CORE1",425.603783144739,3743.87772335754,2880.0033778078,479.226482013173,746.917750380003,786.606992062152,333.13629454484,150.734673197095,16.8890390136801,62.0672183752745,251.224455328492,0,7.60006755615605,5.06671170410404,14.7779091369701,51.0893430163824,0.422225975342003,9.71119743286607,6.33338963013005,3.80003377807803,8.44451950684006,7.60006755615605,4.22225975342003,0.422225975342003,0.422225975342003,0,0,0,0.422225975342003,0.844451950684006,0,0.422225975342003,0,0,1.68890390136801,0,0.422225975342003,0,0
"M132_CORE2",835.274362168897,3889.82178646877,2047.55972049185,694.436921076865,96.419478901468,1133.19971832512,388.386327934565,111.586587942148,23.8340284924977,52.0015167109041,565.516494231082,0,17.8755213693733,9.75028438329451,16.7921564378961,50.9181517794269,0,2.70841232869292,8.66691945181734,2.70841232869292,16.7921564378961,13.5420616434646,18.9588863008504,0,1.08336493147717,1.08336493147717,0,0,0,0.541682465738584,0,0,0,0,0,0,0,0.541682465738584,0
"M132_CORE3",629.718071175474,3407.79540902788,2005.08396240949,644.738869203513,674.395316592204,1263.2876290248,484.902172238484,178.708981666923,11.1693113541827,90.5099368356185,432.521953474041,0,9.62871668464027,6.54752734555538,24.2643660452935,47.7584347558157,1.92574333692805,4.23663534124172,20.0277307040518,0.385148667385611,27.3455553843784,15.0207980280388,9.62871668464027,0,0.385148667385611,4.62178400862733,1.15544600215683,0,0.385148667385611,0,0.385148667385611,0,0,1.54059466954244,1.54059466954244,0,0,0,0.385148667385611
"M132_IN1",30.990280321172,3529.13555899892,3197.63346950275,28.1729821101564,553.129548762737,2390.47753204677,154.95140160586,1.87819880734376,0,19.7210874771094,67.6151570643753,0,0.469549701835939,0.469549701835939,0,4.22594731652345,0,5.63459642203127,3.28684791285158,0.939099403671879,0.939099403671879,0.469549701835939,5.63459642203127,0,0,0,0,0,0,0,0,2.3477485091797,0,0,0,1.40864910550782,0,0,0.469549701835939
"M132_IN2",243.192980782986,4686.94864336465,1668.97143674598,118.258547518001,49.1154451385246,2517.7626245768,230.318058270946,3.33794287349196,0.476848981927424,28.134089933718,252.729960421534,0.953697963854847,0.476848981927424,40.532163463831,0.953697963854847,39.1016165180487,3.81479185541939,30.5183348433551,31.47203280721,15.736016403605,10.0138286204759,9.53697963854847,14.7823184397501,0,0,0,0,0,0,0,0,0,0,0,2.86109389156454,0,0,0,0
"M132_IN3",503.416856492027,3411.54138192863,2290.81245254366,596.051632498102,52.3917995444191,2006.07441154138,462.414578587699,9.87091875474563,5.31511009870919,54.6697038724374,338.648443432043,0,12.1488230827639,3.79650721336371,1.51860288534548,116.932422171602,1.51860288534548,25.8162490508732,12.1488230827639,12.1488230827639,15.9453302961276,37.2057706909643,21.2604403948368,0,0.759301442672741,3.79650721336371,1.51860288534548,0,0,0,0,0,0,0,2.27790432801822,0,0,0,0
"N150",989.117551987932,2175.41213231333,1687.31817692059,2659.73494235535,32.3241030061416,502.101066695399,596.379700463312,201.486908738282,42.5600689580864,139.532377976511,571.597888158604,0,21.010666953992,33.4015731063463,109.363215170779,153.00075422907,0,7.54229070143304,10.7747010020472,0.53873505010236,5.92608555112596,28.5529576554251,13.468376252559,0,11.8521711022519,0,0.53873505010236,0,0.53873505010236,1.61620515030708,0.53873505010236,0,0,0,0,0,1.61620515030708,2.15494020040944,0
"N150_CONINT",960.503017381563,2784.30238860984,2555.43911634686,1577.34976330719,48.9044676519833,441.465206759898,619.737650417374,139.606596080415,50.5908286054999,68.1771642636023,584.926342162637,0.481817415290476,19.8749683807321,9.87725701345475,9.27498524434166,77.0907864464761,0,5.17953721437261,6.86589816788928,0.843180476758332,6.9863525217119,16.9840638889893,7.10680687553452,0,1.9272696611619,0,0.240908707645238,0.120454353822619,1.68636095351666,2.77045013792024,1.44545224587143,0,0,0.240908707645238,0,0,0,0,0
"N150_CORE1",670.239513034273,3624.1233293635,2280.33611221384,831.679237792775,214.701601164483,1105.92827841736,451.568082572449,205.769485245468,29.1120815138282,85.3513298928146,348.352520841604,0.992457324335054,11.9094878920206,6.94720127034538,18.1950509461427,57.5625248114331,1.32327643244674,5.29310572978695,17.864231838031,4.96228662167527,9.59375413523885,9.59375413523885,5.95474394601032,0,0.661638216223369,0,0.330819108111685,0,0.992457324335054,0,0.330819108111685,0,0,0.330819108111685,0,0,0,0,0
"N150_CORE2",716.692189892803,3976.26339969372,1408.88208269525,1054.36447166922,59.7243491577335,1510.71975497703,372.894333843798,111.791730474732,11.4854517611026,91.1179173047473,382.08269525268,0,6.89127105666156,22.2052067381317,37.5191424196018,103.369065849923,0,6.89127105666156,56.6615620214395,10.7197549770291,12.2511485451761,22.9709035222052,16.0796324655436,0,3.06278713629403,2.29709035222052,0,0,0,0,1.53139356814701,0,0,0,0,0,0.765696784073507,0.765696784073507,0
"N150_CORE3",799.950948332243,3717.70765206017,962.638979725311,952.419882275997,390.369522563767,2125.16350555919,346.631785480706,91.1543492478744,13.080444735121,76.4388489208633,258.33878351864,0.408763897972531,9.40156965336821,18.3943754087639,42.5114453891432,80.1177240026161,1.22629169391759,6.5402223675605,35.5624591236102,3.27011118378025,23.2995421844343,17.9856115107914,9.81033355134075,0,1.22629169391759,3.67887508175278,0.817527795945062,0,1.22629169391759,0,2.86134728580772,0,0.408763897972531,0.817527795945062,5.3139306736429,0,0.408763897972531,0.408763897972531,0.408763897972531
"N150_IN1",202.845258906504,2912.47212007957,4116.28187353065,106.998613539092,682.379890288746,639.279040327928,766.773162939297,8.43932726505516,1.80842727108325,28.0306227017903,414.732654168425,0.301404545180541,0.904213635541624,1.50702272590271,0,16.8786545301103,0,40.9910181445536,8.43932726505516,8.43932726505516,31.3460726987763,4.52106817770812,5.72668635843029,0,0,0,0,0,0,0,0,0,0,0,0.904213635541624,0,0,0,0
"N150_IN2",394.959479918069,4127.70504942559,1675.1269035533,267.610650992965,40.5200819307151,2684.56674681628,250.690177219699,9.79606376346959,4.89803188173479,35.1767744233681,277.851990382046,0.445275625612254,2.67165375367352,27.6070887879597,0,67.2366194674504,0.890551251224508,19.5921275269392,23.5996081574495,19.1468519013269,35.6220500489803,16.0299225220411,16.9204737732657,0,0,0,0,0,0,0,0.445275625612254,0,0,0,0.890551251224508,0,0,0,0
"N150_IN3",450.233281493002,4501.94401244168,1544.71228615863,571.53965785381,46.656298600311,1968.89580093313,288.880248833593,6.22083981337481,1.16640746500778,73.4836702954899,223.172628304821,0,0,12.0528771384137,1.16640746500778,79.7045101088647,0,15.552099533437,64.5412130637636,63.3748055987558,15.552099533437,33.8258164852255,27.6049766718507,0,0,4.27682737169518,1.16640746500778,0,0.388802488335925,0.777604976671851,1.94401244167963,0,0,0,1.16640746500778,0,0,0,0
"P168",1175.50264822338,2211.13796472464,1502.03116161876,2491.3868463002,32.3957422738726,553.29870931249,565.639944464442,173.291510258652,56.0497763151129,138.324677328123,674.65418830668,0,24.6824703039029,37.5379235871857,92.0450455083046,170.206201470664,0,9.25592636396359,14.3981076772767,1.54265439399393,8.22749010130097,36.5094873245231,14.912325808608,0,10.2843626266262,0,0.514218131331311,0.514218131331311,2.05687252532524,2.57109065665655,0,0,0.514218131331311,0,0,0,0.514218131331311,0,0
"P168_CONINT",818.91299049476,2759.65321541729,2207.79220779221,1898.26259531353,11.4898506319418,618.014693081717,614.881097454824,91.2224504717802,29.943247101424,81.4734862992236,596.427700985342,0.348177291877024,10.7934960481877,9.74896417255667,13.5789143832039,142.404512377703,0,8.00807771317155,11.1416733400648,1.39270916750809,10.0971414644337,29.24689251767,20.5424602207444,0,6.96354583754048,0,1.04453187563107,0.696354583754047,1.74088645938512,2.43724104313917,1.39270916750809,0,0,0,0,0,0,0.348177291877024,0
"P168_CORE1",930.970913560016,3063.29373207702,2564.52273658337,954.526833265055,218.1482998771,639.594428512905,522.326915198689,288.303973781237,49.6722654649734,145.432199918066,487.50512085211,0,10.7537894305612,3.58459647685375,25.0921753379762,56.3293732077018,0,6.65710774272839,7.1691929537075,3.58459647685375,7.6812781646866,9.72961900860303,2.56042605489553,0,0.512085210979107,0,0,0,0.512085210979107,0.512085210979107,0,0,0,0,0,0,0.512085210979107,0.512085210979107,0
"P168_CORE2",522.845396012722,4081.52974943759,2079.74555891707,308.742533550539,163.680086882321,1873.4000465441,221.860212551392,24.8235202854705,1.55147001784191,20.9448452408657,427.817857419905,0,1.93933752230238,18.2297727096424,4.65441005352572,49.647040570941,0.387867504460476,27.9264603211543,33.7444728880614,14.3510976650376,68.2646807850438,2.71507253122333,49.647040570941,0,0,0,0,0,0,0,0.775735008920953,0,0,0,0,0,0,0.775735008920953,0
"P168_CORE3",312.288954612142,4564.63519713095,979.250599659999,347.220605016185,742.879765259309,2287.55734612608,231.247525674763,18.6302135488228,1.86302135488228,63.3427260659975,254.535292610792,0,0.698633008080855,17.6987028713817,2.09589902424257,24.4521552828299,1.86302135488228,8.15071842760998,31.6713630329988,4.42467571784542,47.2741668801379,17.2329475326611,19.0959688875434,0,0,11.411005798654,1.630143685522,0,0,0.232877669360285,1.630143685522,0,1.16438834680143,0.232877669360285,4.42467571784542,0.46575533872057,0,0,0.46575533872057
"P168_IN1",181.175714744619,4418.67437627155,1621.15858228932,29.3393296926866,116.286540314809,3394.15354963058,107.720312667309,3.85480244137488,0,13.4918085448121,56.3229467823107,0,0,0.214155691187493,0,17.1324552949995,0.64246707356248,9.20869472106221,3.42649105899989,9.6370061034372,5.56804797087483,1.92740122068744,8.56622764749973,0,0,0,0,0.428311382374987,0,0,0,0.428311382374987,0,0,0.214155691187493,0,0,0,0.214155691187493
"P168_IN2",342.990139033503,3684.69406504563,3062.41195565628,75.3353341091444,547.559257671342,1012.43339253996,751.51589391805,5.51234152018129,0,17.7619893428064,289.704171005084,0.612482391131255,0.612482391131255,9.79971825810008,0.612482391131255,21.4368836895939,0,52.0610032461567,4.89985912905004,32.4615667299565,49.6110736816317,1.83744717339376,35.5239786856128,0,0,0,0,0,0,0,0,0,0,0,0.612482391131255,0,0,0,0
"P168_IN3",230.297855241348,4157.66738660907,1524.18504194083,163.996182630971,105.731076397609,2898.94017780903,452.559144105681,0.753428097845196,0,68.5619569039128,180.822743482847,0,0,11.3014214676779,0,44.4522577728665,70.5710984981667,5.27399668491637,9.04113717414235,6.52971018132503,23.6074137324828,11.0502787683962,24.360841830328,0,0,4.01828318850771,2.76256969209905,0,0,0.251142699281732,1.00457079712693,0.251142699281732,0,0,1.75799889497212,0,0,0,0
"Q201",946.946946946947,2315.31531531532,1878.87887887888,2161.82849516183,19.6863530196864,419.085752419086,685.352018685352,320.987654320988,52.0520520520521,147.814481147814,658.658658658659,0,22.6893560226894,27.6943610276944,105.438772105439,147.480814147481,0,4.67133800467134,7.34067400734067,1.66833500166834,7.34067400734067,29.029029029029,18.3516850183517,0,13.013013013013,0.333667000333667,0.667334000667334,1.33466800133467,2.33566900233567,1.66833500166834,1.001001001001,0,0,0,0,0,1.001001001001,0.333667000333667,0
"Q201_CONINT",804.121725731895,2950.21186440678,1964.72136620442,1922.99049820236,12.8402670775552,694.176938880329,568.181818181818,118.772470467386,26.8040575243965,83.3012326656394,580.219568567026,0,17.1738572162301,6.90164355418593,20.8654340010272,137.872367745249,0,6.74114021571649,12.037750385208,2.08654340010272,4.012583461736,28.088084232152,24.7175141242938,0,4.33359013867488,0.16050333846944,0.642013353877761,0,1.12352336928608,5.45711350796097,1.12352336928608,0,0.16050333846944,0,0,0,0,0.16050333846944,0
"Q201_CORE1",570.787751178652,3362.01766832975,1667.9635647915,1087.10578111411,68.2015837414748,1763.62887352955,385.865336201767,234.357119970705,20.5977937474253,135.487709983064,412.413603698448,0,10.527761248684,15.5627774980547,67.743854991532,96.5807662379274,0,8.69684624891289,17.8514212477686,15.1050487481119,13.7318624982835,18.7668787476541,18.7668787476541,0,3.20410124959949,1.37318624982835,0,0,1.83091499977114,0,0,0,0,0,1.37318624982835,0,0,0.457728749942784,0
"Q201_CORE2",1435.74700634895,2699.1079321707,1607.73125452061,1260.9499316885,53.8455356425299,1152.05336333682,581.853250823756,196.094189504139,38.1740737764205,113.718556618179,495.057462026842,0,22.9044442658523,43.397894398457,63.0876798199791,106.485574218436,2.41099413324761,5.22382062203649,50.6308767981998,12.8586353773206,14.4659647994857,19.6897854215221,10.8494735996142,0,5.62565297757775,0,0,0,2.81282648878888,1.2054970666238,1.2054970666238,0,0,0,1.60732942216507,0,0,1.2054970666238,0
"Q201_CORE3",1066.89353120963,2734.66301162681,1503.60777641239,1644.13775719192,111.856823266219,812.616189305858,660.112802092195,311.9387465734,31.8240539433469,152.503387213662,539.118379178876,0,22.3713646532438,19.8506475092164,105.870120049154,126.350946844377,17.6450200081923,5.04143428805495,14.1790339351546,1.89053785802061,26.4675300122885,38.1258468034156,23.3166335822541,0,7.24706178907899,11.9734064341305,0,0.630179286006869,2.20562750102404,1.89053785802061,1.57544821501717,0,1.89053785802061,0,0,0,1.89053785802061,0.315089643003435,0
"Q201_IN1",107.159650555597,3021.0112109288,3518.20229168213,64.5927685797015,807.533348182246,1964.26361769,199.470388794021,9.89927487811518,2.72230059148167,21.7784047318534,154.67616997055,0.494963743905759,1.73237310367016,0.989927487811518,0.494963743905759,35.8848714331675,16.33380354889,9.40431113420942,1.97985497562304,18.0661766525602,24.7481871952879,1.2374093597644,6.68201054272775,0.247481871952879,0,0,0,0,0,0,0,7.42445615858638,0,0,1.97985497562304,0,0,0,0.742445615858638
"Q201_IN2",589.158929546696,4839.56854178045,1360.25395958493,350.218459858001,63.1485527034407,1922.10540688149,263.858547241944,3.75477880939377,1.36537411250683,28.3315128345167,250.887493173129,0,0.682687056253413,56.6630256690333,0.341343528126707,130.051884216275,2.38940469688695,22.5286728563626,22.1873293282359,35.1583833970508,25.600764609503,17.0671764063353,14.3364281813217,0,0,0,0,0,0,0,0.341343528126707,0,0,0,0,0,0,0,0
"Q201_IN3",505.30337966928,4413.3342117399,1787.66717175044,486.527439225245,45.4575400223994,1815.00757625667,346.531392054813,31.6226365373213,7.57625667039989,46.1163449502602,275.70986230977,0,7.57625667039989,17.7877330522432,5.92924435074774,75.7625667039989,0,20.4229527636867,14.8231108768694,13.5055010211476,38.2106858159299,14.1643059490085,22.0699650833388,0,0.988207391791291,2.63521971144344,3.2940246393043,0,0.988207391791291,0,0.65880492786086,0,0,0,0,0,0,0.32940246393043,0
"R254",944.626048599898,2147.2175180182,1776.81068094994,2424.6780355244,19.8889370249301,429.285967468788,651.805757945729,280.808160371785,59.6668110747903,140.010239848765,701.8234807609,0,27.7657437674767,35.4456303414596,104.958449844433,171.123626481824,0,3.93840337127329,12.4059706195109,0.196920168563664,5.90760505690993,19.1012563506754,17.7228151707298,0,14.9659328108385,0.590760505690993,0.393840337127329,0.393840337127329,2.95380252845496,1.57536134850931,0.196920168563664,0,1.37844117994565,0,0.196920168563664,0,0.196920168563664,1.96920168563664,0
"R254_CONINT",836.328241988619,2604.07307577119,2073.97424378556,2058.50054906659,4.99151442547669,677.598083258461,613.956274333633,118.298891883798,28.4516322252171,72.1273834481382,637.665967854647,0.499151442547669,17.4703004891684,8.23599880203654,21.2139363082759,142.507736847359,0,4.99151442547669,12.4787860636917,1.49745432764301,4.49236298292902,20.9643605870021,22.9609663571928,0,6.98812019566737,0,0.249575721273834,0.499151442547669,1.49745432764301,3.24448437655985,2.24618149146451,0,0.998302885095338,0,0,0,0.249575721273834,0.748727163821504,0
"R254_CORE1",686.181932640856,3142.27258419893,2124.64589235127,846.710733396286,586.087503934529,1217.50078690589,416.745357255272,198.929807994964,39.030531948379,100.723953415172,440.982058545798,0,13.5347812401637,6.61000944287063,19.2005036197671,39.3452943028014,10.701920050362,9.44287063267233,23.9219389361032,13.2200188857413,30.2171860245515,4.72143531633617,13.2200188857413,0,1.25904941768964,5.98048473402581,0,0,0,0.314762354422411,0.944287063267233,0,0,0.314762354422411,0.314762354422411,6.61000944287063,0,0,0.314762354422411
"R254_CORE2",1099.85655963809,3227.18746551914,2039.50126889551,892.4197285667,173.893854132186,568.023833167825,649.895178197065,373.827650888227,50.0937879289419,148.295266468057,578.174997241532,0.22067747986318,24.7158777446762,9.9304865938431,23.6124903453603,79.4438927507448,0.44135495972636,3.3101621979477,12.1372613924749,4.19287211740042,22.2884254661812,7.7237117952113,7.06167935562176,0,0.88270991945272,0,0.22067747986318,0,0.22067747986318,0.66203243958954,0.22067747986318,0,0.22067747986318,0,1.32406487917908,0,0,0,0
"R254_CORE3",728.624302114046,3798.06787529013,1491.12351797252,1137.31886330845,75.2775860987391,1236.43435167179,540.116680258453,147.418606110031,10.3506680885766,77.7868389686971,403.048742236999,0.627313217489493,7.84141521861866,10.0370114798319,38.5797628756038,140.518160717646,3.76387930493695,15.0555172197478,16.9374568722163,6.58678878363967,21.9559626121322,44.2255818330092,29.4837212220061,0,3.76387930493695,7.52775860987391,1.56828304372373,0,0,4.39119252242645,0.313656608744746,0,0.313656608744746,0,0,0,0,0.940969826234239,0
"R254_IN1",511.191721970545,3070.99513548754,3031.20977583123,611.992444124973,562.344327242942,960.030758429314,433.459821801708,186.389395028502,30.4240985607061,97.9589107504054,343.524849133248,0.167165376707176,11.5344109927952,6.01795356145835,14.3762223968172,45.3018170876448,6.3522843148727,16.2150415405961,11.0329148626736,13.2060647598669,16.3822069173033,11.0329148626736,3.34330753414353,0,0.668661506828706,0.167165376707176,1.50448839036459,0.167165376707176,0.501496130121529,0,0,1.33732301365741,0.167165376707176,0,0.668661506828706,0.167165376707176,0.167165376707176,0,0
"R254_IN2",664.0625,2964.19902912621,3529.65716019417,267.369538834951,727.77609223301,784.66322815534,404.657160194175,54.2324029126214,9.86043689320388,48.5436893203883,386.074029126214,0.758495145631068,3.03398058252427,24.2718446601942,3.03398058252427,46.2682038834951,0.379247572815534,6.82645631067961,4.55097087378641,10.618932038835,48.5436893203883,3.03398058252427,6.44720873786408,0,0,0,0,0,1.1377427184466,0,0,0,0,0,0,0,0,0,0
"R254_IN3",371.916272115624,4879.76576127585,1725.17443309245,327.996511338151,63.3877398455021,1672.22153002741,278.62571642163,1.86892599053077,0.467231497632694,65.5681535011214,292.642661350611,0.311487665088462,1.86892599053077,20.0909543982058,0.155743832544231,156.211064041864,0.467231497632694,15.2628955893347,17.7547969100424,20.5581858958385,24.919013207077,38.0014951407924,14.172688761525,0,0.155743832544231,3.73785198106155,3.11487665088463,0,0.467231497632694,0.778719162721156,1.24595066035385,0,0.467231497632694,0,0.311487665088462,0,0,0,0
"S303",896.855140948346,2277.00831024931,1341.04611373635,2732.27961544729,10.7544402802672,580.413883004725,531.530063548965,293.628808864266,52.794525012221,141.437184291999,673.94492423008,0,21.5088805605345,39.4329476943132,129.053283363207,161.316604204008,0,7.16962685351149,15.9687143555483,0.651784259410135,5.54016620498615,21.8347726902395,27.3749388952257,0,21.5088805605345,0.325892129705068,1.30356851882027,2.28124490793547,1.95535277823041,2.60713703764054,0.977676389115203,0,3.58481342675574,0,0,0,0.325892129705068,3.25892129705068,0
"S303_CONINT",837.771700014395,3121.25137949235,1515.04246437311,1939.44628376757,9.11664507461254,1058.49047550501,430.641523919198,84.9287462213905,22.0718775490619,76.0520128592678,606.016985749244,0,11.035938774531,5.03814596228588,20.3924955616333,130.751883306943,0,9.35655678710235,12.4754090494698,3.35876397485725,4.79823424979608,28.069670361307,50.141547910369,0,7.91708651216352,0.719735137469411,1.91929369991843,1.91929369991843,1.91929369991843,5.75788109975529,1.67938198742863,0,1.19955856244902,0,0,0,0,0.719735137469411,0
"S303_CORE1",539.346308226802,4327.25064930684,1379.22892704152,874.962053496138,264.444969136843,1693.59463014808,189.90117043883,108.274024353223,8.43255641380241,91.4089115256181,184.504334333997,0,6.07144061793773,42.162782069012,25.2976692414072,70.158869362836,27.996087293824,21.9246466758863,8.09525415725031,39.4643640165953,19.2262286234695,12.1428812358755,39.4643640165953,0.337302256552096,1.01190676965629,16.1905083145006,1.01190676965629,1.01190676965629,0.674604513104193,0,0.337302256552096,0,0,0,4.72223159172935,0,0.674604513104193,0,0.674604513104193
"S303_CORE2",905.159365134282,3836.43990831639,1368.76702849976,1021.92622064611,75.6822211650737,1312.11348008476,402.629416598192,121.524023699347,12.9740950568698,94.2784240799204,447.606279462008,0.432469835228993,8.64939670457986,30.7053583012585,29.4079487955715,158.71642952904,0,16.0013839034727,22.0559615966786,20.3260822557627,21.6234917614496,19.0286727500757,42.8145136876703,0,4.32469835228993,11.2442157159538,4.32469835228993,0.432469835228993,3.89222851706094,3.89222851706094,0.432469835228993,0,2.59481901137396,0,0,0,0,0,0
"S303_CORE3",494.098658327449,3495.81357812973,2005.24563704227,475.537173408655,850.600221930798,1530.91899525875,292.343387470998,99.4653485322304,13.7193584182387,96.4390194693836,427.51941894482,0.605265812569353,4.84212650055483,8.07021083425805,9.88600827196611,40.1492989004338,2.82457379199032,5.44739231312418,17.1491980227983,38.5352567335822,48.6230202764047,8.47372137597095,8.2719661051145,0,2.21930797942096,15.7369111268032,0.201755270856451,0.807021083425804,0.605265812569353,0.403510541712902,0.403510541712902,0.201755270856451,0.403510541712902,2.82457379199032,0.807021083425804,0.403510541712902,0,0,0.403510541712902
"S303_IN1",230.679837303893,4087.15862870424,2106.91458454387,72.9227193492156,462.812318419524,2665.02033701336,139.453805926787,2.32423009877978,0.871586287042417,34.8634514816967,69.4363742010459,0,1.74317257408483,1.74317257408483,0,29.9244625217897,28.4718187100523,11.9116792562464,7.55374782103428,6.10110400929692,6.10110400929692,9.58744915746659,16.8506682161534,0.581057524694945,0,1.16211504938989,0.290528762347472,0,0.871586287042417,0,0,0,0,0,4.35793143521209,0,0,0,0.290528762347472
"S303_IN2",640.519701293182,4618.72381761884,1374.84062898428,240.118997025074,126.586121061259,2274.90741302896,125.978993382308,16.6960111711493,2.73207455527898,67.0876085240726,201.869953251169,0,0.910691518426325,22.1601602817072,0.910691518426325,115.657822840143,0,25.1957986764617,18.8209580474774,35.8205330581021,20.64234108433,44.016756723939,21.5530326027564,0,0,1.51781919737721,2.12494687632809,0,0.303563839475442,0,0,0,0,0,0.303563839475442,0,0,0,0
"S303_IN3",307.629204265792,3635.92083675144,2263.12551271534,127.409762100082,548.861771944217,2508.20344544709,217.391304347826,6.15258408531583,2.30721903199344,29.7374897456932,199.446267432322,1.79450369155045,3.5890073831009,22.0467596390484,0,22.5594749794914,0,14.6123872026251,9.99794913863823,15.6378178835111,49.4770303527482,4.10172272354389,6.40894175553733,0,0,0,0,0,0,0,0,0.769073010664479,0,0,2.81993437243642,0,0,0,0
"T340",923.866812492405,2294.93255559606,1264.73447563495,2583.24219224693,37.6716490460566,616.721351318508,563.251913962814,324.15846396889,47.6971685502491,140.053469437356,701.482561672135,0,30.987969376595,36.1526309393608,97.8247660712116,161.319722931097,0,6.37987604812249,47.0895613075708,0.607607242678333,8.50650139749666,46.1781504435533,33.7222019686475,0,16.7091991736542,1.51901810669583,1.21521448535667,1.21521448535667,4.25325069874833,2.43042897071333,0.911410864017499,0,1.21521448535667,0,0,0,0.303803621339166,3.64564345607,0
"T340_CONINT",860.420362630424,2947.95080734883,1312.3552936224,2137.59509276243,6.76549297892173,1134.0469675557,462.910064046667,100.429984664883,24.9571518778002,85.6962443996753,607.541269507171,0,20.7475118020266,9.47169017049042,30.6702348377785,133.505728117389,0,4.81101722945545,15.0344288420483,1.65378717262531,6.76549297892173,32.6247105872448,33.9778091830291,0,11.4261659199567,0.751721442102415,1.50344288420483,2.55585290314821,3.45791863367111,6.1641158252398,1.50344288420483,0,0.902065730522897,0,0,0,0,1.80413146104579,0
"T340_CORE1",278.165329612836,5468.25950470875,676.665504011161,337.02476456226,374.084408789676,2167.77118939658,284.269271014998,45.3435647017789,1.30798744332054,49.2675270317405,118.154865713289,0.435995814440181,6.9759330310429,0.871991628880363,12.2078828043251,60.6034182071852,40.9836065573771,11.7718869898849,6.53993721660272,3.05197070108127,3.05197070108127,9.15591210324381,15.2598535054063,0.435995814440181,0,16.1318451342867,5.23194977328218,1.30798744332054,0,0,0.871991628880363,0,0,0.435995814440181,2.61597488664109,0,0,0,1.74398325776073
"T340_CORE2",1081.4601417687,3310.71604563891,1647.39774837952,1043.17501231947,278.98866608544,854.781850574277,598.915886433418,193.700011371821,35.2526439482961,117.508813160987,517.038777908343,0,13.2671240665631,15.9205488798757,16.6786702551078,161.100792236837,0,6.0649710018574,9.47651719040218,12.888063378947,34.1154618854479,20.0902164436526,17.8158523179561,0,2.65342481331261,3.0324855009287,5.30684962662522,0.758121375232175,0.379060687616087,0.379060687616087,0,0,0,0,1.13718206284826,0,0,0,0
"T340_CORE3",522.657128847097,4210.38968530964,1920.44766217658,518.618939109868,321.901410481987,1466.43975886238,347.284317401713,144.797946292076,21.9216014306729,66.91857278837,276.90443912429,0,5.48040035766823,7.49949522628285,19.0371801897949,53.9386772044189,10.6723585912487,5.76884248175604,5.76884248175604,10.0954743430731,27.9788860365168,6.05728460584384,12.1145692116877,0.288442124087802,1.44221062043901,9.51859009489746,0.288442124087802,2.01909486861461,0,0.288442124087802,0.576884248175604,0,0,1.44221062043901,1.15376849635121,0,0,0,0.288442124087802
"T340_IN1",306.827238112105,4693.61551403524,1372.53165677854,145.665456477464,362.171256530594,2738.8647834942,120.871336225981,4.42752147347915,0,27.8933852829186,77.4816257858851,0.442752147347915,0,7.08403435756663,0.442752147347915,46.0462233241831,0.442752147347915,23.9086159567874,3.98476932613123,3.54201717878332,10.183299389002,15.496325157177,31.8781546090499,0,0,2.21376073673957,1.77100858939166,0,1.32825644204374,0,0,0,0,0,0.442752147347915,0,0,0,0.442752147347915
"T340_IN2",457.704475908926,4774.90794045952,1317.61838078938,424.251854156942,129.920647269333,2134.7440485452,205.383538198226,39.6763653337483,2.85254914164203,86.3544421969815,178.673305326487,0.777967947720554,7.26103417872517,10.8915512680878,10.8915512680878,125.77148488149,0.259322649240185,4.92713033556351,7.26103417872517,18.6712307452933,20.7458119392148,7.26103417872517,30.0814273118614,0,0,0.259322649240185,0,0,0.259322649240185,0,0,0.259322649240185,0,0,2.33390384316166,0,0,0,0
"T340_IN3",387.072420001162,4493.58267030606,1984.43579766537,317.091584877171,320.576107787909,1697.54341134793,283.407863406702,78.4017654916081,10.7439456414426,42.6854056565422,246.529995934723,0.290376909228178,4.93640745687903,6.6786689122481,8.13055345838899,33.1029676520123,5.51716127533539,7.84017654916081,6.96904582147628,5.80753818456356,33.1029676520123,3.77489981996632,10.7439456414426,0,0.290376909228178,3.19414600150996,1.45188454614089,2.32301527382543,0,0,0.580753818456356,0,0.290376909228178,0,2.6133921830536,0,0.290376909228178,0,0
"U357",1186.07531073705,2266.66055130028,2473.97147181581,1702.5180021098,58.2488648351144,185.295601522726,653.579782598725,288.033756822456,114.663119754162,171.536027152227,682.016236297757,0,30.2710636150988,18.346099160666,33.940283447232,87.60262349218,0,2.29326239508325,4.12787231114984,0,6.42113470623309,18.8047516396826,6.42113470623309,0,5.04517726918314,0,0,0,3.21056735311654,0.458652479016649,0,0,0,0,0,0,0,0.458652479016649,0
"U357_CONINT",966.818735654983,2499.78748122751,2864.18633645972,1452.21161202573,44.4872630415687,285.62523022867,690.827689779264,178.799127256241,75.0899662803548,92.9415431696466,681.760222152957,0,28.6191946955314,3.68365872318721,25.7856110623105,55.2548808478082,0,2.83358363322093,4.81709217647559,0,8.7841092629849,10.7676178062396,15.5847099827151,0,4.2503754498314,0.566716726644187,0.85007508996628,0.566716726644187,2.26686690657675,1.13343345328837,1.13343345328837,0,0,0,0,0,0,0.566716726644187,0
"U357_CORE1",881.743812778295,3131.92502847675,2263.12519415968,1232.26674950813,231.95609402506,294.087190638915,535.880708294501,323.599461530496,70.4152428290359,183.804494149322,598.529564046805,0,37.2786579683131,7.7663870767319,39.8674536605571,87.5012943978461,27.4412343377861,2.07103655379517,5.69535052293673,3.62431396914156,10.3551827689759,12.9439784612198,6.73086879983432,0,4.65983224603914,2.07103655379517,0,1.55327741534638,1.03551827689759,0,0.517759138448794,0,0,1.03551827689759,0.517759138448794,0,0,0,0
"U357_CORE2",1264.151787712,3215.64415805254,2219.53729807133,879.760146775854,254.172819617846,484.628809236139,507.450664518727,168.70273414776,58.6208439611581,92.6298832057994,622.007428290151,0,20.1369311316955,9.39723452812458,22.3743679241061,98.8947062245492,0,6.71231037723184,5.8173356602676,1.78994943392849,23.2693426410704,10.2922092450888,28.1917035843737,0,0.894974716964246,2.23743679241061,0,0.447487358482123,0.894974716964246,0.447487358482123,0,0,0,0,0,0,0.447487358482123,0.447487358482123,0
"U357_CORE3",564.3353201728,4717.28550336304,826.543446163942,819.434571006726,278.613222507792,1029.14638814458,806.310493793405,86.4001749876962,15.8582599660961,82.8457374090884,235.686553289222,0.27341827527752,12.0304041122109,14.4911685897085,38.2785585388527,101.164761852682,22.9671351233116,5.19494723027287,18.5924427188713,2.18734620222016,16.1316782413737,27.0684092524744,50.8557992016186,0,52.7697271285613,108.273637009898,6.01520205610543,38.8253950894078,0.546836550555039,0.546836550555039,0.27341827527752,0,3.00760102805272,7.10887515721551,7.38229343249303,0,0,0.27341827527752,3.28101930333023
"U357_IN1",343.340629185587,4335.04295841364,2457.93995622489,151.252817614583,1078.04384044951,836.954036130803,342.360589330633,9.80039854954101,3.26679951651367,15.6806376792656,211.035248766783,1.63339975825684,0.653359903302734,4.57351932311914,0.326679951651367,46.0618731828428,0,81.016628009539,5.88023912972461,7.51363888798145,21.2341968573389,13.0671980660547,21.5608768089902,0,0,5.55355917807324,4.57351932311914,0,0,0,0.653359903302734,0.653359903302734,0,0,0.326679951651367,0,0,0,0
"U357_IN2",390.78660479678,3470.11796276626,2788.61743165427,284.005143400235,1351.26069212277,909.040084977917,284.564208643149,12.8585005870185,10.0631743724493,35.7801755464863,251.579359311232,1.67719572874154,11.181304858277,6.70878291496618,0,83.8597864370772,0,7.82691340079387,9.50410912953542,11.7403701011908,43.0480237043663,7.26784815788002,24.5988706882093,0,0,1.1181304858277,0,0,1.1181304858277,0,0,0.559065242913848,0,0,1.1181304858277,0,0,0,0
"U357_IN3",650.705954573358,3731.12338858195,2452.4248004911,300.798035604665,457.335788827502,1259.05463474524,429.711479435236,25.1688152240638,3.68324125230203,44.1988950276243,429.097605893186,1.22774708410068,8.59422958870473,9.20810313075506,0.613873542050338,74.8925721301412,5.52486187845304,6.13873542050338,12.8913443830571,1.84162062615101,54.63474524248,5.52486187845304,20.2578268876611,0,0,5.52486187845304,3.68324125230203,1.22774708410068,0.613873542050338,0,1.22774708410068,0,1.22774708410068,0,1.84162062615101,0,0,0,0
"V376",1184.54476580953,2446.18744150809,2611.07892508579,1531.26253398102,43.2283078568564,162.663220286109,611.435447212443,291.011185881724,98.0435848299835,134.587102812068,683.185525201658,0,32.0869913989037,19.1630643076786,31.1956860822675,80.6631311555773,0,1.33695797495432,3.56522126654485,0,7.57609519140782,7.57609519140782,10.6956637996346,0,4.45652658318107,0,0,0.445652658318107,2.67391594990864,1.33695797495432,0,0,0,0,0,0,0,0,0
"V376_CONINT",973.483472575372,2620.77733381765,2562.05351737498,1480.80881462647,31.4808088146265,341.445695604795,729.507204262017,141.663639665819,55.6968155951084,96.2586269524155,767.042014771764,0,25.426807119506,5.44860152560843,24.8214069499939,79.9128223755903,0,3.02700084756024,6.65940186463252,0.605400169512047,9.08100254268071,15.7404044073132,11.5026032207289,0,7.26480203414457,1.21080033902409,0,0.605400169512047,1.81620050853614,3.02700084756024,1.81620050853614,0,0,0,0,0,0,1.81620050853614,0
"V376_CORE1",210.845274919513,4971.90833912001,1584.49592828736,196.325989520864,1003.09323906319,1567.4515497759,208.951455084906,14.5192853986491,1.8938198346064,20.8320181806704,101.634997790544,0,2.52509311280853,0,0,27.1447509626917,5.05018622561707,7.5752793384256,6.31273278202134,1.26254655640427,11.3629190076384,2.52509311280853,8.20655261662774,0,0,25.2509311280853,5.05018622561707,7.5752793384256,0,0,0,0,0,5.6814595038192,2.52509311280853,0,0,0,0
"V376_CORE2",865.020253495361,3899.77786488959,2003.1360250882,849.9934666144,348.229452502287,476.937148830524,420.750032666928,212.335032013589,24.1735267215471,124.787664967986,437.083496667973,0,14.3734483209199,24.8268652815889,30.0535737619234,162.681301450412,0,0.653338560041814,30.7069123219652,5.88004704037632,43.7736835228015,14.3734483209199,5.22670848033451,0,0.653338560041814,1.30667712008363,0,0,2.61335424016725,0,0,0,0,0,0,0,0,0.653338560041814,0
"V376_CORE3",605.14888337469,4406.01736972705,1833.43672456576,699.131513647643,383.064516129032,899.193548387097,294.044665012407,122.208436724566,25.1240694789082,76.9230769230769,284.429280397022,0.310173697270471,12.7171215880893,5.27295285359802,17.9900744416873,51.4888337468983,8.6848635235732,1.24069478908189,38.151364764268,2.1712158808933,37.531017369727,12.0967741935484,37.2208436724566,0,4.03225806451613,91.1910669975186,7.13399503722084,31.9478908188586,0.620347394540943,0.620347394540943,0.310173697270471,0,1.86104218362283,5.27295285359802,1.24069478908189,0,0,0,2.1712158808933
"V376_IN1",354.694092827004,3438.15928270042,3237.07805907173,221.518987341772,1107.59493670886,543.248945147679,439.082278481013,3.2964135021097,1.97784810126582,21.0970464135021,336.893459915612,1.31856540084388,0.659282700421941,14.5042194092827,0,74.4989451476793,0,61.3132911392405,14.5042194092827,1.31856540084388,45.4905063291139,20.4377637130802,44.17194092827,0,0,4.61497890295359,7.91139240506329,0,3.2964135021097,0,0,0,0,0,1.31856540084388,0,0,0,0
"V376_IN2",365.438216165996,4147.31082894601,2373.79993806132,182.202952410447,1060.69990709198,925.983276556209,256.529369257768,3.61308970785589,0,33.0339630432538,299.370290079488,2.58077836275421,1.03231134510168,20.6462269020337,0.516155672550841,105.295757200372,0,13.4200474863219,114.070403633736,10.3231134510168,35.6147414060081,21.6785382471353,25.2916279549912,0,0,0.516155672550841,0,0,0,0,1.03231134510168,0,0,0,0,0,0,0,0
"V376_IN3",635.437621738992,3419.86780342945,2611.36124149823,626.496790880352,350.927611201584,1271.83318964141,360.50707283584,22.6713925344062,11.1760385732988,45.662100456621,388.287511575183,0.957946163425616,16.2850847782355,7.98288469521346,0.957946163425616,113.995593447648,0,22.0327617587892,12.1339847367245,3.83178465370246,34.8053772711307,2.87383849027685,37.0405849857905,0,0.319315387808539,0.638630775617077,0.319315387808539,0,0,0,0.319315387808539,0.319315387808539,0.319315387808539,0,0.638630775617077,0,0,0,0
