"","Proteobacteria","Verrucomicrobia","Actinobacteria","Acidobacteria","Chloroflexi","Entotheonellaeota","Rokubacteria","Bacteria_unclassified","Bacteroidetes","Firmicutes","Nitrospirae","Planctomycetes","Dependentiae","Epsilonbacteraeota","Gemmatimonadetes","Cyanobacteria","Chlamydiae","Latescibacteria","Deinococcus-Thermus","FBP","BRC1","Armatimonadetes","Fibrobacteres","Patescibacteria","Elusimicrobia","WPS-2","RsaHf231","Fusobacteria","Tenericutes","Hydrogenedentes","Synergistetes","WS2","Spirochaetes","GAL15","Lentisphaerae","Kiritimatiellaeota","FCPU426","Omnitrophicaeota"
"WIN_A0",2302.49652340905,1053.57261108536,2693.1991258857,1675.38573604397,531.090656247931,110.588702734918,368.849745049997,149.658962982584,136.414806966426,219.852989868221,34.4348056420105,573.471955499636,18.541818422621,0,71.5184424872525,1.32441560161579,4.63545460565525,29.1371432355473,0,0,1.32441560161579,15.2307794185816,2.64883120323157,3.31103900403947,2.64883120323157,0,0,0,0,0,0,0.662207800807894,0,0,0,0,0,0
"WIN_A0_CONINT",2471.3203868936,735.547724375797,3027.66739146735,1572.31761265652,614.081127689885,72.7299992502062,125.215565719427,86.9760815775662,416.135562720252,155.207317987553,26.9925770413136,578.840818774837,1.49958761340631,0,62.9826797630652,7.49793806703157,5.99835045362525,2.24938142010947,0.749793806703157,0.749793806703157,1.49958761340631,11.2469071005473,4.49876284021894,11.9967009072505,2.99917522681263,0.749793806703157,0,0,0,0,0,2.24938142010947,0,0,0,0,0,0
"WIN_A0_CORE1",2445.89259382581,1212.00589830186,2507.25395994863,1705.75084431337,540.36055748466,111.782333634591,288.255719925796,112.258003139419,128.430766303572,134.614469866337,29.4915092993388,625.981068353708,11.4160681158731,0,74.6801122580031,8.08638158207677,7.61071207724873,31.869856823479,0,0,0,10.464729106217,3.32968653379632,2.85401702896827,5.2323645531085,0.951339009656091,0,0,0,0,0,0.475669504828045,0,0,0,0,0.951339009656091,0
"WIN_A0_CORE2",2346.29728289824,1326.05221097496,2491.20937666489,1779.96803409696,521.576984549814,98.0287693127331,286.094832179009,117.741076185402,150.239744272776,110.815130527437,19.1795418220565,629.195524773575,7.9914757591902,0,61.2679808204582,3.72935535428876,6.39318060735216,18.1140117208311,0,0,1.06553010122536,14.917421417155,2.6638252530634,2.6638252530634,3.19659030367608,0,0,0,0,0.53276505061268,0,0.53276505061268,0,0.53276505061268,0,0,0,0
"WIN_A0_CORE3",2304.39324792434,736.240171551108,2847.63842304943,1756.74932644196,592.18122834992,111.618188816187,324.957387144664,174.300324407544,150.65706273712,148.457689558476,32.4407543850003,665.310386539836,13.7460823665255,0,66.5310386539836,2.19937317864409,10.4470225985594,28.5918513223731,0,0,0,13.7460823665255,4.39874635728817,8.79749271457634,4.39874635728817,0,0,0,0.549843294661022,0,0,0,0,0.549843294661022,0,0,0.549843294661022,0.549843294661022
"WIN_A0_IN1",2484.85093318252,788.963399854569,3012.44243354609,1751.63609921629,578.492364870324,55.3445907732084,87.2586248687081,71.9075704936576,324.392017451725,81.1989981417145,30.2981336349681,598.287145511836,4.44372626646199,0,82.0069483719803,6.05962672699362,7.27155207239234,4.84770138159489,0,0.403975115132908,5.65565161186071,12.9272036842531,1.21192534539872,7.27155207239234,0.807950230265816,0.807950230265816,0,0,0,0.403975115132908,0,0.807950230265816,0,0,0,0,0,0
"WIN_A0_IN2",2502.06744463843,742.442341266195,3144.35357897639,1478.45263254617,599.09951300193,50.9969677478636,76.7251676927318,73.5091426996233,547.183680970321,69.8336855646421,26.1876320867408,572.911880915189,3.67545713498116,0,60.6450427271892,7.81034641183497,7.35091426996233,2.75659285123587,0,0,3.67545713498116,7.81034641183497,3.21602499310852,11.4858035468161,4.59432141872645,0.918864283745291,0,0,0,0.459432141872645,0,0.918864283745291,0,0,0,0.459432141872645,0.459432141872645,0
"WIN_A0_IN3",2593.64873622813,597.105206308058,3051.63102181897,1641.82328796716,575.934327068481,69.1294015986174,168.070857636639,103.262043637935,289.911427954202,77.7705767984446,35.8608770792828,683.51695830633,9.07323395981854,0,61.352343918773,5.61676387988766,5.61676387988766,5.18470511989631,0,0.864117519982718,2.59235255994815,9.50529271980989,3.02441131993951,5.61676387988766,2.59235255994815,0,0,0,0,0,0,0,0.432058759991359,0.432058759991359,0,0,0.432058759991359,0
"WIN_B21",2349.22698361112,789.730256743581,2973.67565810855,1713.17145642788,599.37787269604,104.461674172431,288.314220715911,110.497237569061,134.175217048145,176.424160824551,38.0704768095083,593.806583406843,7.89265982636148,0,71.0339384372534,3.2499187520312,8.35693393379451,17.6424160824551,0,0,3.2499187520312,9.7497562560936,1.39282232229909,1.85709642973211,3.71419285946423,0,0,0,0,0,0,0.464274107433028,0,0,0,0,0,0.464274107433028
"WIN_B21_CONINT",2553.77495929386,638.443739823464,3253.92064444254,1562.25897677607,552.746593538435,53.1322306967178,138.829376981747,74.556517267975,310.223669551804,97.6947467649327,30.8509726626103,630.730996657811,7.71274316565258,0,45.4194875310652,5.99880023995201,9.42668609135316,4.28485731425144,0,0,3.42788585140115,8.56971462850287,4.28485731425144,4.28485731425144,6.8557717028023,0,0,0,0,0.856971462850287,0,1.71394292570057,0,0,0,0,0,0
"WIN_B21_CORE1",2794.9297188755,1042.92168674699,2162.39959839357,1664.78413654618,439.25702811245,94.754016064257,336.972891566265,141.817269076305,498.24297188755,123.619477911647,26.355421686747,546.56124497992,6.27510040160643,0,50.828313253012,3.13755020080321,10.0401606425703,30.7479919678715,0,0,0,10.0401606425703,1.88253012048193,8.785140562249,5.64759036144578,0,0,0,0,0,0,0,0,0,0,0,0,0
"WIN_B21_CORE2",2926.02804012436,981.404352672024,2327.09567665865,1487.65178623805,471.050624743357,82.7125007332669,290.960286267378,119.669149997067,509.76711444829,118.495923036311,24.0511526954889,547.310377192468,7.03936176453335,0,52.2085997536223,3.51968088226667,4.10629436264445,19.3582448524667,0,0,1.17322696075556,11.1456561271778,1.75984044113334,6.45274828415557,4.10629436264445,0,0,0,0,0,0,0,0,0,0,1.17322696075556,1.17322696075556,0.586613480377779
"WIN_B21_CORE3",2634.93355031191,720.097640358015,2164.36126932465,1700.56956875509,583.129915920803,82.7230810957418,246.813127203689,199.349064279902,793.327908868999,47.4640629237863,21.697857336588,614.320585842148,27.122321670735,0,75.942500678058,6.78058041768375,6.78058041768375,47.4640629237863,0,0,0,12.2050447518308,4.06834825061025,6.78058041768375,1.35611608353675,0,0,0,0,0,0,0,0,0,0,0,0,0
"WIN_B21_IN1",2718.35542105812,843.159762078681,2435.041218825,1861.62996973808,513.409162057811,78.7853490556193,195.137222164249,93.3945528540123,374.099968694563,109.047271209433,25.0443493686737,617.238860482104,3.13054367108421,0,75.1330481060211,8.8698737347386,7.82635917771053,13.5656892413649,0,0.521757278514035,4.17405822811228,9.39163101325263,3.13054367108421,3.65230094959825,2.08702911405614,0.521757278514035,0,0,0,0,0,2.08702911405614,0,0,0,0,1.04351455702807,0.521757278514035
"WIN_B21_IN2",3176.14035087719,656.842105263158,2511.34502923977,1272.98245614035,429.941520467836,50.9941520467836,108.070175438596,69.2397660818713,1079.29824561404,88.8888888888889,31.3450292397661,436.491228070175,0.935672514619883,4.67836257309942,48.6549707602339,4.21052631578947,4.21052631578947,6.08187134502924,0,0.467836257309942,1.40350877192982,3.74269005847953,1.87134502923977,7.48538011695906,2.80701754385965,0,0,0,0,0,0,0.935672514619883,0,0,0,0,0,0.935672514619883
"WIN_B21_IN3",3566.93399136336,551.511412708205,2520.6662553979,1256.01480567551,465.144972239358,57.9888957433683,144.355336212215,81.431215299198,582.356570018507,111.042566317088,24.6761258482418,542.87476866132,14.8056755089451,0,40.715607649599,4.93522516964837,7.40283775447255,3.70141887723627,0,0,1.23380629241209,8.63664404688464,2.46761258482418,7.40283775447255,3.70141887723627,0,0,0,0,0,0,0,0,0,0,0,0,0
"WIN_C38",2381.79669030733,885.342789598109,2979.90543735225,1579.19621749409,601.654846335697,56.7375886524823,375.886524822695,125.295508274232,152.482269503546,235.224586288416,39.0070921985816,476.359338061466,4.72813238770686,0,63.8297872340425,0,10.6382978723404,17.7304964539007,0,0,1.18203309692671,5.91016548463357,2.36406619385343,4.72813238770686,0,0,0,0,0,0,0,0,0,0,0,0,0,0
"WIN_C38_CONINT",2544.71019176902,605.472958414135,3305.32212885154,1468.43352725706,705.66688213747,65.7185951303598,98.0392156862745,79.7241973712562,383.538030596854,80.8015513897867,24.7791424262012,528.98082309847,2.15470803706098,0,53.8677009265245,8.61883214824391,4.30941607412196,7.54147812971342,0,0,3.23206205559147,16.1603102779573,0,7.54147812971342,4.30941607412196,0,0,0,0,0,0,1.07735401853049,0,0,0,0,0,0
"WIN_C38_CORE1",3618.72523117569,623.348745046235,2002.97225891678,1004.78863936592,315.389696169088,46.2351387054161,127.972258916777,66.0501981505945,932.133421400264,776.089828269485,18.1638044914135,376.486129458388,6.60501981505945,0,47.0607661822985,2.47688243064729,4.12813738441215,4.12813738441215,0,0,1.65125495376486,8.25627476882431,2.47688243064729,7.43064729194188,2.47688243064729,4.95376486129458,0,0,0,0,0,0,0,0,0,0,0,0
"WIN_C38_CORE2",5153.86913654019,618.464296384822,1026.29220197192,736.480430236032,221.093516582014,37.3468778010158,162.832387212429,50.7917538093815,385.419778906483,1366.89572751718,7.46937556020317,173.289512996713,1.49387511204063,0,34.3591275769346,1.49387511204063,2.98775022408127,2.98775022408127,0,0,0,7.46937556020317,0,7.46937556020317,0,0,0,0,0,0,0,1.49387511204063,0,0,0,0,0,0
"WIN_C38_CORE3",3641.44874842679,560.760732764648,2486.36554328066,1219.40987274507,432.107397566774,53.1394210599916,268.493916934694,102.083624667879,405.537687036778,346.804642707314,5.5936232694728,385.960005593623,5.5936232694728,0,50.3426094252552,0,1.3984058173682,20.976087260523,0,0,1.3984058173682,5.5936232694728,1.3984058173682,1.3984058173682,2.7968116347364,0,0,0,0,0,0,1.3984058173682,0,0,0,0,0,0
"WIN_C38_IN1",5237.19632304662,182.20617202889,1227.01904136573,319.271175311884,137.885751805647,14.7734734077479,23.8017071569271,25.4432042022324,1275.44320420223,1348.48982271832,4.1037426132633,178.102429415627,1.64149704530532,2.46224556795798,13.9527248850952,1.64149704530532,1.64149704530532,0.820748522652659,0,0,0,0,1.64149704530532,1.64149704530532,0,0,0,0.820748522652659,0,0,0,0,0,0,0,0,0,0
"WIN_C38_IN2",4214.04078686158,312.218011189316,1784.8763761054,508.03104132828,264.392708897311,19.852012272153,50.5323948745714,18.9496480779643,1189.3160079408,1353.54629128316,0.902364194188775,237.321783071648,0,3.6094567767551,27.0709258256632,3.6094567767551,1.80472838837755,1.80472838837755,0,0,0,2.70709258256632,2.70709258256632,1.80472838837755,0,0,0.902364194188775,0,0,0,0,0,0,0,0,0,0,0
"WIN_C38_IN3",5266.7240266724,196.816519681652,1416.43364164336,437.728543772854,190.363519036352,24.7365024736502,68.8320068832007,25.8120025812003,610.884061088406,1465.90664659066,4.30200043020004,253.818025381803,2.15100021510002,0,17.2080017208002,3.22650032265003,5.37750053775005,2.15100021510002,0,0,0,2.15100021510002,0,3.22650032265003,0,0,2.15100021510002,0,0,0,0,0,0,0,0,0,0,0
"WIN_D55",2424.11584516848,799.220272904483,2617.6552492342,1769.70203285993,636.313004734057,94.6811473127263,373.155109997215,128.098022834865,144.806460595934,139.236981342244,32.0245057087162,664.160401002506,23.6702868281816,0,79.3650793650794,6.96184906711222,8.35421888053467,20.8855472013367,1.39236981342244,0,1.39236981342244,13.9236981342244,4.17710944026734,9.74658869395711,1.39236981342244,0,0,0,0,0,0,0,2.78473962684489,1.39236981342244,0,0,1.39236981342244,0
"WIN_D55_CONINT",2588.59784283513,903.954802259887,2475.60349255265,1961.99280945044,503.338469440164,56.4971751412429,97.5860297894196,82.1777092963534,400.616332819723,30.8166409861325,51.3610683102209,616.33281972265,25.6805341551104,0,112.994350282486,15.4083204930663,15.4083204930663,5.13610683102209,0,0,0,10.2722136620442,5.13610683102209,15.4083204930663,10.2722136620442,5.13610683102209,0,0,0,0,0,0,5.13610683102209,0,0,0,0,5.13610683102209
"WIN_D55_CORE1",3284.73413379074,898.799313893654,1650.08576329331,1523.15608919382,463.121783876501,82.3327615780446,334.476843910806,178.387650085763,682.675814751286,217.838765008576,24.0137221269297,444.253859348199,15.4373927958834,6.86106346483705,101.200686106346,3.43053173241852,3.43053173241852,37.7358490566038,0,0,6.86106346483705,27.4442538593482,1.71526586620926,1.71526586620926,6.86106346483705,0,0,0,0,0,0,0,0,3.43053173241852,0,0,0,0
"WIN_D55_CORE2",3011.4778259122,1102.67518199276,1986.06583002099,1414.85418248403,515.38564601849,101.826626769684,262.158903130722,116.56469117056,305.479880309053,393.461658702157,27.243088741012,493.50185342325,6.25251217006833,147.827252020901,63.4183377249788,0.446608012147738,7.59233620651155,19.6507525345005,0,0.446608012147738,1.33982403644321,12.0584163279889,2.23304006073869,3.12625608503417,4.01947210932964,0,0,0,0,0.446608012147738,0,0,0,0,0,0,0.446608012147738,0
"WIN_D55_CORE3",2857.28523021726,656.76699222643,2511.46103248954,1508.86984253538,518.237990831174,96.3391136801541,269.417314464155,158.793435652116,331.871636436117,268.08849910305,20.26443425686,672.712776559697,11.9593382499502,1.32881536110557,67.4373795761079,2.65763072221115,7.64068832635705,19.6000265763072,0,0.332203840276394,1.66101920138197,6.97628064580427,2.65763072221115,4.31864992359312,1.66101920138197,0,0,0,0,0.332203840276394,0,0.996611520829181,0,0.332203840276394,0,0,0,0
"WIN_D55_IN1",4748.37939269874,157.795974070283,1369.8396451723,188.502217673149,81.0303650631184,3.41180484476288,8.5295121119072,15.353121801433,2354.14534288639,881.951552371204,0.85295121119072,116.001364721938,1.70590242238144,29.8532923916752,9.38246332309792,3.41180484476288,5.97065847833504,0,0,0,2.55885363357216,5.11770726714432,0,0.85295121119072,0,0.85295121119072,1.70590242238144,12.7942681678608,0,0,0,0,0,0,0,0,0,0
"WIN_D55_IN2",5959.51621561878,53.9994315849307,621.151356301513,84.9464742476395,54.3152177345502,1.57893074809739,5.6841506931506,13.2630182840181,1405.5641519563,1711.56093093757,0.631572299238955,47.0521362933022,0.631572299238955,31.2628288123283,5.05257839391164,0,0.631572299238955,0,0,0,0,0.631572299238955,0,0.631572299238955,0,0,1.89471689771687,0,0,0,0,0,0,0,0,0,0,0
"WIN_D55_IN3",4595.69230769231,259.384615384615,1644.30769230769,633.538461538462,274.153846153846,19.3846153846154,53.5384615384615,43.6923076923077,1237.84615384615,794.461538461538,9.23076923076923,365.538461538462,3.07692307692308,1.53846153846154,30.7692307692308,7.38461538461538,3.38461538461538,0.923076923076923,0,1.23076923076923,1.84615384615385,5.23076923076923,1.53846153846154,6.46153846153846,0.307692307692308,0.307692307692308,1.23076923076923,1.84615384615385,0,1.53846153846154,0,0.615384615384615,0,0,0,0,0,0
"WIN_E75",2348.63046612206,846.948582412302,2923.67451545731,1710.71600192215,587.858401409579,96.9085375620695,311.949383309306,115.329168668909,155.374018901169,142.960115329169,36.8412622136793,578.648085856159,20.0224251161301,0,64.0717603716162,5.60627903251642,10.8121095627102,16.0179400929041,0,0.400448502322601,0.800897004645203,10.011212558065,2.00224251161301,5.20583053019382,5.60627903251642,0,0,0,0,0,0,0.400448502322601,0,0.800897004645203,0,0.400448502322601,0.400448502322601,1.60179400929041
"WIN_E75_CONINT",2674.8396112558,709.204090706981,2969.57377882233,1584.19615067014,574.223464396875,67.9667153655593,119.735755573906,79.4003684177095,358.572063774376,88.9284126278346,25.7257193673379,626.310106078892,7.62243536810011,0,56.2154608397383,6.66963094708759,13.656863367846,10.4808486311376,0,0,2.85841326303754,6.98723242075843,2.22321031569586,7.94003684177095,3.81121768405005,0.635202947341676,0,0,0,0,0,0.317601473670838,1.27040589468335,0,0,0,0,0.635202947341676
"WIN_E75_CORE1",4052.22121486854,440.616500453309,1082.13961922031,594.016319129646,217.588395285585,30.4623753399819,90.2991840435177,33.7262012692656,1381.68631006346,1354.85040797824,9.79147778785132,296.645512239347,4.3517679057117,316.591115140526,31.5503173164098,1.08794197642792,3.98912058023572,9.42883046237534,0,0.725294650951949,1.4505893019039,5.43970988213962,1.4505893019039,1.4505893019039,1.4505893019039,0,0,0,36.2647325475975,0,0,0.362647325475975,0,0.362647325475975,0,0,0,0
"WIN_E75_CORE2",3098.96627220575,856.636089016989,2346.81151788931,1106.06102596791,458.664745170856,55.9820414045395,215.059723415459,85.6358950198154,391.597151012942,733.309314635701,16.3511903112269,503.838372640856,11.0855527533742,8.03702574619627,55.9820414045395,4.71135992018402,5.81991519552144,14.4112185793864,0,0.831416456503062,1.66283291300612,13.5798021228834,3.32566582601225,5.81991519552144,1.93997173184048,0.277138818834354,0,0.831416456503062,0,0.831416456503062,0,0.554277637668708,0,0,0,0,0.277138818834354,1.10855527533742
"WIN_E75_CORE3",2414.15504573399,452.091767881242,2589.2187734293,1072.12475633528,461.463487779277,46.8585994901784,183.685710001499,88.8439046333783,389.863547758285,1683.91063127905,12.7455390613285,505.698005698006,10.1214574898785,0,49.8575498575499,2.24921277552856,8.62198230619283,9.37171989803569,0,0,0.374868795921427,6.74763832658569,1.87434397960714,6.37276953066427,1.49947518368571,0,0,0,0,0.374868795921427,0,0.749737591842855,0,0.374868795921427,0,0,0.749737591842855,0
"WIN_E75_IN1",3687.54614816638,99.6800393797686,794.056116170317,131.060792517844,103.679547132661,5.5377799655427,8.6143243908442,17.2286487816884,617.770120600542,4420.99433915826,2.4612355402412,87.3738616785626,0.30765444253015,7.3837066207236,3.99950775289195,2.4612355402412,3.6918533103618,0.6153088850603,0,0,1.53827221265075,2.4612355402412,0.30765444253015,0.6153088850603,0,0.30765444253015,0,0,0,0.30765444253015,0,0,0,0,0,0,0,0
"WIN_E75_IN2",3581.64634668646,471.975558918425,2231.39080033121,667.275790195015,379.75044970448,27.6960854295749,53.1079576278446,37.975044970448,457.128172914942,1580.39002940925,6.85263969391543,427.433400907975,1.998686577392,1.71315992347886,33.6921451617509,4.28289980869714,8.28027296348114,1.14210661565257,0,0,2.56973988521828,7.70921965565486,3.71184650087086,7.42369300174171,2.28421323130514,0.571053307826286,0,0,0,0.856579961739428,0,0.285526653913143,0.285526653913143,0,0,0.285526653913143,0,0.285526653913143
"WIN_E75_IN3",2931.79946332262,316.427110178273,3196.9499721034,656.234225138819,265.150508780786,26.0368235075321,80.2359255028029,39.320917133824,822.551077339993,1267.8338956933,11.9556842636627,329.97688567709,3.45386434283589,0.531363745051675,23.1143229097479,3.18818247031005,3.45386434283589,2.92250059778421,0,1.59409123515503,2.39113685273254,4.2509099604134,0.531363745051675,7.43909243072345,1.59409123515503,0.531363745051675,0.265681872525838,0,0,0.265681872525838,0,0,0,0,0,0,0,0
"WIN_F94",2547.11246200608,708.440495674538,2636.42740238485,1919.10217442132,630.348375029226,62.6607435118073,219.78021978022,105.681552490063,397.474865559972,26.6541968669628,30.3951367781155,510.170680383446,12.6256722001403,0,94.4587327566051,8.41711480009352,6.54664484451719,33.20084171148,0,0,3.27332242225859,18.2370820668693,1.40285246668225,12.6256722001403,10.2875847556699,0,0,0,0,0.467617488894085,0,0.935234977788169,0,0,0,1.87046995557634,0,1.40285246668225
"WIN_F94_CONINT",2520.39789873701,714.951007786595,3112.77523192131,1591.59494802727,566.297827949778,64.0810700048433,158.339853209642,73.7677433776685,349.465370142692,115.494951752915,25.3343765135427,587.161432137402,4.4707723259193,0.372564360493275,65.9438918073097,6.70615848887895,5.9610297678924,7.45128720986551,0,0,3.72564360493275,9.31410901233188,2.23538616295965,8.19641593085205,4.09820796542603,0,0,0,0,0,0,0,0,0,0,0.74512872098655,0,0.74512872098655
"WIN_F94_CORE1",3366.76217765043,885.864374403056,2117.95606494747,1048.23304680038,420.248328557784,45.3677172874881,217.287488061127,109.837631327603,408.309455587393,780.80229226361,14.3266475644699,470.391595033429,9.55109837631328,11.9388729703916,50.1432664756447,0,14.3266475644699,11.9388729703916,0,0,0,7.16332378223496,0,4.77554918815664,0,0,0,0,4.77554918815664,0,0,0,0,0,0,0,0,0
"WIN_F94_CORE2",2523.26336290846,1077.68881194547,2560.05193681021,1480.19909110582,523.696169660247,103.873620428479,307.292793767583,103.873620428479,194.763038303398,398.182211642502,8.65613503570656,595.109283704826,15.1482363124865,6.49210127677992,54.100843973166,0,8.65613503570656,28.1324388660463,0,0,0,2.16403375892664,0,6.49210127677992,0,0,0,0,0,0,0,0,0,0,0,0,0,2.16403375892664
"WIN_F94_CORE3",2612.76595744681,636.170212765957,2997.87234042553,1376.59574468085,470.212765957447,114.893617021277,178.723404255319,146.808510638298,404.255319148936,306.382978723404,23.4042553191489,591.489361702128,12.7659574468085,2.12765957446809,59.5744680851064,2.12765957446809,2.12765957446809,38.2978723404255,0,0,0,17.0212765957447,6.38297872340426,0,0,0,0,0,0,0,0,0,0,0,0,0,0,0
"WIN_F94_IN1",3280.26592022393,50.7347795661302,1492.30230930721,108.467459762071,82.2253324002799,1.74947515745276,8.74737578726382,26.2421273617915,1686.49405178446,3184.04478656403,1.74947515745276,45.4863540937719,0,0,3.49895031490553,1.74947515745276,3.49895031490553,0,0,0,0,0,0,1.74947515745276,0,0,12.2463261021694,3.49895031490553,5.24842547235829,0,0,0,0,0,0,0,0,0
"WIN_F94_IN2",2445.47787042976,192.431045542014,1577.93457344452,243.745991019885,168.377164849262,6.4143681847338,32.071840923669,22.4502886465683,1473.70109044259,3609.68569595895,0,171.584348941629,0,8.01796023091726,17.639512508018,4.81077613855035,4.81077613855035,0,0,1.60359204618345,0,3.2071840923669,0,0,0,0,1.60359204618345,4.81077613855035,9.62155227710071,0,0,0,0,0,0,0,0,0
"WIN_F94_IN3",4321.71687340028,159.480212640283,2337.07422721008,157.511321126206,141.760189013585,7.8755660563103,29.5333727111636,15.7511321126206,1976.76708013388,704.863162039772,7.8755660563103,112.226816302422,0,1.96889151407757,9.84445757038787,1.96889151407757,3.93778302815515,0,0,0,0,0,0,0,0,0,1.96889151407757,0,7.8755660563103,0,0,0,0,0,0,0,0,0
"WIN_G110",2223.81122631391,1179.83553807651,2642.11655345013,1712.54915981409,532.713621737576,92.9567393636039,336.074365391491,132.284590632821,96.5319985698963,193.063997139793,35.7525920629246,664.998212370397,17.8762960314623,0,78.655702538434,0,7.15051841258491,32.1773328566321,0,0,0,7.15051841258491,0,3.57525920629246,7.15051841258491,0,0,0,0,0,0,0,0,0,0,3.57525920629246,0,0
"WIN_G110_CONINT",2629.70649273644,720.426919656093,2668.24785057812,1710.64334420397,738.215238659947,41.5060776756597,121.553513193003,59.2943966795138,323.15446190335,80.0474355173436,29.6471983397569,735.250518825971,5.92943966795138,0,77.0827156833679,14.8235991698784,2.96471983397569,11.8588793359028,0,0,2.96471983397569,8.89415950192707,2.96471983397569,8.89415950192707,5.92943966795138,0,0,0,0,0,0,0,0,0,0,0,0,0
"WIN_G110_CORE1",2393.80309845077,534.732633683158,2176.41179410295,687.156421789105,354.822588705647,7.49625187406297,129.935032483758,42.4787606196901,419.790104947526,2806.09695152424,2.49875062468766,317.341329335332,4.99750124937531,7.49625187406297,59.9700149925037,0,7.49625187406297,9.99500249875062,0,0,0,14.9925037481259,2.49875062468766,7.49625187406297,2.49875062468766,0,0,9.99500249875062,0,0,0,0,0,0,0,0,0,0
"WIN_G110_CORE2",2422.92870905588,1286.12716763006,1960.50096339114,2003.85356454721,481.695568400771,101.156069364162,375.722543352601,240.847784200385,231.21387283237,120.423892100193,28.9017341040462,529.865125240848,19.2678227360308,0,91.5221579961464,0,4.81695568400771,57.8034682080925,0,0,0,28.9017341040462,0,4.81695568400771,4.81695568400771,0,0,0,0,0,0,0,0,0,0,0,0,4.81695568400771
"WIN_G110_CORE3",3068.92067620286,594.928478543563,2773.08192457737,1085.82574772432,461.638491547464,48.7646293888167,188.556566970091,97.5292587776333,659.947984395319,354.356306892068,22.7568270481144,526.65799739922,13.0039011703511,3.25097529258778,42.2626788036411,0,9.75292587776333,26.0078023407022,0,0,0,16.2548764629389,0,6.50195058517555,0,0,0,0,0,0,0,0,0,0,0,0,0,0
"WIN_G110_IN1",4061.30997715156,79.96953541508,2408.60624523991,26.6565118050267,178.979436405179,0,1.9040365575019,51.4089870525514,2121.09672505712,826.351865955826,0,146.610814927647,0,3.80807311500381,0,0,0,0,15.2322924600152,26.6565118050267,32.3686214775324,0,0,3.80807311500381,0,1.9040365575019,0,0,13.3282559025133,0,0,0,0,0,0,0,0,0
"WIN_G110_IN2",3403.53425320746,130.718954248366,2541.75744371823,123.456790123457,498.668603243767,4.84144274993948,16.9450496247882,14.5243282498184,1922.05277172597,1152.2633744856,0,125.877511498427,0,0,14.5243282498184,2.42072137496974,19.3657709997579,0,0,12.1036068748487,0,0,0,4.84144274993948,0,0,7.26216412490922,0,4.84144274993948,0,0,0,0,0,0,0,0,0
"WIN_G110_IN3",2748.35988753514,581.068416119963,3078.72539831303,1016.86972820993,426.429240862231,49.203373945642,152.296157450797,56.232427366448,866.916588566073,269.447047797563,11.7150890346767,649.015932521087,7.029053420806,2.34301780693533,39.8313027179007,2.34301780693533,4.68603561387067,7.029053420806,0,4.68603561387067,4.68603561387067,4.68603561387067,7.029053420806,2.34301780693533,2.34301780693533,2.34301780693533,0,0,0,2.34301780693533,0,0,0,0,0,0,0,0
"WIN_H126",2322.72985120216,905.441375398176,2666.5793952088,1792.11938735437,619.627350874896,95.5622463673256,244.796439324519,112.580180651918,180.651917790287,200.724353100319,34.472225858533,676.353798490204,10.4725749443644,0,75.4898110572937,2.18178644674259,9.59986036566741,23.56329362482,0,0,3.05450102543963,7.41807391892482,3.49085831478815,6.54535934022778,5.23628747218222,0.436357289348519,0,0,0,0,0,0,0,0,0,0,0,0.872714578697037
"WIN_H126_CONINT",2414.47250582124,756.761597707326,2914.6516209923,1793.83843811571,624.216371126634,77.4673114812825,156.725774673115,88.6620096722192,253.000179115171,123.141680100304,36.2708221386351,635.411069317571,8.06018269747448,0,70.7504925667204,4.92566720401218,6.26903098692459,4.47787927637471,0,0.447787927637471,1.79115171054988,9.40354648038689,2.68672756582483,8.95575855274942,3.58230342109977,0.895575855274942,0,0,0,0.895575855274942,0,1.79115171054988,0,0,0,0,0,0.447787927637471
"WIN_H126_CORE1",3849.79928635147,1063.22479928635,1346.454058876,797.279214986619,288.247100802855,56.8688670829616,95.8965209634255,75.2676181980375,1791.36931311329,153.322925958965,15.6110615521855,379.683318465656,3.90276538804639,0,34.0098126672614,1.11507582515611,7.24799286351472,16.1685994647636,0,2.23015165031222,7.24799286351472,4.46030330062444,0.557537912578055,8.36306868867083,1.67261373773417,0,0,0,0,0,0,0,0,0,0,0,0,0
"WIN_H126_CORE2",3354.47888283379,420.214577656676,2050.40871934605,415.531335149864,214.151907356948,12.7724795640327,100.476839237057,45.5551771117166,1143.98841961853,1880.96049046322,3.83174386920981,285.677792915531,2.12874659400545,15.7527247956403,27.6737057220708,1.27724795640327,8.5149863760218,6.38623978201635,0,0,0.85149863760218,7.66348773841962,0,0.85149863760218,0,0,0,0,0.42574931880109,0,0,0,0,0.42574931880109,0,0,0,0
"WIN_H126_CORE3",2481.91646573851,860.231780353115,2674.80749786109,1662.12957921755,573.228591428794,117.445749397216,268.336314847943,158.668429649218,203.002255580618,125.223613595707,22.5558061756242,721.008011200125,6.22229135879287,0,72.3341370459672,3.88893209924555,3.88893209924555,21.000233335926,0,0,1.55557283969822,10.1112234580384,1.55557283969822,5.44450493894377,2.33335925954733,0,0,0,0,0,0,0.777786419849109,0.777786419849109,0,0,0,0,1.55557283969822
"WIN_H126_IN1",4038.26787512588,14.5462683227034,3224.42281153258,3.35683115139308,26.481667972101,0,1.86490619521838,4.84875610756779,1237.17876990787,1378.91164074447,0,48.1145798366342,0,2.61086867330573,1.11894371713103,0,2.23788743426206,0,0.745962478087352,2.98384991234941,2.61086867330573,0,0,2.23788743426206,0,0,0,4.84875610756779,0.745962478087352,0,1.4919249561747,0,0,0,0.372981239043676,0,0,0
"WIN_H126_IN2",4235.13833716635,168.652867795665,1607.77754547355,64.1159662694264,126.83810718517,2.43919436894557,8.3629521220991,54.7076451320649,3123.91107394244,510.488535786466,1.74228169210398,72.4789183915255,0.696912676841592,0.348456338420796,9.05986479894069,2.43919436894557,3.48456338420796,0.696912676841592,0,1.39382535368318,0,2.43919436894557,0,1.39382535368318,0.348456338420796,0,0,0,1.04536901526239,0,0,0,0,0,0,0,0,0
"WIN_H126_IN3",3621.74100926682,384.596917462909,2934.65213424881,390.83881499976,297.690497911365,17.7654006818073,40.3322610073462,36.971239256734,1746.29087242522,186.29663417679,11.5235031449561,255.917799010899,9.12277332309022,0,27.3683199692707,3.36102175061219,5.76175157247803,3.36102175061219,0,4.32131367935852,12.9639410380756,3.36102175061219,0,2.88087578623902,0,2.40072982186585,0.480145964373169,0,0,0,0,0,0,0,0,0,0,0
"WIN_J140",2321.35728542914,1082.33532934132,2752.99401197605,1792.41516966068,636.22754491018,87.8243512974052,177.644710578842,123.253493013972,188.12375249501,26.4471057884232,31.437125748503,585.329341317365,28.9421157684631,0,95.309381237525,3.49301397205589,4.99001996007984,27.4451097804391,0,0,1.99600798403194,12.4750499001996,3.49301397205589,6.98602794411178,7.98403193612774,0,0,0,0,0.499001996007984,0,0,0,0,0,0,0,0.998003992015968
"WIN_J140_CONINT",2534.77588871716,716.428766251477,3009.3644876807,1656.05964178562,624.602236566961,62.7329757250659,145.467769797254,75.4614055823257,265.478679879989,108.191653786708,35.0031821074643,632.33021183744,3.63669424493136,0,68.1880170924629,9.54632239294481,7.72797527047913,6.8188017092463,0.45458678061642,0,4.09128102554778,10.4554959541777,3.18210746431494,11.8192562960269,4.09128102554778,0.909173561232839,0,0,0,0.909173561232839,0,1.36376034184926,0,0,0,0,0,0.909173561232839
"WIN_J140_CORE1",3724.60149798348,521.60553101594,2328.01997311312,378.720952563856,310.351449971193,25.3504897253697,62.992125984252,33.4165546379873,1537.16151334742,615.325523333973,9.21835990013443,284.616861916651,6.52967159592856,38.4098329172268,14.2116381793739,7.29786825427309,6.14557326675629,9.6024582293067,0,13.0593431918571,47.244094488189,4.99327827923948,0.384098329172268,11.1388515459958,0,0,0.768196658344536,6.14557326675629,1.1522949875168,0.384098329172268,0,0,0,0,0.768196658344536,0,0.384098329172268,0
"WIN_J140_CORE2",3284.36408465174,2163.55044175056,1245.12019724676,1572.83747688514,318.471337579618,90.4047667967947,283.542223135402,141.771111567701,218.82062872406,97.5960550647216,19.5192110129443,423.258680912266,24.6558454900349,2.05465379083624,59.5849599342511,2.05465379083624,9.2459420587631,17.4645572221081,0,0,3.08198068625437,14.3825765358537,0,2.05465379083624,2.05465379083624,3.08198068625437,0,0,0,0,0,0,0,0,0,1.02732689541812,0,0
"WIN_J140_CORE3",2304.95823707126,758.841300870801,2769.68189088324,1776.25733072685,594.455304780523,119.068775546472,369.646347965168,222.143237959837,96.8544517504887,148.391682957171,34.6543451217345,626.443931046739,41.7629287364493,0,75.5287009063444,5.33143771103608,6.22001066287542,23.102896747823,0,0,0,15.9943131331082,1.77714590367869,6.22001066287542,1.77714590367869,0,0,0,0,0,0,0,0,0,0,0.888572951839346,0,0
"WIN_J140_IN1",3967.5773880232,133.463769128642,2475.36859758228,26.902382782475,236.880721123611,1.04814478373279,3.14443435119838,42.2751729438893,2019.42561665851,839.913353364545,0,142.198308993082,0.349381594577598,51.0097128083293,3.84319754035357,6.28886870239676,5.59010551324156,0,0,5.59010551324156,24.1073300258542,0,0,7.33701348612955,0,0.349381594577598,0.349381594577598,2.79505275662078,3.49381594577598,0,0,0,0,0,0.698763189155195,0,0,0
"WIN_J140_IN2",4433.15266485998,200.617283950617,3004.36615477266,36.8864799759109,181.797651309846,0,3.01114122252334,41.4031918096959,1627.52183077386,313.911472448058,0,129.479072568503,3.38753387533875,0,5.26949713941584,1.12917795844625,9.78620897320084,0,0,2.63474856970792,2.63474856970792,1.12917795844625,0,1.88196326407709,0,0,0,0,0,0,0,0,0,0,0,0,0,0
"WIN_J140_IN3",4044.01650618982,453.060522696011,1953.23246217331,186.554332874828,252.751031636864,15.474552957359,26.6506189821183,35.2475928473177,2214.58046767538,463.37689133425,4.29848693259973,269.944979367263,0,3.43878954607978,12.0357634112792,4.29848693259973,5.15818431911967,0,0,9.4566712517194,22.3521320495186,18.9133425034388,0,3.43878954607978,0,1.71939477303989,0,0,0,0,0,0,0,0,0,0,0,0
"WIN_K158",2130.47619047619,1010.47619047619,2953.33333333333,1642.85714285714,660,86.6666666666667,280,128.571428571429,154.285714285714,41.9047619047619,45.7142857142857,643.809523809524,20.952380952381,0,94.2857142857143,5.71428571428571,11.4285714285714,50.4761904761905,0,0,2.85714285714286,11.4285714285714,0.952380952380952,8.57142857142857,9.52380952380952,1.9047619047619,0,0,0,0,0,0.952380952380952,0,0,0,0,0,2.85714285714286
"WIN_K158_CONINT",2422.91100814827,762.102572295894,2776.8014059754,1839.75075890717,671.033711455504,71.8964690845183,161.367630611919,104.649305000799,302.764019811471,27.160888320818,28.7585876338073,623.90158172232,20.7700910688608,0,100.655056718326,3.19539862597859,7.98849656494648,14.3792938169037,0,0,6.39079725195718,19.9712414123662,2.39654896948394,21.5689407253555,5.59194759546253,0,0,0,0,0,0,1.5976993129893,0,0,0,0.798849656494648,0,0.798849656494648
"WIN_K158_CORE1",2949.49075036375,257.742673040948,3049.95496431788,229.335550474607,133.721333056191,14.5499896071503,43.6499688214508,44.3428254694104,1318.506201067,1692.64879096515,5.5428531836763,176.678445229682,4.15713988775722,6.23570983163583,13.1642763112312,5.5428531836763,6.92856647959537,0,0,7.62142312755491,2.07856994387861,2.77142659183815,0,4.15713988775722,0,1.38571329591907,3.46428323979769,2.77142659183815,2.07856994387861,0,21.4785560867457,0,0,0,0,0,0,0
"WIN_K158_CORE2",2789.32865731463,1687.12424849699,1343.9378757515,1776.05210420842,473.446893787575,88.9278557114229,141.533066132265,113.977955911824,487.224448897796,58.8677354709419,45.0901803607214,770.290581162325,23.7975951903808,0,81.4128256513026,7.51503006012024,12.5250501002004,33.8176352705411,0,0,6.2625250501002,28.8076152304609,5.01002004008016,13.7775551102204,3.75751503006012,1.25250501002004,0,0,0,1.25250501002004,0,0,2.50501002004008,0,0,0,1.25250501002004,1.25250501002004
"WIN_K158_CORE3",2740.04436463505,895.743107637055,2381.95838174712,1265.44839970424,667.582127389881,60.2091475652266,185.908946868068,128.868701806274,690.820745748389,36.9705292067181,24.2949191929862,695.0459490863,10.5630083447766,0,95.0670751029893,16.9008133516425,11.6193091792543,36.9705292067181,0,0,7.39410584134361,15.8445125171649,3.16890250343298,20.0697158550755,3.16890250343298,4.22520333791064,0,0,0,0,0,0,0,0,0,0,0,2.11260166895532
"WIN_K158_IN1",4928.90018547778,92.0519337775641,2065.67287215772,35.7216459435323,85.1823864807309,0,3.43477364841657,177.234320258295,1894.62114446658,564.676787799684,0.686954729683314,100.295390533764,0,5.49563783746651,5.49563783746651,10.3043209452497,10.991275674933,1.37390945936663,0,1.37390945936663,6.18259256714983,0,0,3.43477364841657,0,0,0,0,4.12172837809988,0,0,0,0,0,2.74781891873326,0,0,0
"WIN_K158_IN2",5040.33697436996,82.815734989648,2320.98236595988,47.1192974941101,55.6864424930392,0.713928749910759,8.56714499892911,4.28357249946455,1390.73320482616,863.139858642108,0.713928749910759,116.370386235454,0.713928749910759,3.56964374955379,3.56964374955379,2.14178624973228,6.42535874919683,0,0,2.14178624973228,0.713928749910759,2.14178624973228,0,0.713928749910759,0,0,19.9900049975012,23.559648747055,0,0,2.14178624973228,0,0,0,0.713928749910759,0,0,0
"WIN_K158_IN3",4435.93372741654,383.814836399967,1014.90300557822,104.071268004329,385.479976688036,0.832570144034635,0,80.7593039713596,3060.52784947132,218.965947881109,0,166.514028806927,4.16285072017318,4.99542086420781,42.4610773457664,4.99542086420781,14.1536924485888,0,0,11.6559820164849,11.6559820164849,19.1491133127966,0,33.3028057613854,0,0,0,0,0.832570144034635,0,0,0,0.832570144034635,0,0,0,0,0
"WIN_M172",2405.71468853538,951.664825998073,3208.87280588387,1508.3300044646,591.207086965717,101.980872711892,220.175294311159,109.500199732124,151.796414220927,29.1373922033978,32.4270977747492,499.330309937261,18.7983175505792,0.23497896938224,86.2372817632822,4.46460041826257,5.16953732640929,36.8916981930117,0,0,1.64485278567568,13.3938012547877,2.81974763258688,7.28434805084945,7.75430598961393,1.1748948469112,0,0,0,0.23497896938224,0,0.469957938764481,0,0.23497896938224,0,0.704936908146721,0.704936908146721,1.64485278567568
"WIN_M172_CONINT",2588.62218079184,723.219140837412,3311.32344182915,1453.6885988762,608.767705015666,59.5561770113157,109.272637820762,69.136953313136,303.73650275771,16.0542738030503,28.2244491053626,538.853932002382,12.9469950024599,0,103.31702011963,6.99137730132836,6.99137730132836,9.06289650172195,0,1.03575960019679,3.10727880059038,16.5721536031487,2.07151920039359,11.1344157021155,11.6522955022139,1.03575960019679,0,0,0,0.258939900049199,0,1.81257930034439,0,0,0,0,0.517879800098397,1.03575960019679
"WIN_M172_CORE1",2105.99568812597,350.680894031602,3976.74862866032,375.788008623748,493.682285839042,5.18516497011708,86.5103839751112,36.5690582102994,366.509292361433,1972.54591600033,8.73290942335507,136.451709739923,7.095488906476,1.63742051687908,32.7484103375815,1.91032393635892,18.2845291051497,8.73290942335507,0,0.818710258439538,3.00193761427831,1.91032393635892,1.09161367791938,4.09355129219769,0.818710258439538,0.272903419479846,0,0,0,0,0,0.272903419479846,1.09161367791938,0,0,0.272903419479846,0,0.545806838959692
"WIN_M172_CORE2",3037.88420300214,1103.69840891642,2921.39888279988,986.683609985969,299.155481428534,89.481905064464,270.034151377968,111.455272284436,338.072167950653,157.255182273052,41.5640801630794,421.9945463691,35.2103354247743,0,57.9779207370344,47.6530855372885,37.8577290657348,18.5317554867233,0,7.41270219468933,1.32369682048024,10.5895745638419,0.794218092288142,2.91213300505652,0.529478728192095,0,0,0,0,0,0,0,0,0,0,0,0,0.264739364096047
"WIN_M172_CORE3",2562.14696618684,711.664107035948,2947.65338261707,1511.83069995054,530.23401098472,87.2009787333732,237.915506156129,146.289403128823,318.869250592186,149.152718848426,30.7155686284718,583.856105370019,15.6180857432907,0,89.5436915948669,4.16482286487753,9.11055001691959,30.7155686284718,0,0.520602858109691,3.38391857771299,7.28844001353567,5.20602858109691,8.06934430070021,6.50753572637114,0.260301429054845,0,0,0,0,0,0.780904287164536,0.520602858109691,0.260301429054845,0,0.260301429054845,0,0.260301429054845
"WIN_M172_IN1",5173.42154932722,54.1878919489375,1590.93215351207,39.778377610456,25.5718141781503,0.202950906175796,4.66787084204331,23.3393542102165,2079.84088648956,744.626874758996,0,39.3724757981044,1.01475453087898,93.3574168408662,6.49442899762547,2.63836178028535,12.3800052767236,0,0.608852718527388,4.05901812351592,2.63836178028535,1.01475453087898,9.53869259026242,47.4905120451363,0,0,5.88557627909809,2.84131268646115,16.0331215878879,0,6.69737990380127,0,3.24721449881274,0,2.84131268646115,2.84131268646115,0,0
"WIN_M172_IN2",4372.77669642258,290.623531780656,3348.32315367922,116.115175515135,174.060898941763,2.90847260442535,32.2169273105578,24.8338814685549,762.914737006958,190.393091258921,2.46101528066761,319.037071839273,26.8474394254648,0.447457323757747,27.2948967492225,38.4813298431662,242.745598138578,0.447457323757747,0,19.9118509072197,1.78982929503099,1.56610063315211,0.223728661878873,3.13220126630423,0.447457323757747,0,0,0,0,0,0,0,0,0,0,0,0,0
"WIN_M172_IN3",3997.056531902,144.143364210891,3483.68106657432,109.730759241624,141.113323521773,1.94788330014717,30.7332698467665,24.889619946325,1573.45684356333,164.055060167951,4.76149251147087,204.527746515453,7.1422387672063,3.67933512250022,12.1201627564713,5.84364990044152,58.6529304822093,0.865725911176522,0,19.91169595706,4.54506103367674,0.865725911176522,0,4.54506103367674,0,0,0,0,1.51502034455891,0,0,0,0,0,0.21643147779413,0,0,0
"WIN_N186",2502.98566878981,1032.04617834395,2847.33280254777,1615.24681528662,483.346602972399,135.350318471338,249.137473460722,122.744161358811,115.445859872611,168.524416135881,47.4389596602972,532.112526539278,17.2505307855626,0,75.3052016985138,1.99044585987261,8.62526539278132,15.9235668789809,0,0,2.98566878980892,13.9331210191083,2.32218683651805,2.98566878980892,5.6395966029724,0.66348195329087,0,0,0,0,0,0.331740976645435,0,0,0,0,0,0.331740976645435
"WIN_N186_CONINT",2432.13867677387,900.730171116437,3072.2925143526,1462.29307173513,523.103505936124,83.8860710105345,159.411404046597,85.8369098712446,447.578172900061,111.197815060476,37.6233208851235,542.333203277409,6.96728164539323,0,79.1483194916671,5.01644278468313,4.7377515188674,14.4919458224179,0,0.278691265815729,3.06560392397302,12.5411069617078,2.78691265815729,3.34429518978875,5.85251658213032,0.278691265815729,0,0,0,0.836073797447188,0,0.557382531631459,0,0,0,0,0,1.67214759489438
"WIN_N186_CORE1",4241.79729980637,314.050025198271,2519.82706029018,357.550197607491,277.446221585634,20.6891063897509,30.5031696771969,41.3782127795019,1458.58200047744,297.074348160526,7.69210365772791,303.44022704968,23.3415559268985,1.59146972228853,27.8507201400493,7.42685870401316,21.2195962971804,9.81406328744596,0,2.65244953714756,11.6707779634492,2.65244953714756,0.265244953714756,7.69210365772791,0.795734861144267,0.265244953714756,0.530489907429511,0,1.85671467600329,0.795734861144267,1.32622476857378,0,3.71342935200658,0,2.65244953714756,0.265244953714756,0,1.06097981485902
"WIN_N186_CORE2",3316.54410530204,1112.45424935361,2370.30321345825,1072.83167119976,481.179275376918,77.5662335045835,209.529565830563,143.38000738726,403.277257311709,84.2819247171015,32.5711023807125,526.174406500789,14.4387361069138,0.671569121251805,68.1642658070582,5.03676840938854,8.73039857627346,33.2426715019643,0,1.67892280312951,6.37990665189215,19.8112890769282,0.671569121251805,3.35784560625902,2.68627648500722,2.68627648500722,0.335784560625902,0,0.335784560625902,0,0,0,0,0,0,0,0.335784560625902,1.34313824250361
"WIN_N186_CORE3",2745.71293461759,964.185270912666,1831.3049105254,1910.20184673586,408.173423927923,143.358470842978,547.051942557057,227.233131735484,142.860698374773,200.602304686528,48.0350431817616,612.260135891884,20.4086711963961,0,95.0745414271137,16.6753776848603,6.2221558525598,45.2972946066353,0,0.746658702307175,2.48886234102392,15.9287189825531,1.24443117051196,6.47104208666219,5.9732696184574,0,0,0,0,0,0,0,0,0.746658702307175,0,0,0,1.49331740461435
"WIN_N186_IN1",4376.29111711425,333.439271147836,2012.28878648233,507.177286932571,183.007574553737,21.1875629005774,69.3892684993909,59.854865194131,1198.15668202765,891.996398114307,10.8586259865459,208.43265003443,9.00471423274538,6.09142433391599,24.8953864081784,2.38360082631495,12.9773822766036,4.76720165262991,0,6.09142433391599,2.38360082631495,7.68049155145929,3.70782350760104,7.41564701520208,0.264844536257217,0,5.56173526140156,0.529689072514434,19.8633402192913,0,1.05937814502887,0,9.79924784151703,0,1.5890672175433,0.264844536257217,0,0
"WIN_N186_IN2",4912.39120476409,355.87494273935,2041.91479615208,156.894182317911,174.072377462208,1.43151626202474,5.15345854328905,27.7714154832799,1590.70087036189,241.92624828218,3.72194228126431,284.299129638113,8.30279431974347,0.286303252404947,25.4809894640403,4.58085203847916,98.4883188273019,0,0,56.6880439761796,5.15345854328905,3.14933577645442,0,0.572606504809895,0,0.572606504809895,0,0.286303252404947,0.286303252404947,0,0,0,0,0,0,0,0,0
"WIN_N186_IN3",3563.85613791737,811.453482611711,2922.07470524126,647.72614683444,396.809670068364,39.6314277221837,125.334390171406,82.4829089467948,738.135341325671,48.0531061131477,22.0449816704647,467.403150698504,5.20162488853661,0,49.291588229466,23.7788566333102,4.95392846527296,5.94471415832755,0,9.41246408401863,1.98157138610918,20.8064995541464,0.495392846527296,7.18319627464579,1.23848211631824,4.45853561874567,0,0,0,0.247696423263648,0,0,0,0,0,0,0,0
"WIN_P201",2442.76795005203,1063.02029136316,2547.47658688866,1885.08064516129,453.629032258065,124.544745057232,330.710197710718,166.493236212279,137.877211238293,156.737773152966,47.1514047866805,477.69250780437,23.4131113423517,0,76.4177939646202,3.90218522372529,10.7310093652445,27.9656607700312,0,0.650364203954214,1.95109261186264,14.3080124869927,1.30072840790843,1.62591050988554,2.92663891779396,0.650364203954214,0,0,0,0,0,0.325182101977107,0,0.325182101977107,0,0,0,0.325182101977107
"WIN_P201_CONINT",2470.9784411277,762.398055385175,3208.16011267862,1665.41720620641,608.82800608828,89.0524546218678,124.264522138168,94.5046457211659,248.07469501806,21.3544151389173,29.7598764170017,500.238533360594,6.3608896158477,0,96.3220427542652,7.72393739067221,9.31415979463413,13.8576523773825,0.227174629137418,0.454349258274836,5.22501647016061,14.9935255230696,1.81739703309934,10.4500329403212,8.40546127808446,0,0,0,0,0.227174629137418,0,0.908698516549672,0.227174629137418,0,0,0.454349258274836,0,0
"WIN_P201_CORE1",3267.63001931145,1252.24745288673,2109.94206565892,1006.85889325431,358.593593926883,86.9015116201638,219.085036958114,107.877738562962,771.126057135247,293.334221215955,31.2978624225877,343.610574682027,13.9841512951988,0,59.9320769794233,4.99433974828528,7.65798761403742,24.6387427582074,0,2.99660384897117,3.32955983219018,18.312579077046,0.665911966438037,6.32616368116135,1.33182393287607,0,0.998867949657055,0,0,0,4.32842778184724,0,0.332955983219018,0,0.998867949657055,0.332955983219018,0,0.332955983219018
"WIN_P201_CORE2",2558.99058437845,1782.4877063241,2238.40201273206,1353.2573476156,518.812183128121,105.592193039302,319.063774635002,122.746159417528,288.186635154195,43.8379140776884,36.9763275263981,422.368772157207,28.5899439637098,0,68.9970647657531,6.86158655129036,12.1983760911829,47.6499066061831,0,3.43079327564518,1.90599626424732,28.5899439637098,1.52479701139786,6.4803872984409,1.90599626424732,0.762398505698929,0,0,0,0,0,0.381199252849464,0,0,0,0,0,0
"WIN_P201_CORE3",2249.34015445274,1090.29293883802,2440.28805109323,1864.83756394799,625.30548404966,101.013392420737,415.132457883932,202.352634494444,134.575906676659,53.4393430870996,43.9897031509661,540.584574277428,20.2026784841474,0,98.080745544006,3.58434618267132,7.49454201831275,69.4059760826355,0,0.32584965297012,1.30339861188048,20.5285281371175,0.651699305940239,8.14624132425299,5.53944410049203,0,0,0,0,0.651699305940239,0,1.30339861188048,0,0.977548958910359,0,0,0,0.651699305940239
"WIN_P201_IN1",4292.4017976032,224.492343541944,2016.06191744341,370.339547270306,127.53828229028,5.40945406125166,14.1478029294274,30.3761651131824,2115.0965379494,582.76464713715,4.36917443408788,122.336884154461,4.16111850865513,1.66444740346205,19.7653129161118,11.8591877496671,10.8189081225033,1.04027962716378,0.624167776298269,4.7852862849534,6.44973368841545,4.16111850865513,0.832223701731025,8.32223701731025,0.208055925432756,0,0.624167776298269,0.208055925432756,11.0269640479361,0,1.24833555259654,0,3.3288948069241,0,1.04027962716378,0.416111850865513,0,0
"WIN_P201_IN2",2722.04320840812,65.7425228693151,4929.17540710625,28.9786120542376,171.925347635216,0.432516597824442,1.29754979347332,7.56904046192773,829.783092926191,1035.87725178954,0,149.867001146169,0.432516597824442,0,4.75768257606886,5.83897407062996,28.9786120542376,0,0.432516597824442,5.83897407062996,5.83897407062996,2.59509958694665,0,1.51380809238555,0,0.216258298912221,0.648774896736662,0,0.216258298912221,0,0,0,0,0,0,0,0,0
"WIN_P201_IN3",3177.20792268682,633.432207444264,3246.81848626926,666.682614103914,413.835996555354,32.7719835422448,85.1593148980959,69.6105635824323,1032.43708736006,107.884412974835,14.1134819634485,388.957994450292,9.09003923069563,0.239211558702516,54.5402353841738,7.65476987848053,9.80767390680318,4.54501961534781,0.239211558702516,16.5055975504736,13.6350588460434,6.21950052626543,1.4352693522151,3.82738493924026,1.4352693522151,0.956846234810066,0.239211558702516,0,0.239211558702516,0.239211558702516,0,0,0,0,0,0,0,0.239211558702516
"WIN_Q216",2281.95296523517,1399.02862985685,2511.24744376278,1649.28425357873,610.940695296523,108.128834355828,229.294478527607,111.196319018405,215.235173824131,32.4642126789366,36.2985685071575,641.61554192229,15.8486707566462,0,67.7402862985685,2.55623721881391,8.43558282208589,30.6748466257669,0,0.766871165644172,2.55623721881391,17.3824130879346,5.3680981595092,6.90184049079755,10.9918200408998,1.02249488752556,0,0,0,0.255623721881391,0,0.511247443762781,0,0.511247443762781,0,0.255623721881391,0.255623721881391,1.27811860940695
"WIN_Q216_CONINT",2280.18347197388,1062.73808598305,2706.21161470885,1852.85962320869,592.396797014693,106.507035683744,196.947316592811,96.1413874420171,197.983881416984,16.8441783928062,46.386275881728,677.135971390811,15.2893311565472,0,78.2606442250382,5.96024773899298,7.25595376920884,17.3624608048926,0,0.259141206043173,1.03656482417269,21.2495788955402,0.777423618129519,7.77423618129519,7.77423618129519,0.777423618129519,0,0,0,0.518282412086346,0,1.55484723625904,0,0,0,0,0,1.81398844230221
"WIN_Q216_CORE1",3189.68591989594,1259.88712418438,2142.75223968277,1311.49948597445,382.476973753226,93.1540188406101,205.40041541657,110.148333088559,226.381050290582,268.342320038604,26.015987243774,624.593500199316,19.0923777353503,0,65.6693871556553,6.08438411346327,10.0707047395254,11.7491555294463,0,13.2177999706271,6.71380315968361,19.0923777353503,0.629419046220339,3.77651427732203,0,1.6784507899209,0,0,0,0,0,0.209806348740113,0,0,0,0,0,0.419612697480226
"WIN_Q216_CORE2",2973.12213698328,1280.42386445168,1931.67393344004,1227.71676141067,449.804073072465,84.165792814173,203.929576687455,112.588994977648,840.278161046415,87.2012804238645,21.8003201059661,583.917434737016,11.5900436006402,0,56.018544069761,24.2839008775319,25.1117611347205,30.078922677852,1.10381367625145,9.38241624813731,6.34692863844583,27.5953419062862,0.827860257188587,7.17478889563442,2.75953419062862,1.10381367625145,0,0,0,0,0,0,0,0,0,0,0,0
"WIN_Q216_CORE3",2319.55527660719,1254.66989449774,1510.50539466212,2292.05893780448,513.165366568039,120.147045637945,349.980573238889,284.228458710661,186.198033414029,46.02648016976,44.2332406826265,838.63833348277,36.1636629905257,0.298873247855584,77.707044442452,3.58647897426701,8.96619743566753,61.866762306106,0.298873247855584,0.896619743566753,3.58647897426701,22.4154935891688,2.39098598284468,9.5639439313787,8.96619743566753,0,0,0,0,0.597746495711169,0,0.896619743566753,0,1.49436623927792,0,0.298873247855584,0,0.597746495711169
"WIN_Q216_IN1",3965.75757575758,473.333333333333,3040.60606060606,188.787878787879,373.636363636364,0.909090909090909,5.75757575757576,44.8484848484848,825.454545454545,497.878787878788,0.303030303030303,407.575757575758,2.12121212121212,4.84848484848485,50.6060606060606,13.3333333333333,28.4848484848485,0,7.87878787878788,29.0909090909091,16.0606060606061,10.6060606060606,0,10.6060606060606,0,0,0,0,0.909090909090909,0,0,0,0,0,0,0,0,0
"WIN_Q216_IN2",2826.281706724,877.933911797077,2735.67278404873,1280.04300084466,603.803527093092,51.1914817374389,97.2638153011339,69.1085003455425,426.169085464179,223.450817783921,38.9055261204536,593.821188154291,2.30361667818475,0,89.3291356318309,18.6848908341652,13.3097852517341,2.81553149555914,0,7.93467966930303,7.42276485192864,19.4527630602268,2.04765926949756,7.93467966930303,1.27978704343597,1.53574445212317,0,0,0.255957408687194,0.767872226061583,0,0.767872226061583,0,0,0,0,0,0.255957408687194
"WIN_Q216_IN3",3733.59906992194,212.035652992305,3365.44317112329,217.202753326321,281.606968203879,5.536178929303,52.0400819354481,68.8331580210006,1435.34665707062,190.444555168023,2.7680894646515,359.851630404695,3.13716805993836,0,25.8355016700806,0.5536178929303,16.4239974902656,2.39901086936463,0,11.4414364538929,7.38157190573733,2.58355016700806,0,4.9825610363727,0.369078595286866,0.184539297643433,0,0,0,0,0,0,0,0,0,0,0,0
"WIN_R234",2182.06473674901,1284.12239844349,2328.57732445021,1958.02134308119,607.865102293497,90.5017392842403,218.442308826131,126.466599846707,243.204999705206,22.4043393667826,43.6295029774188,652.673781027062,37.7336241966865,0,84.605860503508,6.78026059784211,4.71670302458581,55.7160544779199,0,0.294793939036613,2.65314545132952,24.7626908790755,1.47396969518307,7.07505453687872,11.2021696833913,1.17917575614645,0,0,0,0.294793939036613,0,1.76876363421968,0,0,0,0.294793939036613,0,1.47396969518307
"WIN_R234_CONINT",2486.92152917505,616.753150481838,3007.73059409086,1733.77104733665,733.241554590702,81.9654770729641,132.373186487345,80.6946944826856,214.126866461929,91.0727523032934,28.169014084507,666.3136715027,6.77750714815207,0,73.493593137774,4.8713332627343,6.98930424653182,7.62469554167108,0,0.423594196759504,3.38875357407604,9.10727523032934,2.32976808217727,4.4477390659748,5.71852165625331,0,0,0,0,0.423594196759504,0,0.847188393519009,0,0,0,0,0,0.423594196759504
"WIN_R234_CORE1",3438.71595330739,2147.15245843651,1685.53236646622,959.939865581889,274.584365051291,60.5765829501238,258.224266006367,103.024407499116,326.759816059427,122.479660417404,19.4552529182879,504.067916519278,6.19030774672798,0,32.7201980898479,15.033604527768,11.496285815352,9.72762645914397,0,1.326494517156,1.326494517156,12.822780332508,0,8.40113194198797,0,0.442164839051999,0,0,0,0,0,0,0,0,0,0,0,0
"WIN_R234_CORE2",2955.15345173516,1104.25800698521,2615.36746674593,1007.83978598499,480.60488964851,42.5429144683065,174.444527011964,81.9276213123282,636.285947833841,89.7302519135023,22.66478412722,590.956379579401,11.8897228208367,0,57.4050679943524,33.8113992717545,11.8897228208367,29.3527532139407,0,5.20175373411607,3.90131530058706,26.0087686705804,1.48621535260459,8.73151519655198,3.15820762428476,3.52976146243591,0,0,0.185776919075574,0.371553838151148,0,0.557330757226722,0,0,0,0,0,0.743107676302296
"WIN_R234_CORE3",2764.88700720295,1430.14240941332,2467.971628086,1228.34992027272,475.064606587123,77.8028261945346,111.618188816187,108.594050695552,544.069940067081,72.3043932479243,46.7366800461868,498.982789904877,28.8667729697036,0,75.6034530158905,18.6946720184747,12.371474129873,6.04827624127124,0.549843294661022,2.4742948259746,4.67366800461868,14.0210040138561,0.824764941991532,4.67366800461868,1.09968658932204,3.57398141529664,0,0,0,0,0,0,0,0,0,0,0,0
"WIN_R234_IN1",3417.12598087192,222.187880973231,3567.71235769845,156.424389155034,677.552842596885,0.686824979824516,1.88876869451742,15.2818558010955,1092.56683665585,200.724600353715,1.71706244956129,464.465392606329,16.1403870258761,0,44.3002111986813,12.019437146929,27.6447054379368,0,1.2019437146929,13.5647933515342,38.2904926252168,15.7969745359639,0,10.8174934322361,0,1.37364995964903,0.343412489912258,0,0,0.171706244956129,0,0,0,0,0,0,0,0
"WIN_R234_IN2",4048.60910364457,686.664739498788,2841.83140245936,392.919881701541,194.347468368504,22.458917969358,48.6980498543506,90.2804029263303,543.683707278024,265.282070667764,6.00386916012541,614.395944052834,20.4576282493162,0,53.8124569166796,121.633941873652,16.4550488092326,0.222365524449089,0,18.4563385292744,0.667096573347268,5.78150363567633,0.222365524449089,3.78021391563452,0.222365524449089,0.444731048898179,0,0,2.22365524449089,0.444731048898179,0,0,0,0,0,0,0,0
"WIN_R234_IN3",3071.08672814287,449.632310026847,3418.93311544298,277.343294035252,276.642932181627,20.5439477063149,30.115559705848,41.5548033150461,1881.40539278627,182.794443795961,11.20578965799,243.259017158865,0.933815804832497,0,21.2443095599393,0.233453951208124,2.80144741449749,0.466907902416248,0,11.9061515116143,50.8929613633711,2.33453951208124,0,1.40072370724875,0,3.26835531691374,0,0,0,0,0,0,0,0,0,0,0,0
"WIN_S252",2013.81840893122,1578.96791318604,2136.38847685221,1961.12108673589,646.810836130846,121.789366851433,321.648840658912,187.758607229292,137.793738777422,57.7718791474744,57.7718791474744,576.938090405184,29.6666406432977,0,76.8990553517058,1.56140213912093,8.97806229994535,48.0131157779686,0,0.390350534780233,2.73245374346163,17.1754235303302,0.780701069560465,5.07455695214302,5.46490748692326,0,0,0,0,0.390350534780233,0,1.56140213912093,0,0,0,0,0.390350534780233,1.95175267390116
"WIN_S252_CONINT",2410.38578786923,984.442342058236,2510.24913276569,2034.32145485126,607.326815936088,74.3719121202565,97.4981604120677,96.9725638599811,335.330600231262,53.3480500367918,40.2081362346263,559.497529696205,11.8259224219489,0,108.272889729843,8.40954483338589,9.46073793755913,13.1399138021655,0,0.788394828129927,5.7815620729528,19.9726689792915,0.525596552086618,9.72353621360244,4.20477241669295,0.525596552086618,0,0,0,0.525596552086618,0,1.05119310417324,0,0,0,0.788394828129927,0,1.05119310417324
"WIN_S252_CORE1",3084.10020449898,906.441717791411,2404.14110429448,758.691206543967,271.472392638037,52.6584867075665,129.089979550102,83.8445807770961,1494.12065439673,126.278118609407,8.94683026584867,518.149284253579,18.9161554192229,0,54.1922290388548,13.5480572597137,17.8936605316973,14.3149284253579,0,0.511247443762781,1.53374233128834,17.3824130879346,0,21.7280163599182,1.27811860940695,0,0,0,0,0,0,0,0,0.255623721881391,0,0.255623721881391,0,0.255623721881391
"WIN_S252_CORE2",2506.5067330542,1705.3298630757,2103.93798800498,1514.08849156954,459.431933914224,80.0611067104221,176.813398212063,98.1667986873373,327.316962770171,111.180264795745,24.0466221568406,757.610048659047,7.07253592848252,0.565802874278601,56.0144845535815,4.80932443136811,8.20414167703972,15.5595790426615,0,0,3.96062011995021,16.1253819169401,10.7502546112934,5.65802874278601,3.39481724567161,0.282901437139301,0,0,0,1.6974086228358,0,0.848704311417902,0,0,0,0.282901437139301,0,0.282901437139301
"WIN_S252_CORE3",2048.96081970076,909.937707399429,2151.13232811317,1912.73214181755,722.186644932177,111.195202887582,533.562321709262,231.414100250335,133.026721779123,369.680386563428,33.7660825522501,660.767305117308,10.4791290679397,0,74.2271642312395,6.69499912673924,10.4791290679397,42.2076031903126,0,0.873260755661641,2.32869534843104,19.50282354311,1.74652151132328,2.9108691855388,5.23956453396984,0.873260755661641,0,0,0,0,0,0.873260755661641,0,1.74652151132328,0,0,0,1.16434767421552
"WIN_S252_IN1",3531.6709038784,1478.33612809001,2943.9606209769,382.701357710824,174.176448315032,20.8254449072321,43.544112078758,46.2487153134635,738.356683074593,169.308162492562,20.8254449072321,312.922594255423,15.4162384378212,0,68.1560015145778,24.3414291123492,13.2525558500568,0,0.270460323470547,6.22058743982258,2.16368258776438,3.78644452858766,0,3.24552388164656,0.270460323470547,0,0,0,0,0,0,0,0,0,0,0,0,0
"WIN_S252_IN2",3913.07440603215,329.527671076967,2653.64916773367,132.309005548442,566.225636648172,0.711338739507754,0.889173424384692,21.8736662398634,1001.92061459667,553.243704652155,1.42267747901551,570.671503770095,5.51287523118509,0,44.9921752738654,7.64689144970835,106.345141556409,0,0,44.1030018494807,29.6983923744487,9.42523829847774,0.177834684876938,5.51287523118509,0,0.177834684876938,0,0,0.533504054630815,0,0,0,0,0,0,0,0,0
"WIN_S252_IN3",4071.06048277733,418.518286703803,2220.90087834596,80.1151655504788,331.309590870209,3.12949865431558,10.848928668294,36.7194508773028,2074.44034132399,375.331205274248,1.25179946172623,163.568462998894,1.25179946172623,0,31.0863532995347,1.25179946172623,9.38849596294674,0.208633243621039,2.08633243621039,102.856189105172,34.8417516847134,4.58993135966285,0,24.6187227472826,0,0.417266487242077,0,0,0.208633243621039,0,0,0,0,0,0,0,0,0
"WIN_T290",2170.49032838507,1096.61618433548,2541.86034887789,1754.13605238167,615.784475433598,98.9653621232569,425.101214574899,152.946468735942,118.458539511171,255.160693757185,36.2373169390713,562.053281351527,13.9951017144,0,75.4735842455141,0.749737591842855,6.49772579597141,42.7350427350427,0,0,1.49947518368571,20.7427400409857,1.49947518368571,4.49842555105713,2.49912530614285,0.249912530614285,0,0,0,0,0,0.49982506122857,0,0.49982506122857,0,0,0,0.749737591842855
"WIN_T290_CONINT",2611.29530448582,802.232990450282,2806.25690725155,1747.57006432599,583.184561761455,70.5602312335289,144.520955538553,90.3964408172518,257.020601320525,138.003343818187,33.1548074470798,566.465470826603,8.78460710136303,0,69.9934823882796,20.1195840063476,8.2178582561138,7.93448383348919,0,0.283374422624614,2.83374422624614,16.4357165122276,3.11711864887075,6.51761172036612,3.11711864887075,0.283374422624614,0,0,0,0,0,1.13349769049846,0,0,0,0,0,0.566748845249228
"WIN_T290_CORE1",2947.54437634323,1110.93422484014,3108.06866725039,800.498819284141,319.456605375574,35.8194698718459,151.768420494043,69.5163044920268,376.237098357611,397.198121467802,19.8997054843588,508.636472180212,20.6956937037332,0,68.9856456791106,3.44928228395553,18.5730584520682,8.75587041311789,0.265329406458118,13.2664703229059,5.30658812916235,8.49054100665977,0,3.18395287749741,1.32664703229059,1.06131762583247,0,0,0.530658812916236,0,0,0,0,0.265329406458118,0,0,0,0
"WIN_T290_CORE2",2427.70551837353,1818.09571915646,1963.31607526203,1608.47329208233,568.88496022225,131.014016921328,422.717514837732,144.588963252936,95.0246243212527,172.370248768784,30.622553352696,484.594014395757,11.9964642000253,0.315696426316454,59.9823210001263,2.20987498421518,11.9964642000253,26.2028033842657,0,1.26278570526582,0.631392852632908,13.2592499052911,0.631392852632908,1.26278570526582,2.52557141053163,0,0,0,0,0,0,0,0,0.315696426316454,0,0,0,0
"WIN_T290_CORE3",2240.38124983172,849.196305969145,2622.4388142484,1652.35184836165,605.799520745268,109.043913734148,381.78832018524,198.432998573006,202.740906276083,301.553539215422,38.5019250962548,637.301095824022,16.6931423494252,0,71.3497213322205,3.2309307773081,7.53883848038556,32.5785520045233,0,2.69244231442341,1.61546538865405,14.2699442664441,2.42319808298107,2.69244231442341,3.2309307773081,1.07697692576937,0,0,0,0.269244231442341,0,0.269244231442341,0,0,0,0.269244231442341,0,0.269244231442341
"WIN_T290_IN1",3265.27367703838,533.499886441063,3531.45582557347,243.697478991597,485.350897115603,3.86100386100386,22.7117874176698,27.027027027027,652.509652509653,673.631614808085,2.27117874176698,446.740858505564,6.58641835112423,0,50.6472859414036,4.54235748353395,11.8101294571883,0.227117874176698,1.13558937088349,7.49488984783102,21.3490801726096,4.31523960935726,0.454235748353395,2.49829661594367,0,0.227117874176698,0,0,0.681353622530093,0,0,0,0,0,0,0,0,0
"WIN_T290_IN2",2918.29663574382,1143.62356097016,2742.5952833352,854.811668715771,371.521180283894,53.4257292947357,108.192690287247,86.7329831228345,366.603330725383,572.929473566559,21.6832457807086,636.861517827205,10.7298535822063,0,50.5197272828881,7.37677433776685,15.8712417570135,0.670615848887895,0.223538616295965,5.58846540739913,6.70615848887895,16.3183189896055,2.45892477925562,3.12954062814351,0.223538616295965,0.894154465183861,0,0,0.894154465183861,1.11769308147983,0,0,0,0,0,0,0,0
"WIN_T290_IN3",2951.00074270153,639.294623983546,3047.17106891889,874.483441564625,372.874254918017,55.4169602559464,147.968996972063,80.1736778960599,933.709127611358,296.128430233665,23.2332273237988,446.001790101122,11.4261773723601,0.380872579078669,62.2726666793624,3.61828950124736,12.7592313991354,6.47483384433738,0,11.6166136618994,9.52181447696673,7.04614271295538,0.380872579078669,3.42785321170802,0.952181447696673,1.52349031631468,0,0,0.571308868618004,0,0,0.380872579078669,0,0,0,0.190436289539335,0,0
"WIN_U335",2386.56553232199,1179.78679786798,2392.71559382261,1766.77600109334,523.780237802378,115.484488178215,293.152931529315,125.73459067924,170.83504168375,287.0028700287,49.8838321716551,545.647123137898,20.1585349186825,0,77.2174388410551,2.73336066694,5.46672133388001,20.50020500205,0,0.3416700833675,3.0750307503075,12.983463167965,4.10004100041,7.51674183408501,6.49173158398251,0.3416700833675,0,0,0,0.3416700833675,0,0.683340166735001,0,0,0,0.3416700833675,0.3416700833675,0
"WIN_U335_CONINT",2525.54278416347,938.697318007663,2607.59897828863,1791.50702426564,530.651340996169,77.2669220945083,142.72030651341,82.3754789272031,324.074074074074,172.733077905492,40.5491698595147,614.303959131545,6.70498084291188,0,92.2733077905492,4.78927203065134,7.34355044699872,7.98212005108557,0.319284802043423,0,2.55427841634738,11.4942528735632,1.91570881226054,9.89782886334611,3.19284802043423,0.957854406130268,0,0,0,0.319284802043423,0,1.27713920817369,0.319284802043423,0,0,0.319284802043423,0,0.319284802043423
"WIN_U335_CORE1",2648.93462820699,1336.06319756486,2539.4984780403,1105.23264241194,439.556457457603,89.5057254674591,212.711987244528,155.457312654008,641.397303957095,139.87534425279,34.0629076677779,460.21162487317,28.2649659370923,0,55.4428177996811,6.16031308885346,9.78402667053196,26.0907377880852,0,3.98608493984635,15.2195970430497,30.8015654442673,2.53659950717495,9.05928395419626,4.71082765618206,0.724742716335701,0,0,0,2.1742281490071,0,0,0.36237135816785,0,0,0,0.724742716335701,0.36237135816785
"WIN_U335_CORE2",2268.74069170942,1387.14214793976,1608.88631474433,2026.7251365216,607.314247890121,98.0473274863478,362.402780076121,275.939103094489,240.774449776601,183.6836008605,73.225219261956,620.966407413536,10.7562468972365,0,96.3925202713884,3.72331623365878,13.2384577196757,60.4004633460202,0,3.30961442991891,2.06850901869932,41.7838821777263,0.827403607479729,7.86033427105742,2.06850901869932,0.413701803739864,0,0,0.413701803739864,0.827403607479729,0,0,0,0.413701803739864,0,0,0,0.413701803739864
"WIN_U335_CORE3",2639.56997359487,910.662643027788,2374.26128504967,1607.25512385263,379.41657236263,116.308311329058,352.697095435685,160.631208349051,241.41833270464,310.574625927323,31.1203319502075,722.997610964416,22.63296869106,0,76.0719225449516,1.57173393687916,11.6308311329058,19.1751540299258,0,0.314346787375833,3.45781466113416,10.6877907707783,0.943040362127499,3.14346787375833,2.8291210863825,0,0,0,0,0,0,0.314346787375833,0,0,0,0,0,0.314346787375833
"WIN_U335_IN1",2778.80411355379,828.560871974875,3117.80282037071,391.033930660755,330.377486298417,6.15801465607488,22.7846542274771,40.6428967300942,989.28505449843,794.691791366463,27.0952644867295,493.872775417206,31.7137754787856,0,52.0352238438327,10.776525648131,16.9345403042059,0.307900732803744,0,14.471334441776,29.5584703491594,6.46591538887863,1.84740439682246,13.239731510561,0,0.923702198411232,0,0,0.307900732803744,0,0,0,0,0,0,0.307900732803744,0,0
"WIN_U335_IN2",3339.12834961933,690.006594328877,2611.65397757928,656.73520772136,437.923385888136,22.7804088483904,42.2636532581979,38.9664888196151,978.358611594029,508.063065763443,14.3876266410887,552.125172351777,5.0956177687189,0,32.0724177207601,10.1912355374378,23.6796355134584,2.99742221689347,0,2.69767999520412,6.29458665547629,7.19381332054433,1.49871110844674,9.59175109405911,0.899226665068041,2.69767999520412,0,0,0.299742221689347,1.79845333013608,0,0,0,0,0,0,0,0.299742221689347
"WIN_U335_IN3",3385.38647754782,590.882744041733,2727.67567936172,425.517405980429,281.291554434178,25.9129189539364,78.0797163217294,46.0295270892291,1225.06733949333,644.754338709127,14.6612567765693,431.995635718913,7.50110811824474,0.340959459920216,47.0524054689897,6.13727027856388,32.0501892325003,0.681918919840431,0,5.11439189880323,8.18302703808517,5.79631081864366,0.340959459920216,4.77343243888302,0,2.04575675952129,0,0,0,2.38671621944151,0,0,0,0,0,0,0.340959459920216,0
"WIN_V384",2274.87646201429,1122.32926872623,2559.99146788012,1781.43552916918,541.789612144051,99.8969035514949,351.594439901881,130.47033310818,123.360233211277,256.674606278218,45.1491343453376,551.38824700487,8.88762487112944,0,66.123929041203,2.13302996907107,7.82110988659391,38.039034448434,0,0,0.711009989690355,20.6192897010203,2.48853496391624,9.59863486081979,2.84403995876142,0,0,0,0,0,0,1.06651498453553,0,0.355504994845178,0,0,0,0
"WIN_V384_CONINT",2563.95241324046,785.613018553905,3064.78456512359,1576.77371632867,592.985267829625,66.5721506503113,143.931455341182,77.0511002897121,292.794181100906,139.924798126117,32.3614621216791,534.118227208284,6.78049682549467,0,64.4147198421993,4.31486161622388,7.70511002897121,10.170745238242,0,1.23281760463539,1.84922640695309,11.0953584417185,1.54102200579424,9.86254083708315,7.39690562781237,0.308204401158849,0,0,0,0.308204401158849,0,0.924613203476546,0,0,0,0.616408802317697,0.308204401158849,0.308204401158849
"WIN_V384_CORE1",2363.65366921539,1197.6902820521,2746.59729052318,1676.44912592405,496.843173958565,89.4698435864082,164.028046575082,91.0561883308481,214.156540499381,230.01998794378,29.8232811954694,562.200577429487,9.51806846663917,0,68.84736190869,2.53815159110378,8.56626161997525,14.2771026999588,0,0.317268948887972,4.75903423331958,10.1526063644151,10.7871442621911,5.7108410799835,1.90361369332783,0.317268948887972,0,0,0,0,0,0,0,0,0,0.317268948887972,0,0
"WIN_V384_CORE2",2610.11251372119,1158.06805708013,2799.46487376509,1334.04226125137,577.661909989023,71.6931942919868,202.044456641054,93.3040614709111,198.957189901207,166.712403951701,24.6981339187706,619.168496158068,9.60482985729967,0,69.2919868276619,7.20362239297475,6.51756311745335,16.4654226125137,0.343029637760703,0,3.43029637760703,17.1514818880351,4.11635565312843,4.80241492864983,3.08726673984632,0.686059275521405,0,0,0,0,0,0.686059275521405,0,0,0,0,0,0.686059275521405
"WIN_V384_CORE3",3360.09174311927,401.376146788991,3054.75917431193,647.935779816514,288.130733944954,32.9701834862385,120.412844036697,84.5756880733945,977.637614678899,537.557339449541,10.0344036697248,339.73623853211,4.30045871559633,32.9701834862385,48.7385321100917,4.30045871559633,12.901376146789,8.60091743119266,1.43348623853211,15.7683486238532,5.73394495412844,4.30045871559633,0,5.73394495412844,0,0,0,0,0,0,0,0,0,0,0,0,0,0
"WIN_V384_IN1",2517.43879968413,1059.81837325612,2961.63464069492,1358.58120558042,512.963937878389,67.4519610423796,122.071597788892,83.5746249012898,294.814424848644,235.259278757568,83.9036588575941,566.925506712293,8.55488286391155,0,73.7036062121611,4.60647538826007,16.1226638589102,2.63227165043432,0,0,3.6193735193472,9.87101868912872,3.94840747565149,7.56778099499868,1.64516978152145,0.658067912608581,0,0,0,1.64516978152145,0,0.329033956304291,0.329033956304291,0,0,0,0,0.329033956304291
"WIN_V384_IN2",3422.54282290467,586.479945487441,2559.03569162809,296.294555793134,448.788740336944,2.81961512253577,7.98890951385136,27.9611832984798,1182.35860805,813.928898705327,2.34967926877981,477.454827416058,8.22387744072934,0,46.7586174487182,8.92878122136328,48.4033929368641,0,0.469935853755962,1.87974341502385,14.3330435395569,8.22387744072934,4.22942268380366,22.7918889071642,0,4.9343264644376,0,0,0.234967926877981,2.58464719565779,0,0,0,0,0,0,0,0
"WIN_V384_IN3",3630.42186571598,143.790849673203,2951.87165775401,133.095662507427,159.2394533571,13.0718954248366,19.0136660724896,30.8972073677956,2002.37670825906,633.39275103981,5.941770647653,191.325014854427,4.7534165181224,19.0136660724896,11.883541295306,2.3767082590612,17.825311942959,0,0,10.6951871657754,8.3184789067142,1.1883541295306,0,7.1301247771836,0,0,2.3767082590612,0,0,0,0,0,0,0,0,0,0,0
