"","Sample","Sample_name","Type","Location","Depth","Study_day","Sort1","Sort2","Stage","Stage1","Stage.1","Moisture","pH","EC","DO","CO2","NH4","NO3","TN","TC","CN_ratio","copies.gdw","log.copies.gdw","fungal.bacterial.ratio","log.f.b.ratio","Chao1","Shannon","InvSimpson","Phase","Donor"
"A0","con15_mean","A0","con15","control","core","0","A","con","Initial","Control","Initial",0.434770967,7.37,31.30666667,97.76666667,2.899589227,9.028600977,7.264355671,0.373333333,4.997333333,13.44186667,4455430000,9.648889492,0.0187608,-1.726748198,4519.47216,6.624857648,208.5162382,"Initial","Control"
"A0_CONINT","conint_mean","A0_CONINT","conint","control","interface","0","A","con","Initial","Control","Initial",0.655996133,7.32,43.84,97.76666667,8.674386275,19.43921238,8.246894757,0.803333333,12.421,15.46976667,1846670000,9.266390144,0.0528611,-1.276863613,4444.733485,6.462025188,149.0341801,"Initial","Control"
"A0_CORE1","gr_15_sp1","A0_CORE1","gr15","grave","core","0","A","DA","Initial","D_Initial","Initial",0.414340102,7.51,18.45,96.7,2.620720119,7.528060914,6.175951777,0.464,6.053,13.0549,5649630000,9.752020144,0.0186888,-1.728419567,4506.556818,6.249345992,121.7988082,"Initial","Donor1"
"A0_CORE2","gr_15_sp2","A0_CORE2","gr15","grave","core","0","A","DA","Initial","D_Initial","Initial",0.366706161,7.38,43.46,98,1.951326767,8.397042654,8.508201422,0.294,3.924,13.3537,5472100000,9.738154163,0.015939,-1.797539934,5374.50497,6.304634708,120.3883445,"Initial","Donor2"
"A0_CORE3","gr_15_sp3","A0_CORE3","gr15","grave","core","0","A","DA","Initial","D_Initial","Initial",0.436163714,7.17,57.04,97.1,2.762865679,10.90718469,9.658679699,0.4,5.275,13.1795,3839910000,9.58432137,0.0396776,-1.40145491,5235.051661,6.165266606,108.6863951,"Initial","Donor3"
"A0_IN1","gr_int_sp1","A0_IN1","grint","grave","interface","0","A","DA","Initial","D_Initial","Initial",0.318925999,7.4,23.22,96.7,3.928728239,15.06037634,13.06967736,0.738,11.412,15.4723,1788600000,9.252512155,0.055969,-1.252052104,5596.333333,6.731612834,265.1202392,"Initial","Donor1"
"A0_IN2","gr_int_sp2","A0_IN2","grint","grave","interface","0","A","DA","Initial","D_Initial","Initial",0.366893144,7.13,45.54,98,4.913158209,10.63625118,8.507542928,0.748,10.793,14.4246,1339440000,9.126922174,0.0553666,-1.256752432,4794.375701,6.782975895,297.0886976,"Initial","Donor2"
"A0_IN3","gr_int_sp3","A0_IN3","grint","grave","interface","0","A","DA","Initial","D_Initial","Initial",0.414685315,6.86,152.2,97.1,6.394766351,42.56127925,39.6187338,0.783,11.474,14.6449,1919530000,9.283193927,0.0713098,-1.146850699,6124.367378,6.766541014,270.0044649,"Initial","Donor3"
"B8","con15_mean","B8","con15","control","core","8","B","con","Bloat","Control","Bloat",0.247570681,7.316666667,81.44666667,98.63333333,2.75501047,8.610900009,6.307869084,0.487666667,6.570666667,13.5219,5720010000,9.757396571,0.0405444,-1.392068685,4213.280098,6.242215002,117.7797387,"BLOOM","Control"
"B8_CONINT","conint_mean","B8_CONINT","conint","control","interface","8","B","con","Bloat","Control","Bloat",0.234359626,7.026666667,80.17333333,98.63333333,3.198870245,13.01840779,13.14986437,0.788666667,11.53633333,14.63093333,2271700000,9.356351573,0.0456563,-1.340499464,6536.282913,6.834083978,265.3063821,"BLOOM","Control"
"B8_CORE1","gr_15_sp1","B8_CORE1","gr15","grave","core","8","B","DB","Bloat","E_Bloat","Bloat",0.186688312,7.07,134.4,92.7,8.952020735,37.81580087,12.65167965,0.278,3.417,12.2796,2321010000,9.365676189,0.0266126,-1.574912821,4933.621762,6.623324263,216.53408,"BLOOM","Donor1"
"B8_CORE2","gr_15_sp2","B8_CORE2","gr15","grave","core","8","B","DB","Bloat","E_Bloat","Bloat",0.284563758,6.24,133.2,10.75,16.50232573,26.95871141,2.58282953,0.417,5.637,13.5071,4180530000,9.621231453,0.0586959,-1.231392257,3565.44504,6.068919233,105.4024217,"BLOOM","Donor2"
"B8_CORE3","gr_15_sp3","B8_CORE3","gr15","grave","core","8","B","DB","Bloat","E_Bloat","Bloat",0.281362007,6.55,127.4,75.7,22.67785438,28.77084827,6.355555556,0.536,8.513,15.8749,2.7537e+10,10.4399162,0.0144251,-1.840880205,4004.281726,6.039737271,96.11946899,"BLOOM","Donor3"
"B8_IN1","gr_int_sp1","B8_IN1","grint","grave","interface","8","B","DB","Bloat","E_Bloat","Bloat",0.448135198,6.97,2495,92.7,52.21004107,3053.055167,3.871348096,0.981,16.394,16.7154,41338500000,10.61635504,0.0151812,-1.818693848,2346.504673,4.161962468,14.80193293,"BLOOM","Donor1"
"B8_IN2","gr_int_sp2","B8_IN2","grint","grave","interface","8","B","DB","Bloat","E_Bloat","Bloat",0.405729514,6.61,4.537,10.75,55.58105805,2601.536753,0.316757717,0.842,14.078,16.7146,57032200000,10.75611988,0.0216857,-1.663827185,2517.962457,4.779779145,21.82718842,"BLOOM","Donor2"
"B8_IN3","gr_int_sp3","B8_IN3","grint","grave","interface","8","B","DB","Bloat","E_Bloat","Bloat",0.287376382,6.43,407.9,75.7,43.51573266,821.861082,14.75848284,0.808,18.406,22.7937,35889200000,10.55496368,0.0326108,-1.486638969,3753.599424,5.486556986,46.25655341,"BLOOM","Donor3"
"C12","con15_mean","C12","con15","control","core","12","C","con","Active","Control","Active",0.345032745,7.306666667,47.95666667,100.1,1.9624064,9.993284641,7.771528856,0.551,6.984666667,12.5859,21622200000,10.33489919,0.00463951,-2.333527549,3778.562914,6.396025042,145.7974311,"BLOOM","Control"
"C12_CONINT","conint_mean","C12_CONINT","conint","control","interface","12","C","con","Active","Control","Active",0.332468406,7.29,60.33,100.1,3.310424432,13.77957239,14.03934455,0.825666667,11.83633333,14.32823333,20014900000,10.30135435,0.036199,-1.441303114,4640.142212,6.432736657,160.9631871,"BLOOM","Control"
"C12_CORE1","gr_15_sp1","C12_CORE1","gr15","grave","core","12","C","DC","Active","F_Active","Active",0.333333333,6.5,185.1,38.8,44.47580692,195.3777778,2.737777778,0.436,8.599,19.7237,38878200000,10.58970601,0.0211444,-1.674803964,4330.488263,6.060253836,98.45754101,"BLOOM","Donor1"
"C12_CORE2","gr_15_sp2","C12_CORE2","gr15","grave","core","12","C","DC","Active","F_Active","Active",0.128755365,6.59,620.5,29,36.52367786,279.6002289,4.936423462,0.525,7.272,13.8503,45421600000,10.65726277,0.0264648,-1.577330803,4566.817073,6.198638916,131.9527433,"BLOOM","Donor2"
"C12_CORE3","gr_15_sp3","C12_CORE3","gr15","grave","core","12","C","DC","Active","F_Active","Active",0.368131868,5.99,407.7,48.9,42.47563728,597.3446154,1.503120879,0.636,12.195,19.18,30041600000,10.4777237,0.0299577,-1.523492065,5317.274747,6.114154847,98.67756036,"BLOOM","Donor3"
"C12_IN1","gr_int_sp1","C12_IN1","grint","grave","interface","12","C","DC","Active","F_Active","Active",0.451807229,7.07,4.311,38.8,10.15080003,8432.096386,0.971742972,0.989,27.874,28.1899,74659200,7.873083398,0.270638,-0.567611387,1314.71875,3.149597723,9.576281315,"BLOOM","Donor1"
"C12_IN2","gr_int_sp2","C12_IN2","grint","grave","interface","12","C","DC","Active","F_Active","Active",0.607142857,6.92,4.709,29,53.98820304,6049.714286,0.792857143,1.329,28.492,21.4424,2121210000,9.326583419,0.08703,-1.060330842,2921.624595,4.88786501,28.93609195,"BLOOM","Donor2"
"C12_IN3","gr_int_sp3","C12_IN3","grint","grave","interface","12","C","DC","Active","F_Active","Active",0.297752809,7.03,3.057,48.9,56.37575419,6234.750562,3.085191011,1.007,24.159,23.9853,2835440000,9.452620342,0.0343673,-1.463854642,3201.51227,5.103821221,29.07507795,"BLOOM","Donor3"
"D16","con15_mean","D16","con15","control","core","16","D","con","Advanced1","Control","Advanced",0.312233664,7.266666667,87.85666667,98.33333333,1.684401739,9.010969545,6.117533221,0.507,6.497,12.75083333,1346090000,9.129075658,0.0553899,-1.256569435,4402.459161,6.620115281,198.3469853,"BLOOM","Control"
"D16_CONINT","conint_mean","D16_CONINT","conint","control","interface","16","D","con","Advanced1","Control","Advanced",0.323844066,7.26,69.31,98.33333333,3.399160324,11.08766996,12.94089928,0.771333333,11.52733333,14.94183333,2494140000,9.396921689,0.0740778,-1.130312067,5188.666099,6.824171858,288.3311082,"BLOOM","Control"
"D16_CORE1","gr_15_sp1","D16_CORE1","gr15","grave","core","16","D","DD","Advanced1","G_Advanced","Advanced",0.382315522,5.9,706.3,53.2,51.06214053,1035.44648,1.0063257,0.915,16.179,17.6726,30137900000,10.47911232,0.0544977,-1.263621525,2495.49569,5.917942743,98.83524313,"BLOOM","Donor1"
"D16_CORE2","gr_15_sp2","D16_CORE2","gr15","grave","core","16","D","DD","Advanced1","G_Advanced","Advanced",0.325536062,5.84,699.4,38.6,45.42623421,675.4931774,1.845146199,0.309,3.98,12.8988,3327530000,9.522121724,1.35328,0.131388977,4118.879195,6.143015923,104.8383975,"BLOOM","Donor2"
"D16_CORE3","gr_15_sp3","D16_CORE3","gr15","grave","core","16","D","DD","Advanced1","G_Advanced","Advanced",0.357647059,5.88,300.5,50.2,45.94277565,284.5628235,0.495993725,0.602,12.275,20.3782,13500200000,10.13033922,0.311931,-0.505941402,3838.002899,6.030312785,95.09073189,"BLOOM","Donor3"
"D16_IN1","gr_int_sp1","D16_IN1","grint","grave","interface","16","D","DD","Advanced1","G_Advanced","Advanced",0.644268775,6.88,4.721,53.2,77.3349346,9287.706983,2.358977602,1.218,31.911,26.1968,18856300000,10.27545725,0.0333831,-1.476473594,2971.817891,4.539985752,21.19317328,"BLOOM","Donor1"
"D16_IN2","gr_int_sp2","D16_IN2","grint","grave","interface","16","D","DD","Advanced1","G_Advanced","Advanced",0.540740741,6.61,3.445,38.6,75.52513215,5391.36,0.969639506,1.28,25.641,20.038,2283930000,9.358683225,0.0526977,-1.278208437,3513.887324,5.08534762,33.27556863,"BLOOM","Donor2"
"D16_IN3","gr_int_sp3","D16_IN3","grint","grave","interface","16","D","DD","Advanced1","G_Advanced","Advanced",0.38981289,6.63,2269,50.2,54.57211147,4454.072349,0.956191268,1.244,23.49,18.8831,4379850000,9.641459429,1.78742,0.252225624,3657.51682,5.32663594,32.54414059,"BLOOM","Donor3"
"E27","con15_mean","E27","con15","control","core","27","E","con","Advanced1","Control","Advanced2",0.347963107,7.13,42.38666667,98.06666667,2.227421887,9.787333127,6.20965378,0.485666667,6.637,13.56523333,1806520000,9.256841593,0.049135,-1.308609062,4909.421053,6.752026271,223.4023154,"CLIMAX","Control"
"E27_CONINT","conint_mean","E27_CONINT","conint","control","interface","27","E","con","Advanced1","Control","Advanced2",0.683365533,6.993333333,53.23666667,98.06666667,7.921953612,15.95071457,6.950333145,0.831333333,12.685,15.15493333,15583300000,10.19265927,0.0288392,-1.540016107,3983.450262,6.262094871,123.6264939,"CLIMAX","Control"
"E27_CORE1","gr_15_sp1","E27_CORE1","gr15","grave","core","27","E","E","Advanced1","G_Advanced","Advanced2",0.401723209,5.88,389.9,69.6,52.11570771,878.6001077,12.90706731,0.846,14.24,16.8244,18582500000,10.26910307,0.239324,-0.621014455,4012.85443,6.15017028,114.2402866,"CLIMAX","Donor1"
"E27_CORE2","gr_15_sp2","E27_CORE2","gr15","grave","core","27","E","E","Advanced1","G_Advanced","Advanced2",0.286751361,5.92,467.4,37.4,56.12323766,83.55305505,1.046557774,0.625,10.812,17.3068,14018600000,10.14670519,0.789371,-0.102718689,3748.002597,5.982091264,96.50968604,"CLIMAX","Donor2"
"E27_CORE3","gr_15_sp3","E27_CORE3","gr15","grave","core","27","E","E","Advanced1","G_Advanced","Advanced2",0.288530466,5.62,384.2,62.9,52.21708177,141.9101553,1.072057348,0.609,9.884,16.2374,2.5131e+10,10.40020928,0.532556,-0.273634316,4848.0587,6.051995847,103.4803997,"CLIMAX","Donor3"
"E27_IN1","gr_int_sp1","E27_IN1","grint","grave","interface","27","E","E","Advanced1","G_Advanced","Advanced2",0.441495778,6.52,3.401,69.6,77.17592195,4635.081624,1.06862887,1.935,38.999,20.1586,973331000,8.988260642,2.65064,0.423350813,1372.217054,3.586676317,16.2006537,"CLIMAX","Donor1"
"E27_IN2","gr_int_sp2","E27_IN2","grint","grave","interface","27","E","E","Advanced1","G_Advanced","Advanced2",0.930167598,5.99,1431,37.4,107.5796447,1441.191806,0.615080074,1.855,29.203,15.7413,45892500000,10.66174209,0.414382,-0.382598861,1312.170732,3.595906748,13.85658125,"CLIMAX","Donor2"
"E27_IN3","gr_int_sp3","E27_IN3","grint","grave","interface","27","E","E","Advanced1","G_Advanced","Advanced2",0.669396873,6.21,684,62.9,76.25001463,1054.168479,1.914241747,1.073,16.195,15.0917,72610500000,10.8609997,0.137938,-0.860316098,3116.394231,5.635787347,91.85787132,"CLIMAX","Donor3"
"F43","con15_mean","F43","con15","control","core","43","F","con","Advanced2","Control","Advanced3",0.269576426,7.133333333,66.82,99.06666667,1.921501233,10.3450656,6.6711092,0.494,7.006,14.26033333,23980900000,10.37986538,0.0327554,-1.484717365,4519.379085,6.221104917,114.7996937,"CLIMAX","Control"
"F43_CONINT","conint_mean","F43_CONINT","conint","control","interface","43","F","con","Advanced2","Control","Advanced3",0.223929144,7.023333333,98.67666667,99.06666667,1.63922552,27.39708509,9.734563673,0.892666667,13.11933333,14.68863333,18230900000,10.2608076,0.114099,-0.942717041,4762.678862,6.554320626,184.6771756,"CLIMAX","Control"
"F43_CORE1","gr_15_sp1","F43_CORE1","gr15","grave","core","43","F","F","Advanced2","G_Advanced","Advanced3",0.280607248,5.68,696.2,64.5,47.5911628,577.4684949,9.490153444,0.406,7.924,19.5099,17071100000,10.23226067,0.220763,-0.656074513,2378.478814,4.546860016,19.51515491,"CLIMAX","Donor1"
"F43_CORE2","gr_15_sp2","F43_CORE2","gr15","grave","core","43","F","F","Advanced2","G_Advanced","Advanced3",0.242331288,5.98,465.5,75,39.13200769,109.6564417,9.312515337,0.432,6.533,15.1235,26230900000,10.41881273,0.765603,-0.115996526,3268.297214,4.958952426,39.67005913,"CLIMAX","Donor2"
"F43_CORE3","gr_15_sp3","F43_CORE3","gr15","grave","core","43","F","F","Advanced2","G_Advanced","Advanced3",0.344211823,5.52,437.5,80.25,48.6749513,257.0133005,1.828128079,0.536,10.19,18.9962,28125900000,10.44910594,0.309953,-0.508704253,4343.247191,5.334764726,30.22074676,"CLIMAX","Donor3"
"F43_IN1","gr_int_sp1","F43_IN1","grint","grave","interface","43","F","F","Advanced2","G_Advanced","Advanced3",0.300291545,6.47,3.355,64.5,65.92263276,4953.590671,1.20320311,1.9,23.798,12.5256,3.6102e+10,10.55753174,0.127705,-0.893792886,2313.716895,4.461076572,18.66168012,"CLIMAX","Donor1"
"F43_IN2","gr_int_sp2","F43_IN2","grint","grave","interface","43","F","F","Advanced2","G_Advanced","Advanced3",0.210611803,5.65,968.8,75,60.88390595,1045.968598,0.411608013,1.359,19.228,14.1447,5666010000,9.753277224,7.90769,0.898049383,1833.75,4.104272218,19.90610956,"CLIMAX","Donor2"
"F43_IN3","gr_int_sp3","F43_IN3","grint","grave","interface","43","F","F","Advanced2","G_Advanced","Advanced3",0.515252357,6.02,1036,80.25,69.74934741,2325.811351,0.682873729,1.307,30.04,22.9862,30357700000,10.48226822,0.904591,-0.043547662,1726.478528,4.887749234,37.78586444,"CLIMAX","Donor3"
"G58","con15_mean","G58","con15","control","core","58","G","con","Advanced3","Control","Advanced4",0.396896829,7.313333333,38.83666667,96.83333333,2.431128742,3.823500032,8.283661687,0.46,5.839333333,12.61153333,2699470000,9.431279047,0.0178383,-1.748647306,5809.162679,6.607744573,180.9747397,"CLIMAX","Control"
"G58_CONINT","conint_mean","G58_CONINT","conint","control","interface","58","G","con","Advanced3","Control","Advanced4",0.620348209,7.33,52.09333333,96.83333333,7.29917816,12.18967117,9.209643737,0.874333333,13.06166667,14.9076,2599480000,9.414887133,0.0301172,-1.521185484,3904.681265,6.532713589,188.9171673,"CLIMAX","Control"
"G58_CORE1","gr_15_sp1","G58_CORE1","gr15","grave","core","58","G","G","Advanced3","G_Advanced","Advanced4",0.410118407,6.25,602.3,63,57.01717209,710.8876929,6.610635091,0.684,9.657,14.1131,1.9372e+10,10.28717425,0.145343,-0.83760465,3471.055215,5.98051664,104.305046,"CLIMAX","Donor1"
"G58_CORE2","gr_15_sp2","G58_CORE2","gr15","grave","core","58","G","G","Advanced3","G_Advanced","Advanced4",0.457720588,6.41,331.3,71.6,63.69165452,86.97732843,0.431485294,0.906,11.428,12.613,3508370000,9.545105675,1.13669,0.055641072,2705.247191,5.207602463,58.57292921,"CLIMAX","Donor2"
"G58_CORE3","gr_15_sp3","G58_CORE3","gr15","grave","core","58","G","G","Advanced3","G_Advanced","Advanced4",0.418149466,6.43,258.7,87,45.46055752,50.67520759,3.539701068,0.555,8.193,14.7529,1221340000,9.086837676,0.409619,-0.38762012,3349.419948,6.425915984,188.0204893,"CLIMAX","Donor3"
"G58_IN1","gr_int_sp1","G58_IN1","grint","grave","interface","58","G","G","Advanced3","G_Advanced","Advanced4",1.023705004,7.53,1577,63,81.06737834,3208.516828,0.903921569,1.492,22.264,14.9199,15965100000,10.20317227,0.309114,-0.509881137,1791,5.292906151,71.49936927,"CLIMAX","Donor1"
"G58_IN2","gr_int_sp2","G58_IN2","grint","grave","interface","58","G","G","Advanced3","G_Advanced","Advanced4",0.757287329,6.08,427.3,71.6,75.49301592,500.0068213,0.145269086,1.13,17.878,15.8176,74060900000,10.86958896,0.259298,-0.586201063,1440.043478,4.143475884,19.17410137,"CLIMAX","Donor2"
"G58_IN3","gr_int_sp3","G58_IN3","grint","grave","interface","58","G","G","Advanced3","G_Advanced","Advanced4",0.680420105,6.47,476.3,87,74.87696218,767.615904,4.808242061,1.334,17.892,13.4156,8149160000,9.911112761,1.73884,0.240260171,1575.106383,4.002280785,17.88776869,"CLIMAX","Donor3"
"H72","con15_mean","H72","con15","control","core","72","H","con","Advanced4","Control","Advanced5",0.312211313,7.363333333,53.83333333,96.83333333,1.633706446,5.690740013,4.117560955,0.417,5.494,13.1135,10654900000,10.02755071,0.0408146,-1.389184432,3589.747283,6.251335845,133.4989719,"DECLINE","Control"
"H72_CONINT","conint_mean","H72_CONINT","conint","control","interface","72","H","con","Advanced4","Control","Advanced5",0.298052459,7.293333333,61.84,96.83333333,1.983243401,8.382565991,9.64422434,0.828666667,11.90266667,14.36833333,21858100000,10.33961174,0.070814,-1.149880594,3523.361878,6.376029942,150.1691147,"DECLINE","Control"
"H72_CORE1","gr_15_sp1","H72_CORE1","gr15","grave","core","72","H","H","Advanced4","G_Advanced","Advanced5",0.445508982,6.39,1044,50.7,37.99830742,884.9405988,9.742730539,0.541,7.814,14.4426,3.05689e+11,11.48528029,0.04829,-1.316142666,1812.987097,4.356191793,34.12427443,"DECLINE","Donor1"
"H72_CORE2","gr_15_sp2","H72_CORE2","gr15","grave","core","72","H","H","Advanced4","G_Advanced","Advanced5",0.333127699,7.26,393.7,84.4,10.08277531,269.3806704,10.08200041,0.313,3.818,12.2141,24155400000,10.38301379,0.278548,-0.555100036,2886.6875,6.093158767,156.3864694,"DECLINE","Donor2"
"H72_CORE3","gr_15_sp3","H72_CORE3","gr15","grave","core","72","H","H","Advanced4","G_Advanced","Advanced5",0.416986301,6.06,234.2,75,38.94999979,89.45906849,2.662044932,0.449,6.957,15.5051,2483960000,9.395144214,0.830454,-0.080684569,2528.088608,5.316082339,74.09556186,"DECLINE","Donor3"
"H72_IN1","gr_int_sp1","H72_IN1","grint","grave","interface","72","H","H","Advanced4","G_Advanced","Advanced5",0.604120677,6.36,924.2,50.7,80.84668188,2514.191808,2.647868531,1.234,17.376,14.0811,2.3302e+10,10.36739334,0.373963,-0.427171827,1522.894737,4.425569623,15.45548989,"DECLINE","Donor1"
"H72_IN2","gr_int_sp2","H72_IN2","grint","grave","interface","72","H","H","Advanced4","G_Advanced","Advanced5",0.56294964,7.69,914.9,84.4,66.85186993,1527.731175,10.43216787,1.136,13.776,12.1313,31361100000,10.49639087,0.13311,-0.875789651,1483.556604,5.104194599,63.46894659,"DECLINE","Donor2"
"H72_IN3","gr_int_sp3","H72_IN3","grint","grave","interface","72","H","H","Advanced4","G_Advanced","Advanced5",0.399428027,6.98,638.8,75,68.71810818,995.2732126,25.67483953,0.903,12.271,13.5945,53095800000,10.72506041,0.45462,-0.342351844,2479.439024,5.653770185,103.8633848,"DECLINE","Donor3"
"J86","con15_mean","J86","con15","control","core","86","J","con","Advanced5_transition","Control","Advanced6",0.367500005,7.17,40.36666667,97.76666667,1.752686632,6.810963137,7.888749947,0.481666667,6.190333333,12.85553333,16418400000,10.21533143,0.0390253,-1.408653585,4924.6375,6.112459242,93.70849171,"DECLINE","Control"
"J86_CONINT","conint_mean","J86_CONINT","conint","control","interface","86","J","con","Advanced5_transition","Control","Advanced6",0.461795251,7.26,50.54666667,97.76666667,4.519357113,11.61239216,13.67462518,0.808,11.66733333,14.439,26521700000,10.42360106,0.0430966,-1.365556793,4465.160494,6.294085535,124.6111623,"DECLINE","Control"
"J86_CORE1","gr_15_sp1","J86_CORE1","gr15","grave","core","86","J","J","Advanced5_transition","G_Advanced","Advanced6",0.433776465,6.21,498.3,72,52.61327186,618.2444116,26.77147415,0.445,5.904,13.2707,442714000,8.646122863,0.660547,-0.180096099,2941.62931,4.730905407,13.14647181,"DECLINE","Donor1"
"J86_CORE2","gr_15_sp2","J86_CORE2","gr15","grave","core","86","J","J","Advanced5_transition","G_Advanced","Advanced6",0.436835106,6.7,203.9,88.2,8.740563431,102.3026596,36.27721277,0.446,5.803,13.0186,3126490000,9.495056743,0.129466,-0.887845621,3797.512195,6.025469508,91.37157877,"DECLINE","Donor2"
"J86_CORE3","gr_15_sp3","J86_CORE3","gr15","grave","core","86","J","J","Advanced5_transition","G_Advanced","Advanced6",0.434302909,6.49,240.3,94.3,24.93964394,191.7184888,3.516910732,0.41,5.48,13.3714,108805000,8.036648872,2.83295,0.452238352,3091.131868,6.179416573,172.7959337,"DECLINE","Donor3"
"J86_IN1","gr_int_sp1","J86_IN1","grint","grave","interface","86","J","J","Advanced5_transition","G_Advanced","Advanced6",1.013986014,6.54,1202,72,102.6277082,4313.152448,0.835132867,1.627,27.451,16.8683,54631400000,10.73744227,0.189896,-0.72148305,1508.852071,4.618355345,17.20775821,"DECLINE","Donor1"
"J86_IN2","gr_int_sp2","J86_IN2","grint","grave","interface","86","J","J","Advanced5_transition","G_Advanced","Advanced6",0.623160589,6.95,409,88.2,55.71551591,440.6339945,52.09696225,0.863,12.634,14.6388,6749870000,9.829295723,0.339646,-0.468973173,1639.641892,5.526975197,108.1844298,"DECLINE","Donor2"
"J86_IN3","gr_int_sp3","J86_IN3","grint","grave","interface","86","J","J","Advanced5_transition","G_Advanced","Advanced6",0.887931034,6.77,551,94.3,87.81927283,931.8827586,69.91889655,1.479,22.446,15.1791,1854760000,9.268288536,1.66431,0.221234029,4258.509978,6.150547906,188.6248251,"DECLINE","Donor3"
"K103","con15_mean","K103","con15","control","core","103","K","con","Advanced1","Control","Advanced7",0.36748779,7.293333333,56.66333333,97.2,2.049199366,6.703964305,5.886210875,0.430666667,5.602,13.00283333,2948880000,9.469656499,0.0319835,-1.495073644,4908.469582,6.792688751,255.6745309,"DECLINE","Control"
"K103_CONINT","conint_mean","K103_CONINT","conint","control","interface","103","K","con","Advanced1","Control","Advanced7",0.465710931,6.95,49.69333333,97.2,3.441055522,10.7432175,9.7583618,0.795,11.76933333,14.75393333,1418770000,9.151912126,0.128036,-0.892667235,4346.632385,6.657573554,215.2186756,"DECLINE","Control"
"K103_CORE1","gr_15_sp1","K103_CORE1","gr15","grave","core","103","K","K","Advanced1","G_Advanced","Advanced7",0.377077364,5.76,581,71.5,32.51203461,281.3277249,78.36488252,0.625,10.874,17.3976,10894800000,10.03721933,0.191799,-0.717153503,3277.218487,6.26762869,177.7968251,"DECLINE","Donor1"
"K103_CORE2","gr_15_sp2","K103_CORE2","gr15","grave","core","103","K","K","Advanced1","G_Advanced","Advanced7",0.372093023,6.43,253.5,92.6,3.67986418,19.06294574,51.26139535,0.379,4.745,12.5342,2228590000,9.348030486,0.162515,-0.789105712,5037.312937,6.30297241,163.0203076,"DECLINE","Donor2"
"K103_CORE3","gr_15_sp3","K103_CORE3","gr15","grave","core","103","K","K","Advanced1","G_Advanced","Advanced7",0.493099122,5.78,343.6,87.9,41.38460666,121.5979925,3.410238394,0.628,10.333,16.4467,1084530000,9.035242113,2.18274,0.339002401,3884.958937,5.980271343,126.8908532,"DECLINE","Donor3"
"K103_IN1","gr_int_sp1","K103_IN1","grint","grave","interface","103","K","K","Advanced1","G_Advanced","Advanced7",0.74201278,6.86,1017,71.5,88.58690353,798.7709265,150.5099042,1.294,17.65,13.6375,48602900000,10.68666207,0.252189,-0.598273353,2490.724891,5.65686249,94.67095348,"DECLINE","Donor1"
"K103_IN2","gr_int_sp2","K103_IN2","grint","grave","interface","103","K","K","Advanced1","G_Advanced","Advanced7",0.660447761,6.22,435.8,92.6,22.03178884,229.141791,163.1223881,1.026,12.067,11.7643,5706630000,9.756380093,0.400092,-0.397840454,2622.03937,5.959691878,143.1910153,"DECLINE","Donor2"
"K103_IN3","gr_int_sp3","K103_IN3","grint","grave","interface","103","K","K","Advanced1","G_Advanced","Advanced7",1.061139028,6.79,266,87.9,62.76729361,384.1963149,23.61790508,1.333,18.002,13.5079,9645860000,9.984341166,1.18983,0.075485803,2373.657143,5.290474902,59.93906467,"DECLINE","Donor3"
"L117","con15_mean","L117","con15","control","core","117","L","con","Advanced1","Control","Advanced8",0.30758279,7.213333333,55.45666667,98.63333333,1.916169065,7.439136686,10.78529924,0.447333333,6.148,13.67513333,3098950000,9.491214834,0.0880987,-1.05503026,6478.394933,6.357344985,115.075391,"DECLINE","Control"
"L117_CONINT","conint_mean","L117_CONINT","conint","control","interface","117","L","con","Advanced1","Control","Advanced8",0.312502407,7.023333333,34.96666667,98.63333333,1.960390344,12.62819769,11.71686261,0.750666667,10.43533333,13.88483333,1140820000,9.057215882,0.110565,-0.956382287,5681.126365,6.785095215,287.97077,"DECLINE","Control"
"L117_CORE1","gr_15_sp1","L117_CORE1","gr15","grave","core","117","L","L","Advanced1","G_Advanced","Advanced8",0.385135135,5.57,678.1,86.5,31.7175822,420.1576577,126.4351351,0.552,9.186,16.6532,2700870000,9.431503406,0.321107,-0.493349905,3786.286885,6.186453196,151.6616622,"DECLINE","Donor1"
"L117_CORE2","gr_15_sp2","L117_CORE2","gr15","grave","core","117","L","L","Advanced1","G_Advanced","Advanced8",0.318404908,6.49,247,97.1,3.581525298,33.75116564,77.06516155,0.476,6.288,13.2205,9358800000,9.971220289,0.328151,-0.483926231,4631.422222,6.169077136,99.4305543,"DECLINE","Donor2"
"L117_CORE3","gr_15_sp3","L117_CORE3","gr15","grave","core","117","L","L","Advanced1","G_Advanced","Advanced8",0.502360081,6.05,262.7,94.7,47.32323196,141.7426658,14.37057496,0.716,11.733,16.3767,5286620000,9.723177788,0.97644,-0.010354651,3985.757576,6.188505108,148.2771983,"DECLINE","Donor3"
"L117_IN1","gr_int_sp1","L117_IN1","grint","grave","interface","117","L","L","Advanced1","G_Advanced","Advanced8",0.561230093,7.1,472.3,86.5,53.18973035,1046.440491,89.88522057,1.146,13.949,12.1743,3555300000,9.550876838,0.263656,-0.578961668,1789.360406,5.460812002,97.58861446,"DECLINE","Donor1"
"L117_IN2","gr_int_sp2","L117_IN2","grint","grave","interface","117","L","L","Advanced1","G_Advanced","Advanced8",0.474824356,5.83,721.2,97.1,15.85939495,89.4726776,367.0346214,1.075,12.634,11.7545,5991730000,9.777552137,1.87656,0.273362207,2064.61215,5.286899364,73.7412461,"DECLINE","Donor2"
"L117_IN3","gr_int_sp3","L117_IN3","grint","grave","interface","117","L","L","Advanced1","G_Advanced","Advanced8",0.587589237,6.51,272,94.7,37.29824855,157.2771737,101.2246897,1.061,14.354,13.5236,2175430000,9.337545643,0.730248,-0.13652959,2977.71777,5.985637042,166.287783,"DECLINE","Donor3"
"M132","con15_mean","M132","con15","control","core","132","M","con","Advanced1","Control","Advanced9",0.225498667,6.903333333,51.19333333,98.96666667,1.209401423,2.56627256,3.608726813,0.493,6.521,13.19953333,5926750000,9.772816574,0.10073,-0.996840137,4074.49115,6.316098217,127.5562889,"RECOVERY","Control"
"M132_CONINT","conint_mean","M132_CONINT","conint","control","interface","132","M","con","Advanced1","Control","Advanced9",0.268842377,6.883333333,78.42333333,98.96666667,1.824770179,5.631291342,13.53222796,0.742333333,10.56233333,14.13546667,1510920000,9.179240179,0.113261,-0.945918229,5112.489564,6.859332923,276.1194131,"RECOVERY","Control"
"M132_CORE1","gr_15_sp1","M132_CORE1","gr15","grave","core","132","M","M","Advanced1","G_Advanced","Advanced9",0.431113662,5.79,648,90.7,37.17364207,230.3520551,131.0518485,0.82,10.778,13.1375,5396780000,9.732134774,0.957619,-0.018807091,3506.924138,5.866030973,106.4840294,"RECOVERY","Donor1"
"M132_CORE2","gr_15_sp2","M132_CORE2","gr15","grave","core","132","M","M","Advanced1","G_Advanced","Advanced9",0.234229829,6.27,228.9,98.9,2.633014681,14.90949633,39.59409291,0.463,6.125,13.2338,7042180000,9.847707042,0.60834,-0.215853921,3384.471545,6.25417768,172.2592086,"RECOVERY","Donor2"
"M132_CORE3","gr_15_sp3","M132_CORE3","gr15","grave","core","132","M","M","Advanced1","G_Advanced","Advanced9",0.402111324,6.04,243.9,98.4,33.02288044,77.17220729,7.655527831,0.375,5.336,14.2163,4379220000,9.641397234,0.822842,-0.084683567,4184.675789,6.576653666,257.9011241,"RECOVERY","Donor3"
"M132_IN1","gr_int_sp1","M132_IN1","grint","grave","interface","132","M","M","Advanced1","G_Advanced","Advanced9",0.430951102,6.46,886.1,90.7,70.71132337,788.5494537,268.3510299,1.079,12.17,11.278,333041000,8.522497755,0.646872,-0.189181804,1488.739837,4.918641602,45.46000685,"RECOVERY","Donor1"
"M132_IN2","gr_int_sp2","M132_IN2","grint","grave","interface","132","M","M","Advanced1","G_Advanced","Advanced9",0.274409044,5.84,317,98.9,5.606624788,115.7163412,204.4152107,0.977,11.634,11.9109,3437890000,9.536292184,0.208179,-0.681562388,2091.060748,5.406647531,73.28051968,"RECOVERY","Donor2"
"M132_IN3","gr_int_sp3","M132_IN3","grint","grave","interface","132","M","M","Advanced1","G_Advanced","Advanced9",0.278996865,5.95,454.4,98.4,11.3580622,196.4539185,137.8758621,1.056,13.391,12.6853,2180300000,9.338516177,0.455298,-0.341704168,2775.326772,6.150157235,174.0976824,"RECOVERY","Donor3"
"N150","con15_mean","N150","con15","control","core","150","N","con","Advanced1","Control","Advanced10",0.407425308,7.22,51.4,97,2.513326537,7.57655914,6.490919473,0.449,5.926666667,13.12986667,445488000,8.648836203,0.124945,-0.903282657,4770.633663,6.591733558,182.1245372,"RECOVERY","Control"
"N150_CONINT","conint_mean","N150_CONINT","conint","control","interface","150","N","con","Advanced1","Control","Advanced10",0.56489846,7.196666667,44.26666667,97,4.822341389,10.06090865,7.863281771,0.945333333,12.688,13.5952,761099000,8.881441316,0.677639,-0.169001825,6730.256131,6.513175058,157.2484116,"RECOVERY","Control"
"N150_CORE1","gr_15_sp1","N150_CORE1","gr15","grave","core","150","N","N","Advanced1","G_Advanced","Advanced10",0.412132884,6.38,397.9,85.4,28.81617783,302.1587803,55.56272187,0.648,8.37,12.913,13513300,7.13076208,18.3817,1.264385461,4000.821577,6.374279543,211.8187729,"RECOVERY","Donor1"
"N150_CORE2","gr_15_sp2","N150_CORE2","gr15","grave","core","150","N","N","Advanced1","G_Advanced","Advanced10",0.350449294,6.49,220.5,96.5,3.304618647,28.05333333,38.01064613,0.557,7.426,13.3421,1051660000,9.021874267,0.457252,-0.339844159,3661.5,6.530357454,274.8577269,"RECOVERY","Donor2"
"N150_CORE3","gr_15_sp3","N150_CORE3","gr15","grave","core","150","N","N","Advanced1","G_Advanced","Advanced10",0.52427686,6.33,213.4,96.8,22.19152091,44.5088843,16.5272259,0.695,10.644,15.3153,875171000,8.94209311,0.845245,-0.073017177,3924.712531,6.187472029,89.4028043,"RECOVERY","Donor3"
"N150_IN1","gr_int_sp1","N150_IN1","grint","grave","interface","150","N","N","Advanced1","G_Advanced","Advanced10",0.75536193,6.65,259.3,85.4,32.14449816,355.2852547,78.21892761,1.319,15.12,11.4595,4966390000,9.696041233,1.85941,0.269374574,2749.428571,5.519853422,75.22147209,"RECOVERY","Donor1"
"N150_IN2","gr_int_sp2","N150_IN2","grint","grave","interface","150","N","N","Advanced1","G_Advanced","Advanced10",0.461584276,5.89,740.5,96.5,14.463176,212.2220369,168.3745086,0.909,11.266,12.3895,1237950000,9.092704712,0.544611,-0.263913848,2649.662791,5.990078644,148.848971,"RECOVERY","Donor2"
"N150_IN3","gr_int_sp3","N150_IN3","grint","grave","interface","150","N","N","Advanced1","G_Advanced","Advanced10",0.679330328,6.2,492.2,96.8,22.075115,233.6508264,142.1833011,1.213,14.932,12.3085,1708920000,9.232722402,0.937984,-0.02780442,3044.765957,6.103766563,165.2466114,"RECOVERY","Donor3"
"P168","con15_mean","P168","con15","control","core","168","P","con","Advanced1","Control","Advanced11",0.448909583,7.163333333,48.82333333,100.4666667,1.603389977,5.979173381,8.896706973,0.497333333,7.506,14.93816667,1226730000,9.088748695,0.134529,-0.871183793,4479.913232,6.511144466,174.4996602,"RECOVERY","Control"
"P168_CONINT","conint_mean","P168_CONINT","conint","control","interface","168","P","con","Advanced1","Control","Advanced11",0.619179787,7.153333333,44.51666667,100.4666667,3.476697076,9.426442599,8.35951746,0.759333333,11.216,14.5426,461043000,8.663741732,0.637033,-0.195838388,5265.558659,6.726260932,249.6360239,"RECOVERY","Control"
"P168_CORE1","gr_15_sp1","P168_CORE1","gr15","grave","core","168","P","P","Advanced1","G_Advanced","Advanced11",0.42676399,6.24,263.9,96.1,10.01755739,107.4067932,66.29696675,0.537,6.697,12.4732,6437330000,9.808705458,0.550898,-0.258928916,3577.674863,6.215611649,140.2531929,"RECOVERY","Donor1"
"P168_CORE2","gr_15_sp2","P168_CORE2","gr15","grave","core","168","P","P","Advanced1","G_Advanced","Advanced11",0.365921788,6.05,314.3,101.4,2.428115292,31.90793296,82.02815642,0.438,5.602,12.7837,7636460000,9.882891878,1.4655,0.165984948,2554.79703,5.58799209,97.83502375,"RECOVERY","Donor2"
"P168_CORE3","gr_15_sp3","P168_CORE3","gr15","grave","core","168","P","P","Advanced1","G_Advanced","Advanced11",0.647237401,6.51,109,101.4,8.888085486,19.04206436,24.18583768,1.321,16.551,12.534,1.8296e+10,10.26235717,0.0418103,-1.378716539,3676.485014,6.003807314,131.8698761,"RECOVERY","Donor3"
"P168_IN1","gr_int_sp1","P168_IN1","grint","grave","interface","168","P","P","Advanced1","G_Advanced","Advanced11",1.022590361,6.54,338.7,96.1,39.50976148,682.421988,105.767992,2.361,21.048,8.9167,647169000,8.811017655,0.871767,-0.059599478,1889.502793,4.860843382,39.36317227,"RECOVERY","Donor1"
"P168_IN2","gr_int_sp2","P168_IN2","grint","grave","interface","168","P","P","Advanced1","G_Advanced","Advanced11",0.571240972,5.16,681.3,101.4,9.401735107,254.7505362,338.7595535,1.106,11.889,10.75,1746370000,9.242136018,8.98468,0.953502773,1695.157233,5.266017739,60.56705401,"RECOVERY","Donor2"
"P168_IN3","gr_int_sp3","P168_IN3","grint","grave","interface","168","P","P","Advanced1","G_Advanced","Advanced11",0.564740307,5.6,623.2,101.4,12.70361741,178.5890271,216.9773226,1.023,12.726,12.4394,3593010000,9.555458128,0.198729,-0.701738159,2701.171533,5.824739095,127.6704749,"RECOVERY","Donor3"
"Q201","con15_mean","Q201","con15","control","core","201","Q","con","Advanced1","Control","Advanced12",0.465327112,7.186666667,44.62333333,100,2.272458433,8.129026317,8.791911168,0.502666667,7.066333333,14.03946667,1048850000,9.020713647,0.124046,-0.906417462,5293.191525,6.677835624,202.771322,"RECOVERY","Control"
"Q201_CONINT","conint_mean","Q201_CONINT","conint","control","interface","201","Q","con","Advanced1","Control","Advanced12",0.622028042,7.156666667,50.41,100,4.608634501,8.620905782,7.401187861,0.735333333,10.68166667,14.40006667,213338000,8.329069122,0.700437,-0.154631003,6799.836389,6.779201835,252.8906865,"RECOVERY","Control"
"Q201_CORE1","gr_15_sp1","Q201_CORE1","gr15","grave","core","201","Q","Q","Advanced1","G_Advanced","Advanced12",0.469767442,6.5,283.8,100,6.134179394,56.43906977,62.65128682,0.498,6.301,12.6429,1188970000,9.075169091,0.233972,-0.630835898,4110.013605,6.323711257,133.3841168,"RECOVERY","Donor1"
"Q201_CORE2","gr_15_sp2","Q201_CORE2","gr15","grave","core","201","Q","Q","Advanced1","G_Advanced","Advanced12",0.404433498,5.68,455.7,100,2.209216169,78.57337274,105.4261412,0.4,5.15,12.8884,845232000,8.926976014,0.28758,-0.541240722,4466.837675,6.407941623,106.9423274,"RECOVERY","Donor2"
"Q201_CORE3","gr_15_sp3","Q201_CORE3","gr15","grave","core","201","Q","Q","Advanced1","G_Advanced","Advanced12",0.482948295,6.79,86.23,100,4.54474337,16.52993033,12.76521892,0.437,5.891,13.4748,932403000,8.969603702,0.357698,-0.446483152,5311.813187,6.712140943,197.8251074,"RECOVERY","Donor3"
"Q201_IN1","gr_int_sp1","Q201_IN1","grint","grave","interface","201","Q","Q","Advanced1","G_Advanced","Advanced12",0.632853403,6.34,283.9,100,35.85745061,516.7436736,80.55410122,1.291,13.933,10.795,5523530000,9.742216808,1.12791,0.052274753,2916.011029,5.32919208,44.06229718,"RECOVERY","Donor1"
"Q201_IN2","gr_int_sp2","Q201_IN2","grint","grave","interface","201","Q","Q","Advanced1","G_Advanced","Advanced12",0.582931865,5.33,237.8,100,9.261124182,134.0215646,98.60610232,0.99,11.356,11.4682,350175000,8.544284973,2.79579,0.446504642,2918.647059,5.799885354,59.79906749,"RECOVERY","Donor2"
"Q201_IN3","gr_int_sp3","Q201_IN3","grint","grave","interface","201","Q","Q","Advanced1","G_Advanced","Advanced12",0.690555928,5.78,347,100,13.73856597,197.4569324,170.2277115,1.124,14.226,12.6536,3682480000,9.566140071,0.21899,-0.659575182,4533.714612,6.570870539,263.4930623,"RECOVERY","Donor3"
"R254","con15_mean","R254","con15","control","core","254","R","con","Advanced1","Control","Advanced13",0.498262323,7.593333333,74.38,100,2.01649254,8.453578308,10.28320741,0.596333333,8.287666667,13.87363333,1304060000,9.1152967,0.0589094,-1.229815747,6286.346154,6.581421833,172.4193183,"RECOVERY","Control"
"R254_CONINT","conint_mean","R254_CONINT","conint","control","interface","254","R","con","Advanced1","Control","Advanced13",0.682732999,7.606666667,58.59333333,100,5.765401987,9.871803951,9.998633412,0.817666667,12.36466667,15.1678,623658000,8.794946508,0.1757,-0.755227959,5538.186901,6.654750231,221.1930877,"RECOVERY","Control"
"R254_CORE1","gr_15_sp1","R254_CORE1","gr15","grave","core","254","R","R","Advanced1","G_Advanced","Advanced13",0.632664437,6.75,178.3,100,13.50395427,157.6283092,34.37302861,0.809,10.126,12.521,7896840000,9.897453161,1.04793,0.020330851,4716.279297,6.481129051,226.9225864,"RECOVERY","Donor1"
"R254_CORE2","gr_15_sp2","R254_CORE2","gr15","grave","core","254","R","R","Advanced1","G_Advanced","Advanced13",0.429403202,6.4,202.3,100,5.481313401,178.561048,41.26210577,0.38,4.863,12.7993,4173940000,9.620546547,0.580886,-0.23590942,5012.406742,6.215048454,105.9476076,"RECOVERY","Donor2"
"R254_CORE3","gr_15_sp3","R254_CORE3","gr15","grave","core","254","R","R","Advanced1","G_Advanced","Advanced13",0.549344375,6.73,170.6,100,6.125817181,62.03574879,45.009487,0.541,7.01,12.9529,822687000,8.91523461,0.413648,-0.383369591,5357.882662,6.808812485,314.4703715,"RECOVERY","Donor3"
"R254_IN1","gr_int_sp1","R254_IN1","grint","grave","interface","254","R","R","Advanced1","G_Advanced","Advanced13",1.02009702,7.83,361.2,100,43.28055409,1147.549781,7.811041811,1.327,13.487,10.1648,11511500000,10.06113036,0.381205,-0.418841146,5291.089866,6.17109003,106.6124637,"RECOVERY","Donor1"
"R254_IN2","gr_int_sp2","R254_IN2","grint","grave","interface","254","R","R","Advanced1","G_Advanced","Advanced13",0.589978829,5.96,471.9,100,9.290283029,669.063091,198.641355,0.882,9.834,11.1482,4505560000,9.653748669,4.20393,0.623655669,3447.864583,5.781203556,81.70501415,"RECOVERY","Donor2"
"R254_IN3","gr_int_sp3","R254_IN3","grint","grave","interface","254","R","R","Advanced1","G_Advanced","Advanced13",0.666857798,5.73,710.9,100,12.66272542,510.8363532,380.4880734,0.93,11.445,12.3005,1046170000,9.019600695,0.327502,-0.484785628,4415.065646,6.242402915,136.5745523,"RECOVERY","Donor3"
"S303","con15_mean","S303","con15","control","core","303","S","con","Skeletonization8","Control","Skeletonization1",0.522711699,7.533333333,42.22333333,100,1.868453988,7.068802993,6.315354055,0.418,5.765,13.7784,269447000,8.430472583,0.176327,-0.753680095,5288.682334,6.657847014,197.3272094,"RECOVERY","Control"
"S303_CONINT","conint_mean","S303_CONINT","conint","control","interface","303","S","con","Skeletonization8","Control","Skeletonization1",0.797439235,7.336666667,40.17,100,6.348392493,9.001178175,6.858079057,0.767333333,11.261,14.53826667,1495850000,9.174888628,0.180185,-0.744280242,6383.293696,6.859259916,279.9491979,"RECOVERY","Control"
"S303_CORE1","gr_15_sp1","S303_CORE1","gr15","grave","core","303","S","S","Skeletonization8","H_Skeletonization","Skeletonization1",0.520506634,6.86,124.2,100,11.4708123,67.28748693,27.65294733,0.413,5.517,13.3469,1108030000,9.044552744,0.284555,-0.545834458,4142.275862,6.161063743,122.9840977,"RECOVERY","Donor1"
"S303_CORE2","gr_15_sp2","S303_CORE2","gr15","grave","core","303","S","S","Skeletonization8","H_Skeletonization","Skeletonization1",0.526315789,6.57,94.51,100,4.394904097,50.36842105,42.79789474,0.485,6.066,12.4947,1172080000,9.068957448,0.2633,-0.579549134,4516.247465,6.714197748,279.3129737,"RECOVERY","Donor2"
"S303_CORE3","gr_15_sp3","S303_CORE3","gr15","grave","core","303","S","S","Skeletonization8","H_Skeletonization","Skeletonization1",0.672839506,6.64,114.3,100,26.84631338,172.7039506,35.24115226,0.792,10.989,13.8758,15482800000,10.18985023,0.0389173,-1.409857677,5178.313187,6.424122003,200.3513173,"RECOVERY","Donor3"
"S303_IN1","gr_int_sp1","S303_IN1","grint","grave","interface","303","S","S","Skeletonization8","H_Skeletonization","Skeletonization1",0.905254091,6.44,130.7,100,35.85346484,202.4650014,64.93105943,0.815,9.508,11.6697,3673030000,9.565024615,0.118611,-0.92587321,2942.982935,5.538419472,82.43460022,"RECOVERY","Donor1"
"S303_IN2","gr_int_sp2","S303_IN2","grint","grave","interface","303","S","S","Skeletonization8","H_Skeletonization","Skeletonization1",0.765326302,6.48,337.9,100,12.12044067,854.1825533,134.7297034,0.906,11.031,12.1778,1486280000,9.172101136,0.376261,-0.424510309,3524.564103,6.047505955,100.733339,"RECOVERY","Donor2"
"S303_IN3","gr_int_sp3","S303_IN3","grint","grave","interface","303","S","S","Skeletonization8","H_Skeletonization","Skeletonization1",1.073394495,7.8,1081,100,24.67885543,2549.445872,329.1444648,1.37,15.304,11.1742,121312,5.083904774,3517.23,3.546200461,3037.203509,5.91892055,150.4519653,"RECOVERY","Donor3"
"T340","con15_mean","T340","con15","control","core","340","T","con","Skeletonization9","Control","Skeletonization2",0.587178902,7.246666667,75.56666667,100,3.036079382,8.480144668,11.07628703,0.544666667,7.658333333,14.04756667,844343000,8.926518874,0.0511227,-1.291386332,5986.988235,6.736822013,219.9391814,"RECOVERY","Control"
"T340_CONINT","conint_mean","T340_CONINT","conint","control","interface","340","T","con","Skeletonization9","Control","Skeletonization2",0.818874905,7.173333333,75.37333333,100,6.779432329,10.02237659,11.13040625,0.862666667,13.23333333,15.24586667,1664860000,9.221378467,0.0654208,-1.184284357,6554.070896,6.839520131,280.7210001,"RECOVERY","Control"
"T340_CORE1","gr_15_sp1","T340_CORE1","gr15","grave","core","340","T","T","Skeletonization9","H_Skeletonization","Skeletonization2",0.65840081,7.03,91.33,100,22.32447687,37.70097841,6.483241565,0.592,7.814,13.19,3611080000,9.55763697,0.224129,-0.64950281,3136.427397,5.76873823,68.84933928,"RECOVERY","Donor1"
"T340_CORE2","gr_15_sp2","T340_CORE2","gr15","grave","core","340","T","T","Skeletonization9","H_Skeletonization","Skeletonization2",0.450669311,5.78,428,100,4.007149597,80.90866303,171.3724013,0.459,5.602,12.2105,1683130000,9.226118348,0.893838,-0.048740985,4347.422472,6.443978112,160.0398898,"RECOVERY","Donor2"
"T340_CORE3","gr_15_sp3","T340_CORE3","gr15","grave","core","340","T","T","Skeletonization9","H_Skeletonization","Skeletonization2",0.849193548,5.92,329.2,100,17.57283359,256.9885914,125.7944731,1.002,12.862,12.8361,842692,5.925669009,2030.45,3.30759203,4658.115974,6.176308227,93.65527195,"RECOVERY","Donor3"
"T340_IN1","gr_int_sp1","T340_IN1","grint","grave","interface","340","T","T","Skeletonization9","H_Skeletonization","Skeletonization2",1.034435262,6.67,171.1,100,28.42657761,99.55169881,0.217006428,1.139,13.912,12.2164,883278000,8.946097563,0.780025,-0.10789159,2225.121951,5.298978113,54.73491159,"RECOVERY","Donor1"
"T340_IN2","gr_int_sp2","T340_IN2","grint","grave","interface","340","T","T","Skeletonization9","H_Skeletonization","Skeletonization2",0.6485623,5.57,659.1,100,10.2785626,410.2722045,329.2728435,1.146,12.677,11.0569,1691620000,9.228302945,0.314681,-0.502129249,3607.35,5.546298882,30.93102211,"RECOVERY","Donor2"
"T340_IN3","gr_int_sp3","T340_IN3","grint","grave","interface","340","T","T","Skeletonization9","H_Skeletonization","Skeletonization2",0.826685007,5.67,463.6,100,12.58784765,919.5532325,238.3215039,1.155,13.476,11.6649,11449800000,10.05879775,0.0598675,-1.222809059,4019.454741,5.856568932,59.12186479,"RECOVERY","Donor3"
"U357","con15_mean","U357","con15","control","core","357","U","con","Skeletonization10","Control","Skeletonization3",0.491526239,6.986666667,34.73333333,100,3.322988674,7.698005454,8.05174179,0.405333333,5.752666667,14.0916,5393700000,9.731886943,0.0536299,-1.270593249,4186.364606,6.164561742,104.1141078,"RECOVERY","Control"
"U357_CONINT","conint_mean","U357_CONINT","conint","control","interface","357","U","con","Skeletonization10","Control","Skeletonization3",0.664314906,6.71,42.91666667,100,8.121684136,10.43945938,9.931713738,0.726,10.733,14.77353333,2403750000,9.380888795,0.17638,-0.75354988,5300.130859,6.365108878,134.9905328,"RECOVERY","Control"
"U357_CORE1","gr_15_sp1","U357_CORE1","gr15","grave","core","357","U","U","Skeletonization10","H_Skeletonization","Skeletonization3",0.515002459,6.54,67.01,100,8.66613255,67.36710936,24.12691917,0.505,6.534,12.9412,4996240000,9.698643122,0.330944,-0.480246078,4065.513514,6.328342166,141.7856537,"RECOVERY","Donor1"
"U357_CORE2","gr_15_sp2","U357_CORE2","gr15","grave","core","357","U","U","Skeletonization10","H_Skeletonization","Skeletonization3",0.405011655,5.89,120.4,100,2.663067965,9.348010878,56.12553225,0.26,3.312,12.7261,4401320000,9.643583337,0.69122,-0.160383649,4194.660976,6.365219783,129.7833013,"RECOVERY","Donor2"
"U357_CORE3","gr_15_sp3","U357_CORE3","gr15","grave","core","357","U","U","Skeletonization10","H_Skeletonization","Skeletonization3",0.558496559,6.15,150.9,100,15.96433538,47.30556555,44.30286218,0.482,6.557,13.591,126103000,8.100723798,1.46225,0.165021975,4680.835294,6.077856862,77.49347052,"RECOVERY","Donor3"
"U357_IN1","gr_int_sp1","U357_IN1","grint","grave","interface","357","U","U","Skeletonization10","H_Skeletonization","Skeletonization3",0.508692853,6,68.13,100,13.36130472,18.02385061,32.48316291,1.099,12.335,11.2207,5864990000,9.768267234,1.68308,0.226104714,2951.530909,5.475674207,63.45463529,"RECOVERY","Donor1"
"U357_IN2","gr_int_sp2","U357_IN2","grint","grave","interface","357","U","U","Skeletonization10","H_Skeletonization","Skeletonization3",0.547535211,5.89,174,100,7.500121008,207.2459155,93.16161972,0.979,10.973,11.2045,3465380000,9.539750936,3.13727,0.496552412,2726.021053,5.471943423,47.90431013,"RECOVERY","Donor2"
"U357_IN3","gr_int_sp3","U357_IN3","grint","grave","interface","357","U","U","Skeletonization10","H_Skeletonization","Skeletonization3",1.069279216,5.8,319.9,100,14.30033353,719.0607324,434.8245393,1.224,14.614,11.9424,2544370000,9.405580056,2.99561,0.476485888,3502.01791,6.380767804,185.8876125,"RECOVERY","Donor3"
"V376","con15_mean","V376","con15","control","core","376","V","con","Skeletonization10","Control","Skeletonization4",0.518846529,7.426666667,33.13,100,1.841779719,4.239303797,4.67652974,0.551666667,7.617,13.77796667,24275500000,10.38516858,0.0235763,-1.627523738,3880.621827,6.050511196,95.97736289,"RECOVERY","Control"
"V376_CONINT","conint_mean","V376_CONINT","conint","control","interface","376","V","con","Skeletonization10","Control","Skeletonization4",0.718151372,7.253333333,34.48333333,100,4.175036102,6.706921516,7.36110927,0.812,12.80766667,16.92453333,2297830000,9.361318013,0.37748,-0.42310578,4210.28169,6.400747038,144.8736172,"RECOVERY","Control"
"V376_CORE1","gr_15_sp1","V376_CORE1","gr15","grave","core","376","V","V","Skeletonization10","H_Skeletonization","Skeletonization4",0.616100767,7.48,79.86,100,8.896027414,37.13799562,0.995518072,0.513,7.205,14.0422,61794800000,10.79095215,0.137798,-0.860755544,1859.609442,5.041446019,29.67498727,"RECOVERY","Donor1"
"V376_CORE2","gr_15_sp2","V376_CORE2","gr15","grave","core","376","V","V","Skeletonization10","H_Skeletonization","Skeletonization4",0.520980926,5.97,180.1,100,3.009736142,7.037071753,53.5790881,0.662,8.093,12.2299,4942440000,9.693941414,1.22349,0.087600738,3018.164557,5.800334202,63.22468837,"RECOVERY","Donor2"
"V376_CORE3","gr_15_sp3","V376_CORE3","gr15","grave","core","376","V","V","Skeletonization10","H_Skeletonization","Skeletonization4",0.591034864,6.44,58.68,100,9.587197772,115.0424276,31.86312488,0.625,9.771,15.6295,406175000,8.60871329,2.21614,0.34559655,4418.688797,6.247240511,141.0976058,"RECOVERY","Donor3"
"V376_IN1","gr_int_sp1","V376_IN1","grint","grave","interface","376","V","V","Skeletonization10","H_Skeletonization","Skeletonization4",0.726737338,6.66,35.51,100,9.050619026,19.29341186,5.451885355,0.96,11.979,12.4758,4705160000,9.672574514,1.78998,0.252847917,2783.842466,5.841117364,93.7211059,"RECOVERY","Donor1"
"V376_IN2","gr_int_sp2","V376_IN2","grint","grave","interface","376","V","V","Skeletonization10","H_Skeletonization","Skeletonization4",0.626930204,5.42,46.52,100,5.072805763,34.14384188,19.43639284,0.89,11.037,12.398,3402900000,9.531849596,4.02036,0.604264633,2683.724138,5.809935939,88.66093188,"RECOVERY","Donor2"
"V376_IN3","gr_int_sp3","V376_IN3","grint","grave","interface","376","V","V","Skeletonization10","H_Skeletonization","Skeletonization4",0.718673219,5.29,414.7,100,10.52596324,344.4679443,164.9009664,0.811,12.351,15.2306,3143810000,9.497455757,2.6445,0.422344336,4107.428934,6.288867115,151.3265601,"RECOVERY","Donor3"
