"Temperature","ADH_10_actual","moisture","pH_LRR","EC_LRR","BG_LRR","NAG_LRR","PHOS_LRR","LAP_LRR","Proteobacteria","Verrucomicrobia","Acidobacteria","Actinobacteria","Firmicutes","Bacteroidetes","Chloroflexi","Rokubacteria","Entotheonellaeota","Nitrospirae","Fusobacteria","Planctomycetes","Bacteria_unclassified","Gemmatimonadetes","Latescibacteria","Epsilonbacteraeota","Dependentiae","Cyanobacteria","Elusimicrobia","BRC1","Armatimonadetes","Patescibacteria","Chlamydiae","WPS-2","WS2","FBP","Fibrobacteres","Hydrogenedentes","Spirochaetes","Tenericutes","Deinococcus-Thermus","Omnitrophicaeota","FCPU426","WS4","Kiritimatiellaeota","p__Ascomycota","p__Basidiomycota","p__Mortierellomycota","k__Fungi_unclassified","p__Rozellomycota","p__Chytridiomycota","p__Mucoromycota","p__Glomeromycota","p__Monoblepharomycota","p__unclassified_Fungi","p__Zoopagomycota","p__Kickxellomycota","p__Olpidiomycota","p__Aphelidiomycota","p__Blastocladiomycota","p__Basidiobolomycota"
13.916,0,0.37415748481475,0.0548834569850921,-1.21157740371116,0.357490136304582,-0.216286886196083,-0.239730626708383,0.419917404230569,2405.89939715192,957.553452987462,1988.98669339888,2524.40916768515,92.4183957924225,311.448620590214,526.359154639458,123.316076406531,99.009900990099,74.4290795237637,0,498.345257549333,111.368973235742,146.935636698205,36.1159555622691,0,3.43307562378984,8.23938149709562,15.6548248444817,2.74646049903187,27.0526359154639,29.5244503645926,3.84504469864462,1.78519932437072,1.78519932437072,1.64787629941912,3.15842957388665,0.686615124757968,0,0,0,2.88378352398347,0.686615124757968,0,0.137323024951594,7231.46905919839,983.355693442898,409.399631058192,777.293308737213,144.013080664095,184.470903907429,86.7851752473587,35.007546536978,0.209626027167533,127.662250545028,0,11.7390575213819,0,1.8866342445078,4.61177259768573,0
0.108,1484.147,0.380627484041912,0.0734793707710534,2.07189355568181,0.252872514148921,-1.61380648571455,-0.179449693848047,0.461975420917413,3209.27665966676,757.215775839605,1727.64757277089,1840.0036787811,226.398320023299,680.881068072778,465.059243703919,117.874277656003,67.904167752418,57.3276720979782,0,443.90625239504,109.443737641595,145.158570793544,68.3640153895676,0,2.14595564003127,7.2042796486764,15.0216894802189,1.37954291144867,24.5252073146431,20.3865785802971,5.21160655436165,1.68610800288171,1.22626036573215,0.459847637149558,1.37954291144867,0.459847637149558,0.153282545716519,0,0,1.53282545716519,0.306565091433039,0,0,6829.92931183817,1655.72350590931,352.323209745467,587.019083009695,113.156938895253,188.594898158755,73.0630605459473,27.9399849124081,0.977899471934285,144.030622223464,0,7.26439607722612,0,4.61009751054735,15.3669917018245,0
17.834,1989.56009,0.370150484951505,0.354934299460948,2.99364834744225,1.03203006337021,1.05070770445481,0.1014779678939,1.28592394088959,3829.07036466359,412.942989214176,821.982537236775,1300.66769388803,389.111453518233,2416.23009758603,276.938880328711,48.0739599383667,41.0888546481767,35.1309707241911,0,240.780688238315,56.2917308680021,66.7693888032871,19.5172059578839,2.87621982537237,0.205444273240883,4.51977401129944,4.51977401129944,0.821777092963534,13.9702105803801,11.5048793014895,3.08166409861325,1.64355418592707,0,0,0.410888546481767,0.61633281972265,0,0,0,0.61633281972265,0,0,0.410888546481767,7501.40361025571,1104.85393946612,269.493169096755,665.39632849584,226.108852102013,98.5079197645337,47.1272776766422,1.70134576449972,1.70134576449972,71.9669258383381,0,4.59363356414924,0,4.93390271704919,0.510403729349916,0
25.066,2973.68,0.37445758807766,0.185845345992697,3.37847530827855,0.0734459723096887,0.250357843619025,-0.325969415945812,0.952903196063404,3194.40337416152,419.280033617107,848.987595909919,1688.94837595132,1069.52204566324,1868.08398051453,287.613029741802,65.0553281558838,42.4882884845844,29.5706037072199,0,303.487774889888,58.5186683890246,57.5848598509019,13.5402238027796,1.71198231989168,0.622539025415156,6.06975549779777,4.82467744696746,1.86761707624547,15.4078408790251,11.050067701119,3.73523415249093,2.49015610166062,0.933808538122734,0.622539025415156,2.02325183259926,0.466904269061367,0,0,0.466904269061367,0.311269512707578,0,0.155634756353789,0,6278.45573552252,2189.92678056357,392.389616152651,593.854004881296,177.279786998003,171.95473707566,101.508764144664,6.98912802307522,0,64.1224761482139,0,18.1939205680053,0,1.99689372087863,0,3.10627912136676
11.947,4027.69203,0.458141866658007,0.292835701301415,3.24226688041258,0.52955845563014,0.55085930292658,-0.197992835275358,1.18757768517201,3694.82315386771,475.772749978679,833.851139783374,1209.23035686002,465.538457789636,2514.22444777465,230.271574253445,60.0655482047346,51.0496241334357,33.5051232379351,0,234.048515418448,59.3345273340887,62.989631687318,16.6916432130804,2.19306261193757,1.70571536484033,6.94469827113564,3.04592029435774,1.46204174129171,14.0112333540456,19.8594003192124,3.41143072968066,0,0.243673623548619,0.731020870645857,0.852857682420166,2.43673623548619,0,0.609184058871547,0,0.487347247097238,0,0.121836811774309,0,4660.51920592036,2414.8361329731,214.965347116175,1922.35404675203,134.206507694115,35.2402208387173,493.95042875602,9.98472923763656,0.587337013978621,96.3232702924938,0,14.0960883354869,0,1.46834253494655,1.46834253494655,0
25.158,0,0.328526975207029,0.0574870909176816,-0.189662918888063,-0.671619402979216,0.693682949153159,1.33203973744465,-0.410772644753672,2856.72731649582,510.240927601356,2190.51535637626,2044.97582699753,129.08985135108,683.464061465626,705.229793977813,4.7142369957271,39.2184396878573,34.9054143513411,0,487.37186302634,83.6526309454553,135.609540813256,33.7017793737086,0,6.41938654737307,7.82362735461092,11.0333206282975,9.22786816184878,6.01817488816225,1.70514955164597,12.537864350338,0.100302914802704,0.501514574013521,0.401211659210817,1.50454372204056,1.70514955164597,0,0.401211659210817,0.300908744408112,0.401211659210817,0.100302914802704,0.100302914802704,0,6888.61424378186,1426.5851559224,100.196420295292,864.911390170157,362.605106927678,84.0855421420847,110.348480501423,39.2840590585068,0.662090883008541,110.569177462426,1.98627264902562,0.662090883008541,1.10348480501423,1.10348480501423,7.28299971309395,0
18.46,1026.394,0.496298291519163,0.141650517063027,1.46334752994506,-0.269126231838334,-0.369903698769903,-1.15920354746662,0.953063875937128,3528.14651642889,394.431822113555,1965.98890516337,1571.61474852088,274.026318520996,740.770641355369,634.72384005905,36.7905705421708,37.3095597817939,60.8947374491102,0,423.725881416725,80.9046559101341,132.803579872444,57.6078055981639,0,5.30522333836945,5.65121616478485,10.6104466767389,7.15051841258491,8.70748613145421,2.76794261132319,14.5316987094468,0,0.980313008176964,0.0576654710692332,0.864982066038497,0.980313008176964,0.0576654710692332,0.980313008176964,0,0.0576654710692332,0.403658297484632,0.922647537107731,0,6921.87813792826,1472.86821705426,239.386271438326,656.946620074708,417.962003454231,71.4945575772181,111.419046471462,55.2677029360967,5.86416034060329,41.2901152749327,2.24926697995742,0.160661927139816,0,0.722978672129172,2.49025987066715,0
7.894,1423.473,0.47411917714311,0.089785303872355,1.91492135869734,1.17741975036118,-1.39256176745972,0.388724143123969,0.734494899405392,3714.38139751598,350.835044191092,1530.2348607289,1519.16888714163,231.657420754525,1324.56791741289,544.853594257342,22.3503545479695,28.0289462572256,39.2405247601159,0.145604915621951,370.564510257866,79.3546790139635,120.196857845921,67.5606808485854,2.54808602338415,5.89699908268903,4.73215975771342,11.0659735872683,4.73215975771342,6.26101137174391,4.22254255303659,12.2308129122439,0,1.38324669840854,0.291209831243903,1.16483932497561,0.218407373432927,0.0728024578109757,0.291209831243903,0,0.291209831243903,0.145604915621951,0.291209831243903,0.873629493731708,6709.49128857033,1060.24748123605,747.402348592422,797.890323889377,270.133207113395,202.628079428404,40.1199089413303,51.9530281515541,7.4379606464264,106.385376518584,4.28246219036671,1.80314197489125,0,0.112696373430703,0,0.112696373430703
15.126,214.938,0.290354007413321,0.117441096860096,0.526000010584023,1.25388984784848,1.10350883491679,-1.43462163154009,0.281890824505193,2950.18637749915,481.192815994578,2134.53066757032,1796.340223653,144.357844798373,514.740765842087,837.004405286344,33.8868180277872,65.0626906133514,71.501186038631,0,529.312097594036,112.504235852254,165.028803795324,80.3117587258556,0,3.72754998305659,17.6211453744493,14.9101999322264,3.72754998305659,16.9434090138936,5.42189088444595,16.9434090138936,0,0,0,1.01660454083362,0,0.677736360555744,0.677736360555744,0,0.338868180277872,1.01660454083362,1.01660454083362,0,6449.05763452609,1721.27258873762,100.202705616814,1067.87044092066,331.37336649463,81.2260095746057,83.6699780042841,90.1393062004917,3.01901982489685,60.0928708003278,7.33190528903521,3.5940712201153,0,0,1.1501027904369,0
18.886,493.696,0.405797877021361,0.12389926267382,0.774452007613919,0.00035717455580681,-0.538387447651056,0.550916181299694,1.0225146370991,2774.53371519942,479.592766134011,2230.98175341301,1879.40857984273,128.120793822675,723.487800188234,772.671612034854,20.1390505297886,36.4324532197181,52.4222521328165,0,506.411099754081,87.1342839504923,177.405806928238,61.530365437746,0,5.76847175978869,6.37567931345066,9.00691204598585,7.89369819760558,10.1201258943661,4.14925161669011,18.216226609859,0,0.910811330492951,0.607207553661968,2.32762895570421,0.910811330492951,0.202402517887322,0.303603776830984,0,0.202402517887322,0.202402517887322,1.11321384838027,1.3156163662676,5894.78799659823,2996.8007127526,80.0496766964997,532.944559186814,230.294685403421,80.0496766964997,63.0408077862822,48.4617772918101,20.9236085800294,42.9271453448346,3.91473966981196,0.809946138581784,0,0.404973069290892,4.58969478529678,0
22.966,0,0.566003866335266,-0.0177721697457978,0.0282111656534555,0.920521307021353,0.0622221459898115,0.694636182136923,-0.251270636311634,2982.34015044664,735.925011753644,1858.10413728256,1004.49576868829,18.6589092618712,1171.10366713681,527.444757874941,211.124823695346,25.2703338034791,34.0855665256229,0,806.006111894687,115.185707569347,143.100611189469,153.82581100141,0,96.2329572167372,14.3982134461683,19.6873530794546,5.58298072402445,13.8105312646921,32.9102021626704,11.459802538787,0.146920545369064,2.79149036201222,0.440761636107193,1.32228490832158,5.14221908791725,2.35072872590503,0.293841090738129,0,2.35072872590503,1.32228490832158,0,2.79149036201222,2385.9768550034,507.1477195371,203.734318778567,4574.54050374404,707.964601769911,689.973743071088,9.48166877370417,615.09287173004,0,270.835359330935,10.6972673344355,0,23.8257317903336,0.729359136438782,0,0
20.371,1543.201,0.430131570795775,-0.0477906638363484,1.02786953668609,0.144835103985646,0.373000563694356,0.25158086175731,0.200665612285328,2885.72121380075,925.592351392545,1379.90162117223,2372.35000692809,179.437439379243,311.244284328668,579.01482610503,258.93723153665,74.8233337952058,47.4573922682555,0,739.226825550783,93.5291672440072,67.3756408479978,31.8691977275876,0,20.0914507413052,3.11763890813357,3.81044755438548,1.90522377719274,6.5816821393931,3.98364971594845,10.9117361784675,0.173202161562976,0.346404323125953,0,0.866010807814881,0.346404323125953,0.346404323125953,0.346404323125953,0,0.519606484688929,0.173202161562976,0,0,5407.67529952179,1399.31097132475,592.016180175857,1513.46348319421,552.594141542259,281.781876146239,109.353307166241,32.3946317467391,0,86.8998851618875,16.7972164612721,6.34180621497009,0,1.37120134377732,0,0
20.444,2970.8,0.597755917833163,-0.081480522443164,1.57379746054277,0.273154324215605,0.5748158397223,1.00522993889893,-0.0606218123633336,2987.29329852045,1000.17406440383,1457.26718885988,1932.46301131419,260.748476936466,344.821583986075,590.426457789382,233.072236727589,63.881636205396,40.0348128807659,1.21845082680592,776.675369886858,97.6501305483029,84.769364664926,64.5778938207137,0,22.6283724978242,3.1331592689295,4.35161009573542,2.95909486510009,6.96257615317668,5.22193211488251,16.5361183637946,0.174064403829417,0.522193211488251,0,0.348128807658834,0.174064403829417,0.522193211488251,0,0,0.348128807658834,0.522193211488251,0,0.348128807658834,7004.60737179487,1093.14903846154,551.282051282051,814.102564102564,319.511217948718,91.9471153846154,68.7099358974359,14.6233974358974,0.200320512820513,27.8445512820513,4.40705128205128,9.21474358974359,0.200320512820513,0.200320512820513,0,0
21.826,3542.968,0.501552291417301,-0.101352494260288,2.19344296091753,0.583039568132161,1.20049687993775,1.8440056832433,-0.797114145842329,3228.61877656892,812.978840934745,1349.28068784975,1992.6988015467,306.218027235392,378.749669764873,542.546292960588,238.729975742729,67.4880514926628,25.2179551840911,0.240171001753248,749.813867473641,98.2299397170786,75.8940365540265,64.1256574681173,0,33.3837692437015,1.92136801402599,4.08290702980522,2.16153901577924,5.76410404207796,6.72478804909095,11.5282080841559,0,0.480342003506497,0,1.44102601051949,0,0.240171001753248,0.240171001753248,0,0.720513005259745,0.240171001753248,0,0.240171001753248,7945.69830105285,1546.37964200232,166.076856433826,205.870692060322,60.7920588537613,36.1228175797712,25.2566041614661,3.81785876859371,0.146840721868989,6.31415104036651,2.34945154990382,1.02788505308292,0,0,0,0
20.664,0,0.432662166191064,-0.0159771009360145,0.292900462059009,-0.32381859851505,0.436178667390476,0.341486874220009,-0.030383683729352,2670.54728756601,498.919827172348,1311.68987037926,2774.24387902064,812.530004800768,458.233317330773,497.11953912626,58.8094095055209,30.9649543927028,50.528084493519,0,478.636581853097,63.0100816130581,175.588094095055,19.5631301008161,0,10.0816130580893,5.7609217474796,7.081132981277,4.20067210753721,16.6826692270763,20.2832453192511,16.5626500240038,5.16082573211714,1.56024963994239,2.04032645223236,4.20067210753721,0.480076812289966,0,4.3206913106097,0,0,0.600096015362458,0,0.600096015362458,8258.20790379712,718.941927034241,198.537509797891,374.453054461389,254.497107761914,89.6941073749591,33.2384136843045,5.25861470229296,7.83831248077629,56.5549128359808,0,0.0992191453262822,0,1.48828717989423,1.19062974391539,0
20.65,1445.51502,0.423928414441673,-0.0457460217882038,1.25657841861262,-0.345687567689062,0.781371511157836,0.0637391050380894,-0.110380200286781,3481.93192143706,435.171594324457,1398.89564548822,1799.53868735584,379.254910183826,1128.39868595792,503.389948976026,39.7008457398476,16.0760466904313,45.5720975746138,0,345.425316278745,58.9921017683651,222.268819459006,39.1416788984413,30.8939679876983,8.10791920039142,5.59166841406305,6.29062696582093,4.05395960019571,16.2158384007828,17.8933389250017,8.52729433144615,1.81729223457049,2.37645907597679,0.279583420703152,0.419375131054729,1.25812539316418,0,0.978541972461033,0,0.559166841406305,0.419375131054729,0,0.559166841406305,7160.42940211719,549.798717757567,695.541971074996,917.325182644998,315.528552258834,229.983599224691,31.1241985984792,13.0460712688236,13.6051886089161,62.0620247502609,0,0.931862233487401,0,2.42284180706724,8.20038765468913,0
20.108,2962.59226,0.475062574390679,0.00142755199118532,2.91325424249706,0.395943180503164,0.74009071562033,0.525740432880301,-0.122920798054033,3181.09802300751,240.752221533375,981.263346421437,1393.07937820027,2243.92092030034,609.170857155978,677.366765401483,6.88847558035407,3.6738536428555,29.2760212165048,0,314.114486464146,47.5304815044431,110.215609285665,10.4475212968703,64.4072466763105,2.87019815848086,17.4508048035636,2.29615852678469,2.64058230580239,29.2760212165048,11.0215609285665,7.347707285711,3.78866156919474,0.114807926339235,0.459231705356938,0.114807926339235,0,0,6.88847558035407,0.344423779017703,0.229615852678469,0,1.95173474776699,0,6254.14536410115,1898.31767306895,847.208788171894,867.331076412878,28.2402929390631,34.7174243471052,13.4724333287274,24.5267375984524,2.50449081110958,28.3266546911704,0,0.604532264750587,0,0.604532264750587,0,0
22.172,3504.55394,0.518848561796769,0.0504066384997008,2.78983913218341,0.267942448986592,1.49307109128555,0.733751736927575,0.802002361119011,3384.37808097192,223.738192920523,658.652164233693,2282.383996438,2246.12791400312,225.646407785517,393.251280094139,31.4855452723977,11.4492891899628,13.6755398657889,0,368.285468943803,36.7331361511306,76.0105587889196,5.24759087873295,5.72464459498139,2.70330439207455,1.43116114874535,1.9082148649938,3.180358108323,6.83776993289444,3.4983939191553,10.654199662882,0.15901790541615,0,0.47705371624845,3.4983939191553,0,0,1.9082148649938,0.15901790541615,0,0,0.3180358108323,0,7261.26814362109,2197.8021978022,136.921901627784,234.765234765235,56.1203502379973,60.2338837632955,29.6762061467944,0,0.881471469706764,20.5676676264912,0,0.587647646471176,0,0.881471469706764,0,0.293823823235588
22.966,4583.2796,0.449608999736886,-0.106710954755698,3.55980741345181,0.26147331180616,1.58362551966258,1.11104898940623,-0.342344939911246,2597.54256287206,272.585392635822,906.262550264604,1776.27866543981,2869.2637347554,335.724344081867,455.90186519173,17.5894341387532,4.82946891092934,22.9781047130533,0,398.5582764388,47.9388335053302,168.777229308268,18.6570009506428,61.3596734262286,6.76125647530108,2.4909892277425,1.32174938614908,2.44015271289061,11.4382158416748,4.77863239607745,10.1164664555257,0.711711207926429,0.305019089111327,0.0508365148518878,1.01673029703776,0.305019089111327,0,2.94851786140949,0,0.152509544555664,0,0.305019089111327,0,8236.92700498773,855.484522207268,665.772702082179,145.623861927005,32.2618953368696,30.6290079961998,15.3392447153828,0.940147256749268,1.28651729870952,14.2011717203705,0.0494814345657509,0.247407172828755,0,0.54429578022326,0.692740083920513,0
18.024,0,0.457279492993779,0.0198550533099797,-0.705504882790224,-0.463532345257232,-0.653841855251062,0.112418052649891,-0.910377332024476,2178.55680521313,1143.94487180604,2506.99120980599,987.045571362611,21.5181161629801,728.741059527647,458.327162483556,113.688832359065,34.6729159225348,60.8953975624417,0,890.170489689599,124.839920896966,191.833570003572,207.079198863983,0,107.677698694103,27.8777213447516,62.1150478712746,6.18536942336676,23.5218273846342,83.6331640342547,11.238206417103,1.30676818803523,2.09082910085637,0.0871178792023487,2.70065425527281,1.30676818803523,1.04541455042818,0,0,13.1547997595547,6.70807669858085,0,1.04541455042818,4069.05121150262,1565.45664329458,326.440046152481,2410.93458773409,497.204224727079,389.278423715275,60.8857726102778,232.892517972841,0,411.999644980918,10.6505724682702,19.3485399840241,0.710038164551345,2.84015265820538,2.30762403479187,0
18.853,2639.949,0.487699509562439,-0.0298529631496813,1.92807308236289,-0.512311939113751,0.0295274499450956,0.0237640055400924,-0.195602577578769,3907.15350467672,637.541566334136,1158.28787655413,1687.87983029469,792.176519730699,697.167755991286,338.59157698167,102.052516913198,36.3654233623274,31.4511769620129,0.327616426687634,410.503382639605,49.3062722164889,69.1270660310908,28.5026291218242,6.22471210706505,4.75043818697069,4.58662997362688,9.00945173390994,2.62093141350107,11.1389585073796,6.22471210706505,6.22471210706505,0.655232853375268,0.491424640031451,0,0.819041066719085,0.163808213343817,0,0.163808213343817,0,0.163808213343817,0,0,0.327616426687634,5382.49211356467,550.736067297581,1590.43112513144,853.487556957588,344.593410445145,115.886785839467,1020.19803715387,21.0304942166141,0.21906764808973,102.304591657904,4.16228531370487,7.01016473887136,2.84787942516649,1.97160883280757,2.1906764808973,0.43813529617946
20.841,3573.444,0.448079677910641,-0.0939917880510665,1.76126249810595,-0.378445236769649,-0.190836055641158,0.134182779977717,-0.492177302289768,3639.03245086664,744.647189115072,1254.96607249587,1863.90324508667,462.855535632669,766.269380866997,361.776183946841,106.52884716802,57.6591780051331,43.2443835038498,0.175790176844918,435.608058221707,70.3160707379672,90.3561508982878,40.0801603206413,1.58211159160426,6.32844636641704,3.69159371374328,9.31687937278065,1.23053123791443,11.2505713180747,15.2937453855079,5.97686601272721,0.703160707379672,0.351580353689836,0,0.703160707379672,1.05474106106951,0.175790176844918,0.175790176844918,0,3.16422318320852,0.87895088422459,0,0.703160707379672,3382.63184162369,3402.92796539677,2569.62235900848,252.537015471635,80.1863250707037,35.4350357677591,234.73631675262,4.32540342705041,0,33.7714190650474,0.332723340542339,2.49542505406754,0,0.332723340542339,0.665446681084678,0
24.24,0,0.514032394301354,-0.0247285327757236,0.265298327915625,0.43631973504642,0.732708591783654,0.123390286537346,0.299921883267261,3784.59571748162,598.657718120805,706.551613934164,1971.36465324385,554.809843400447,839.373601789709,548.418024928092,18.9197826781719,6.39181847235538,21.8600191754554,0.127836369447108,557.622243528284,70.054330457015,179.737935442633,12.9114733141579,0.127836369447108,6.77532758069671,6.90316395014382,3.83509108341323,7.92585490572068,11.888782358581,30.2972195589645,20.198146372643,1.91754554170661,0.383509108341323,24.2889101949505,4.60210930009588,1.27836369447108,2.68456375838926,1.27836369447108,1.27836369447108,0.511345477788431,1.78970917225951,0,0.255672738894215,6402.96729478016,463.504440112627,949.20944336149,1116.79662118259,811.40350877193,102.068442711718,15.1613601906,26.5323803335499,44.6718648473034,49.0036820446177,10.8295429932857,0.541477149664284,0,0,7.30994152046784,0
27.011,1507.78,0.449905239392117,-0.0432343989734313,0.990037473871083,0.778328057144623,0.410503292733352,0.278606899842634,0.433925260451881,3973.29592869445,565.59720175423,818.611175227713,1729.37270289945,494.664512348857,730.367003426786,590.010830773601,65.5173026047123,16.8675982315655,16.7788213987678,0.177553665595426,617.709202606488,71.0214662381705,170.629072637205,16.8675982315655,0.355107331190853,6.83581612542391,9.4991211093553,5.68171729905364,7.81236128619875,25.4789510129437,22.282985032226,31.249445144795,0.621437829583992,2.66330498393139,0.798991495179418,1.77553665595426,0.798991495179418,1.68675982315655,0.976545160774844,0.887768327977131,0.798991495179418,0.177553665595426,0.532660996786279,0.710214662381705,6323.06792191905,512.206797510771,857.40120206372,874.953459922344,1099.40960587203,140.684006169885,38.2958353279081,3.98914951332376,81.1127067709164,51.3270570714324,15.6906547524068,0.797829902664752,0,1.063773203553,0,0
21.819,3103.803,0.389339678818814,-0.0221411258772135,1.47100480850534,0.405959981584547,0.0703903549833766,0.483422116151065,-0.0713648106418083,5399.49206176746,431.068435849031,753.079545300213,670.641441784031,381.768548573291,921.351061373606,402.140402819465,32.1875297089541,2.85205959446429,21.8657902242262,23.3597262022789,370.224497833793,77.9562955820239,247.585935271828,45.9045782347109,81.6232293463351,8.28455406011055,23.4955385639201,5.16086974236395,4.0743708492347,22.0016025858674,35.4470263883419,10.4575518463691,2.03718542461735,1.49393597805272,13.3096114408334,1.35812361641157,2.30881014789966,2.17299778625851,0.814874169846939,0.135812361641157,1.08649889312925,1.62974833969388,0,1.08649889312925,6288.72707989149,819.209039548023,1966.59120112586,509.902302718799,325.419649595138,12.5435966468825,35.4892002692284,20.2941116482082,5.60892532990679,14.6851863183014,0.611882763262559,0,0,0.10198046054376,0.815843684350079,0
20.262,4567.716,0.44961968578802,-0.142268464027532,2.40992051355907,0.657521152775424,1.18778637368859,0.691909206020834,-0.94574991381017,3552.46750302298,406.684552599758,397.237756952842,1807.17200725514,1997.43047158404,665.621221281741,427.373035066506,29.4740024183797,5.29020556227328,14.3591293833132,7.36850060459492,404.039449818622,61.2152357920193,103.914752116082,9.44679564691657,32.8748488512696,5.66807738814994,3.49531438935913,1.70042321644498,5.95148125755744,8.50211608222491,11.6195586457074,15.4927448609432,2.36169891172914,0,4.43999395405079,1.51148730350665,0.377871825876663,1.22808343409915,1.03914752116082,12.7531741233374,0.566807738814994,0.566807738814994,0,0.377871825876663,7609.75609756098,646.563192904656,1453.48115299335,180.221729490022,72.0177383592018,12.9490022172949,9.75609756097561,1.06430155210643,3.72505543237251,8.3370288248337,1.59645232815964,0.177383592017738,0,0,0.354767184035477,0
19.584,0,0.419805241177678,0.00976979159580503,0.0235185529043681,-0.800238348522895,-0.417918153729293,-0.232543953838201,0.781229431025384,3105.63140208763,907.777471144949,1754.51697212708,1319.29676466291,25.32426421649,1084.72265060632,441.875943572345,25.32426421649,3.24670054057564,35.3890358922745,0,723.364880440253,84.7388841090242,262.008733624454,26.2982743786627,0,15.0971575136767,27.5969545948929,14.6101524325904,8.76609145955423,39.7720816220516,53.4082238924693,12.4997970812162,8.1167513514391,4.22071070274833,1.62335027028782,3.5713705946332,2.92203048651808,3.24670054057564,0,0,2.11035535137417,1.7856852973166,0,1.13634518920147,4911.00552202389,530.114293052523,157.698728650315,2479.00346731732,943.623988699114,277.385385899576,118.402465647875,185.437267240272,157.441890330037,222.165147039938,0,2.82522152305124,7.44831128804418,5.90728136637986,1.54102992166431,0
29.444,1510.142,0.31946503239366,0.0182461202278048,0.183189441183118,-0.784452866455258,-0.392573715062341,-0.353367008857647,-0.282724702547651,3437.25259698198,940.431350910443,1667.46635318955,1184.89552095579,59.0168653887676,1015.88177434446,394.045534150613,47.8612383945493,5.39788402946045,23.0309718590313,0,655.303121176499,75.9302353477437,280.450063575079,28.7887148237891,0,7.43708466281218,20.1521003766523,17.7530408080033,6.11760190005518,32.0274452414654,72.0917400379051,9.35633231773145,2.75891850394645,4.43826020200082,1.55938871962191,1.07957680589209,1.91924765491927,1.91924765491927,0.239905956864909,0,2.39905956864909,1.19952978432454,0,1.79929467648682,4341.62050050487,561.089430450564,411.811259995088,2871.48977976694,1002.64716316895,140.545261032121,125.808476380209,161.558824332069,90.0581284283492,284.911169936959,0,0.545806838959692,0,6.54968206751631,0,0
26.138,2847.791,0.211377974805399,0.0543767708780718,0.015060854362925,0.0104749010515832,0.640280543685171,0.155778012451948,-0.226880481879305,4010.46698872786,750.201288244766,1252.01288244767,1033.81642512077,194.243156199678,1197.46376811594,450.281803542673,26.5700483091787,4.62962962962963,31.1996779388084,0,540.257648953301,69.645732689211,246.779388083736,14.4927536231884,0,5.03220611916264,19.9275362318841,11.8760064412238,12.0772946859903,31.1996779388084,55.7568438003221,7.2463768115942,9.05797101449275,4.42834138486312,0.402576489533011,3.4219001610306,6.44122383252818,3.22061191626409,0,0.201288244766506,3.22061191626409,2.21417069243156,0.201288244766506,1.81159420289855,4189.53779312218,1288.47683146808,2128.90587117171,1465.17446709467,484.706247454274,178.249316290707,164.090230230618,20.5597687995811,21.5295692146556,56.0544639913106,0,0.581880249044747,0,0.775840332059662,1.35772058110441,0
14.131,4578.995,0.247187343695441,-0.0355403431929757,0.774314273453837,-0.41179202768142,0.153201431186564,0.333982093681229,-0.441490542458276,3469.61820567859,860.639477512487,1073.45954689264,1981.40367653791,414.754982248039,595.733425568927,552.294529954527,39.2679477919409,15.0561043347338,36.5212260551989,0,617.808929897558,66.7351651593607,147.305669437125,17.3959043326992,0.81384347755318,4.0692173877659,14.6491825959572,10.0713130347206,7.01939999389617,20.8547391123002,29.2983651919145,12.0041912939094,0.508652173470737,2.23806956327124,0.203460869388295,1.42422608571806,2.33979999796539,0.508652173470737,0.508652173470737,0,4.17094782246004,0.508652173470737,0.40692173877659,0.40692173877659,6490.15292905095,1069.94623805677,1828.46318838965,375.497924733279,51.25490960751,11.4209309451517,145.12939079083,6.96398228362907,4.17838937017744,15.8778796066743,0,0.557118582690326,0,0.557118582690326,0,0
29.033,0,0.329873867176166,-0.175581040180112,0.689590384109414,-0.535076343419808,-0.466645554065937,0.255227438030259,-0.741669056398816,3427.09147543661,640.013066252902,1603.88254371945,800.774642136332,41.4153551804193,936.453678966833,653.779296988929,0.699977834035255,0.116662972339209,8.51639698076228,0.116662972339209,975.069122811111,159.711609132378,390.820957336351,2.33325944678419,0,28.8157541677847,57.2815194185518,32.4323063103002,4.89984483824679,31.3823395592473,89.3638368118343,7.69975617438781,100.33015621172,0.349988917017628,2.5665853914626,0.933303778713674,0.233325944678418,0.116662972339209,0.816640806374465,0.233325944678418,0.699977834035255,1.04996675105288,0,0,3515.33569987486,2498.91462573742,295.477181602268,2713.43565645989,404.269990040095,80.9561508797916,28.6028040963302,179.278289960926,5.87379012692494,277.089664683198,0,0,0,0,0.766146538294558,0
21.97,1589.377,0.358087586177905,-0.124762220827758,-0.0280190743098582,-1.31932659036467,-0.666572759973206,0.244620268935046,-0.98082272006983,2755.48483635061,1134.27047988367,1468.313346962,2394.57101308774,105.903180256697,383.675103795654,609.918017239562,31.7182659276276,20.1268730637105,50.5806234061835,0,666.610465973993,77.9784610845329,172.501001074838,18.0193470884529,0.105376298762882,6.21720162701005,13.2774136441232,11.6967691626799,4.84730974309258,20.3376256612363,28.662353263504,18.756981179793,0.737634091340176,1.89677337773188,0.526881493814411,0.843010390103058,0.210752597525765,0,0,0.105376298762882,1.89677337773188,0,0,0.210752597525765,5059.40315315315,2425.11261261261,628.941441441441,913.851351351351,315.596846846847,184.121621621622,242.539414414414,68.8344594594595,1.82995495495495,151.323198198198,0,7.60135135135135,0,0.703828828828829,0,0
22.776,3031.373,0.262089225650059,-0.318282512900498,2.23680796247933,-1.52262958904619,-1.01945294529056,0.396039033572573,-2.26439084000281,2933.05850019631,330.781311346682,800.844130349431,1986.3564978406,1588.04475853946,256.085590891245,985.96387907342,0.490773458971339,0,7.55791126815862,9.61915979583824,622.987828818218,136.336866902238,166.764821358461,0.294464075382803,0,18.3549273655281,10.8951707891637,13.545347467609,2.45386729485669,22.9681978798587,52.2182960345505,21.0051040439733,28.7593246957205,0.687082842559874,0.981546917942678,0,0,0.196309383588536,0.88339222614841,0.0981546917942678,0.687082842559874,0.981546917942678,0,0.0981546917942678,6695.11329605844,545.448250791947,2577.85317384756,73.3957658952033,18.8682511381537,7.7896449652928,64.5675016012048,1.55792899305856,0.865516107254756,13.8482577160761,0.173103221450951,0.519309664352854,0,0,0,0
23.14,4512.836,0.281271952824308,-0.233846735240515,2.31012331555803,-0.527593242868061,-0.510158615491177,0.329819250850378,-2.88285618588795,2632.88140055285,232.328550743715,535.211267605634,2134.13189416875,2152.69185204686,228.774516256417,1112.28116361722,0.394892720810846,0,4.60708174279321,7.37133078846913,515.598262472028,99.7762274582072,179.544557061998,0.131630906936949,0,32.1179412926155,11.3202579965776,14.7426615769383,0.789785441621693,26.0629195735159,35.6719757799131,15.7957088324338,23.2986705278399,0,1.18467816243254,0,0,0,1.44793997630644,0.263261813873898,0,1.57957088324339,0,0,8670.20225811844,290.850517422159,830.154846748826,124.302885711247,27.9605513091313,7.14209734526722,14.8920327624721,0,2.73527132371936,27.6566322731624,0,4.10290698557904,0,0,0,0
26.244,0,0.364133286975688,0.0189879122446914,0.324156779266041,-1.07636957306765,-0.418366308010792,-0.243169539246617,-0.325369154590423,3464.25005759926,861.070578296598,1671.60740342524,899.77728285078,62.0536057138469,1168.88103832271,566.008755087935,18.585362107365,3.37915674679364,24.2684893633362,0.153598033945165,628.062360801782,92.4660164349896,335.458106136241,26.4188618385685,0,13.2094309192842,17.9709699715844,19.6605483449812,10.7518623761616,46.0794101835496,29.7980185853621,20.2749404807618,5.37593118808079,3.53275478073881,2.76476461101298,0.767990169725828,0.307196067890331,0.460794101835497,1.38238230550649,0.153598033945165,0.921588203670993,3.37915674679364,0,0.153598033945165,3620.46957799869,3433.90193272219,521.538441702446,898.412821207081,767.157905594451,89.8670689410642,57.1178070887969,355.084516303717,9.79899173532408,244.974793383102,0,0.77360461068348,0,0,0.6446705089029,0
29.825,1502.226,0.300736078967068,0.0773044477329098,2.95194661140306,-0.417089238403586,0.11979355880058,0.31429763069416,0.698104574141678,4617.95587714814,824.452396869716,474.85154744583,1096.97589366471,33.6230288253569,1489.83444099257,234.378072279681,2.94938849345236,0.393251799126981,1.57300719650792,0.19662589956349,457.351842384679,92.610798694404,358.25238900468,0.983129497817453,0,35.7859137205553,35.3926619214283,7.27515828384915,17.8929568602776,66.2629281528963,109.127374257737,16.1233237642062,4.52239568996028,0.19662589956349,8.06166188210311,9.24141727948405,1.96625899563491,1.17975539738094,0,0.393251799126981,0,0.19662589956349,0,0,5765.90648755597,1642.19514734979,238.46714568364,1084.55690929918,275.434759970842,281.682807456003,159.845881495366,66.6458398417161,37.4882849109653,441.528688951369,0,0,0,0.520670623763407,5.72737686139748,0
22.027,3019.923,0.387499559185516,0.0999270619348309,2.24883213948248,0.136194004612047,0.0532298626408897,-0.0369547079941879,0.694849940589042,5574.11454790198,295.560798390482,648.583710865695,581.279219557382,405.563837948154,1528.02906396098,218.703411541635,1.73689009827903,0.868445049139516,2.89481683046505,252.138545933506,225.795712776274,31.2640217690226,147.490917512194,5.5001519778836,11.0003039557672,3.0395576719883,7.81600544225564,4.48696608722083,4.19748440417433,18.8163093980228,20.4084586547786,3.76326187960457,3.18429851351156,0.723704207616263,1.30266757370927,0.57896336609301,0.289481683046505,0.144740841523253,0.57896336609301,0,0,0.144740841523253,0,0,7868.78722980959,417.793069550258,1161.62857376915,331.659820477712,132.593710868471,7.02173226134887,10.1815117789559,14.2775222647427,6.43658790623647,48.9180680873972,0,0,0,0.468115484089925,0.234057742044962,0
23.28,4574.528,0.414926311044871,0.00462606838878224,2.27576511893345,-0.864097405218149,0.0485522023887587,0.284337824703708,0.555170562596214,5896.11674499134,243.87830818699,643.581498886965,498.392282958199,318.327974276527,1623.29953005194,176.354192431363,4.45213950037101,0.247341083353945,3.46277516695523,129.606727677467,189.463269849122,42.5426663368785,139.995053178333,6.18352708384863,6.92555033391046,7.17289141726441,13.356418501113,3.21543408360129,3.95745733366312,13.356418501113,20.2819688350235,2.47341083353945,5.19416275043285,1.23670541676973,4.45213950037101,0,0.247341083353945,0.247341083353945,1.48404650012367,0,0,0,0.49468216670789,0,6407.86346101391,405.057865409344,2106.14503370611,346.997623037057,573.198768655262,5.26049175856291,25.5231266804349,29.8094532985232,4.87082570237307,95.2733507384172,0,0,0,0,0,0
28.067,0,0.272792784039383,-0.0805032188490707,0.0755165222844838,1.0348246354696,0.630388042334014,0.898739290341297,0.958331202590553,3204.52215949944,1088.62269952728,1446.44851377606,948.949775880796,32.5852494377897,1520.49199137179,609.481848639222,3.05964783453424,1.68280630899383,22.0294644086466,0,639.772362201111,68.2301467101137,235.745865650864,46.6596294766472,0,8.26104915324246,15.7571863478514,9.17894350360273,15.7571863478514,33.6561261798767,16.0631511313048,14.2273624305842,0.458947175180137,2.90666544280753,1.68280630899383,1.2238591338137,4.74245414352808,0.611929566906849,1.98877109244726,0.305964783453424,2.90666544280753,0.305964783453424,0.305964783453424,0.611929566906849,4346.90888569394,2182.65858672722,704.083415073297,991.628931916209,813.592572188705,87.8760598202169,76.4548593848676,262.284508821198,2.68734127890571,525.778321217903,0.134367063945286,1.47803770339814,0.268734127890571,0,4.16537898230386,0
22.35,1364.604,0.338118424268884,-0.0577668185347402,0.969682777321679,0.863568070767123,0.123783988987943,0.769362501866789,0.0286213676087361,4607.7998852958,213.526271672475,490.139850884546,2562.09467507831,828.737812679225,307.495478007676,430.140733224511,2.42643490536904,5.51462478492963,8.60281466449023,4.63228481934089,373.450390435435,35.2935986235497,86.2487316362995,2.20584991397185,0,1.10292495698593,4.19111483654652,1.76467993117748,9.48515463007897,7.4998897075043,4.19111483654652,8.82339965588741,0,0.220584991397185,0.661754974191556,1.98526492257467,0,0,1.76467993117748,0,0,0,0,0,6926.8680445151,432.255785196962,2144.49743861509,322.381204734146,36.5659777424483,12.7186009538951,97.5092739798622,10.7754813637167,4.94612259318142,10.2455396573044,0,0,0,0.883236177353824,0.35329447094153,0
29.39,3009.054,0.214136861490744,-0.208297043197215,1.80798230473494,0.80964278730899,1.04381586169098,1.3169573426655,-0.850218102373561,3557.54540004255,485.234107567641,866.613804707293,2177.65486297793,948.22751271588,568.975187111996,587.154543872203,6.7689094319918,1.74057671108361,18.7595489972344,5.22173013325082,508.248399636413,49.8965323843967,138.472547237318,13.7312162763262,0,4.83493530856557,3.86794824685246,1.16038447405574,11.0236525035295,12.3774343899279,4.06134565919508,18.952946409577,0.193397412342623,0.966987061713114,0,1.74057671108361,1.54717929874098,0.193397412342623,2.70756377279672,0,0.193397412342623,0,1.16038447405574,0.193397412342623,7734.660858743,535.158680771624,1231.73615432483,319.352831362788,89.2345986309894,15.0591163658992,48.03982576229,11.2009956440572,1.12009956440573,12.6944617299316,0,0.248911014312383,0,0.124455507156192,1.24455507156192,0
29.052,3407.734,0.227638987516637,-0.154653571464711,1.84264059077196,-0.272204373065473,0.445799015716527,0.779996232417749,-1.79699385897301,3217.38869013619,433.665033220094,647.866999368668,1969.60586838229,2089.85960376394,425.998857589514,509.575203679764,6.91458978444518,1.9541231999519,16.5348886149776,4.20888073835794,475.302889095993,37.1283407990861,103.568529597451,5.56173526140156,0,1.9541231999519,6.01268676908277,1.65348886149776,12.9272765535279,7.96680996903466,4.81014941526621,13.5285452304362,0,0.150317169227069,0,0.601268676908276,0.751585846135346,0,3.30697772299552,0,0.300634338454138,0,0.450951507681207,0.300634338454138,8883.90641616448,473.768167316554,286.777738390642,252.392768521801,19.1421481744062,6.91244239631336,58.6671393123006,14.3566111308047,1.0634526763559,2.65863169088975,0,0.177242112725984,0,0,0.177242112725984,0
21.161,0,0.40983155407909,-0.0788286732886594,-0.187485079454004,0.0716557753339751,0.143299923184505,0.57292211486905,-0.346792743942046,3076.38167965794,835.782028047085,1940.59789206975,633.082891981771,28.328611898017,1332.50048387381,401.351327573769,15.4839617827671,1.93549522284588,112.962539369732,0.175954111167807,712.262242007284,135.836573821547,287.157109425862,57.3610402407052,0,8.79770555839037,95.1911741417838,69.3259198001161,13.1965583375856,39.0618126792533,137.068252599722,19.8828145619622,3.69503633452396,5.27862333503422,0.879770555839037,1.93549522284588,0.70381644467123,13.0206042264178,0.175954111167807,0,14.7801453380958,4.04694455685957,0,1.75954111167807,2913.04131656143,481.032168249391,436.533585243375,4633.321732213,318.45075324417,214.537861084871,19.6390394272361,578.23298364242,0,301.794859046388,95.4606473425148,1.74016805051459,0,0.994381743151196,2.48595435787799,0
24.69,1530.639,0.391943156760076,-0.0354542303578044,2.66533182477197,-0.149934945290704,1.19925046626469,0.303612748101829,0.223601307316394,5335.31185678043,183.571873055383,273.56277822986,689.292039634292,1242.87970896558,1809.87027906754,126.130869752525,12.2062132018573,0.957350055047628,5.50476281652386,13.4029007706668,127.806232348858,19.3863386147145,94.0596429084295,3.11138767890479,1.43602508257144,3.3507251926667,2.15403762385716,0.718012541285721,9.57350055047628,19.6256761284764,12.4455507156192,5.26542530276196,0.957350055047628,0.957350055047628,3.82940022019051,0,0.957350055047628,0.239337513761907,0.239337513761907,0.239337513761907,0.239337513761907,0,0.239337513761907,0.478675027523814,4442.87205979336,512.063090789184,368.899758188613,3268.98768960211,955.704550450649,52.6214552648934,44.9274565838646,26.9289953836008,31.4629588920642,211.447570894702,79.000879314135,0,0,5.0835348428226,0,0
29.835,2949.689,0.283710431834341,0.0727843452232136,3.23624598864974,-0.517458398100402,0.257413517391645,0.220687139494009,0.461244318353871,4892.19777440566,172.135811836115,212.759231158321,822.90085988872,1950.24026302479,1404.2741527567,202.168689934244,10.7486090035407,0.316135558927668,1.26454223571067,6.63884673748103,135.62215477997,20.2326757713708,121.870257966616,1.58067779463834,0.790338897319171,6.0065756196257,1.58067779463834,1.10647445624684,0.948406676783005,14.2261001517451,9.48406676783005,3.47749114820435,0.790338897319171,0.316135558927668,3.16135558927668,0.158067779463834,0.158067779463834,0,1.26454223571067,0.158067779463834,0,0.158067779463834,1.26454223571067,0,7423.94414791062,1106.28538956426,149.777768757738,803.685588456152,247.600105534471,48.5052665760153,17.4537779311185,2.43541087410955,8.92983987173503,149.16891603921,40.5901812351592,1.42065634323057,0,0.202950906175796,0,0
22.625,4391.578,0.241059310428776,-0.00582243275143325,3.21051113442953,0.789893131923086,1.84284472893323,1.24366263186202,0.264920354614118,5707.29970001233,100.543813267948,83.9691519526595,831.19871786091,777.365313754229,2195.80017259565,104.105310740655,4.65734284892402,0.410942016081531,0.821884032163062,1.50678739229895,62.8741284604742,16.4376806432612,64.6548771968275,1.09584537621742,6.16413024122296,0.684903360135885,1.09584537621742,0.136980672027177,2.87659411257072,14.1090092187992,5.61620755311426,1.23282604824459,0,0,11.3693957782557,0,0.136980672027177,0,0.821884032163062,2.87659411257072,0,0.136980672027177,0,0,9031.75065540344,411.468519828555,246.847821563813,200.241354916566,30.8767841538013,1.33161333277849,17.3109733261204,0.665806666389247,0.998709999583871,48.3542091465191,1.33161333277849,8.4890349964629,0,0.332903333194624,0,0
26.138,0,0.0660070910783759,0.236749203369989,0.381607606674064,1.04958993241312,0.320277219845345,-0.0967854179742049,0.620334317749018,2129.40678638491,1740.49879664648,2331.72886197138,969.955832958663,22.612467271429,513.871624659491,598.635317764672,84.1025098516305,12.1657718653302,26.0506201898918,0,1092.27473486552,92.3011821956573,154.187934727989,60.0354394223903,0,15.0749781809526,10.0499854539684,28.1664066012536,5.95064928195499,65.589378752215,17.9841844965751,12.8269551188808,1.85131310994155,1.58683980852133,1.05789320568089,1.190129856391,0.793419904260665,0.132236650710111,0,0,8.99209224828754,0.396709952130332,0,0.396709952130332,2907.36744003532,5964.46264776573,314.783930936381,324.961985579046,281.674596556629,29.0626379555599,60.9457006916172,12.0174621082062,0.490508657477804,78.6040123608182,0.858390150586158,14.7152597243341,0,0.245254328738902,9.81017314955609,0
15.625,1588.226,0.099037462544546,0.180243479751037,1.58405848662992,NA,NA,NA,NA,2555.916733042,1112.09179170344,1726.47622327944,1627.12849546854,758.18569306611,316.125976793749,594.687103093449,95.365207844488,43.054269907218,38.7488429164962,0,803.715583492993,67.5952037543323,132.284244289927,43.054269907218,0,9.36430370481992,8.07267560760338,8.71848965621165,4.09015564118572,26.5860116677071,5.38178373840226,17.3293436376553,1.39926377198459,0.322907024304135,0.21527134953609,0.430542699072181,0.968721072912406,0,0.322907024304135,0.107635674768045,1.82980647105677,0.21527134953609,0,0,5113.16079295154,3838.93171806167,185.297356828194,259.636563876652,217.786343612335,43.7775330396476,270.099118942731,1.65198237885463,0.275330396475771,60.2973568281938,1.10132158590308,4.12995594713656,0,1.37665198237885,0.550660792951542,1.9273127753304
22.678,3011.635,0.211295492060479,0.186329578191493,2.49423916205171,0.737579799379878,0.213592621978075,0.975789795438585,0.296717015635101,2093.47504574737,576.918256335698,997.292758127992,2099.36580352443,2699.59642042464,205.299175293911,539.819015867445,27.8244303511894,12.0321860978116,17.4216027874565,0.376005815556614,491.690271476199,48.6300854786554,124.081919133683,20.6803198556138,0,4.38673451482716,4.13606397112275,3.63472288371393,2.25603489333968,9.52548066076755,4.63740505853157,13.7868799037425,0.250670543704409,0.250670543704409,0,1.37868799037425,0.125335271852205,0,0.250670543704409,0,0.752011631113228,0,0.125335271852205,0,8262.6478171957,1002.9341157642,300.302302836312,102.249488752556,95.5810438339113,18.0048012803414,191.384369165111,0.222281497288166,0.889125989152663,23.7841202098337,0.444562994576332,0.222281497288166,0,1.11140748644083,0.222281497288166,0
35.099,3976.49,0.152562742585246,-0.132042189073055,1.86947847350222,-0.105078940706421,0.353418985715538,0.631561875364672,-1.55201253179895,2016.34074094872,723.681439782123,1259.80935802227,2945.54490194152,1059.34047421841,198.643886962503,839.498547021746,50.1172209509637,33.6922493787991,23.5845745651594,0.140384372411663,578.664383080875,55.3114427301953,131.540156949728,31.3057150478009,0,5.05383740681987,4.07114679993823,8.0019092274648,0.982690606881642,13.4768997515197,4.49229991717322,13.0557466342847,0.982690606881642,0.140384372411663,0,1.82499684135162,0,0,0,0,0.701921862058316,0,0,0,8538.07250555372,906.555749870019,82.3998361456413,99.5730333538151,125.726709835988,6.77474752249059,217.737234327488,1.10286587575428,0.157552267964897,20.4817948354367,0.157552267964897,0.157552267964897,0,0.945313607789384,0,0
27.613,0,0.369728480156642,-0.0248631591926438,0.119071197627632,-1.48330595380937,-1.41089861940026,-1.08900200879544,0.261583780217057,2694.01878398418,767.08758369658,2402.22292125406,805.284680717207,56.1722015009212,729.939034437304,519.780104555191,312.916610494465,17.6755194056232,62.4634880690244,0,693.539447864707,247.007894066718,182.896688086999,210.907892568792,0,9.58672238949056,25.3149388097485,45.3871388127443,6.74066418011055,40.4439850806633,122.230710466005,15.4286313455864,2.54647313470843,6.14149403076739,1.4979253733579,0.89875522401474,1.19834029868632,3.14564328405159,0.44937761200737,0,11.9834029868632,2.09709552270106,0,2.39668059737264,2434.75428033639,4522.85862522473,282.218656113129,1398.78618226571,328.430603651106,473.099337588533,17.4953848381375,178.814898828413,0,360.646243318573,0,2.53381435586819,0,0.361973479409742,0,0
20.814,1445.393,0.362325514874142,0.0152886925150903,2.31678699531593,-0.454862373683763,-0.371993110782902,0.032782127458512,1.10462956948499,4210.65513584074,661.152810638819,1056.74308558375,1089.37749857224,321.550950477278,1360.95700416089,413.233254466835,118.707677245656,37.2236273150037,19.1727176307416,0,455.454026270703,77.9146610100351,74.6512197111854,31.818552663784,0.305947621767154,3.87533654238394,3.05947621767154,11.0141143836175,2.44758097413723,11.931957248919,22.6401240107694,10.5042016806723,0.407930162356205,1.32577302765766,0.305947621767154,1.22379048706861,0.305947621767154,0,0.203965081178102,0,1.12180794647956,0,0,0.611895243534307,5401.44570304927,867.975738776414,466.945467637854,1999.88921815714,636.995596421747,302.43443099676,68.9616971778325,42.3740548924031,0,192.760406569363,0.27695460713989,13.5707757498546,1.66172764283934,3.87736449995846,0,0.830863821419669
31.462,2999.732,0.205052139367979,-0.0271920076952507,2.32830644942702,-0.839859220766872,-0.414943227953535,0.127979547688867,-1.94686252845574,3039.4887760118,1166.63935769294,921.236718385662,2245.93201325956,691.715297646807,209.858959654142,576.765525151565,115.95810383292,40.4592949243121,20.67079242239,0.126041417209695,719.570450850149,74.6165189881395,72.4738148955747,19.9145439191318,0,9.45310629072713,6.30207086048476,4.28540818512963,4.53749101954902,9.95727195956591,13.4864316414374,29.9978572959074,0.50416566883878,0.50416566883878,0.25208283441939,2.5208283441939,0.50416566883878,0.25208283441939,0,0,1.13437275488726,0.25208283441939,0,0.25208283441939,8039.5550507509,816.521535327312,341.824868840932,402.040853119873,166.58553734653,68.8697784268123,102.042655993654,1.80287378080661,0,54.6270755584401,0,4.68747183009718,0,1.44229902464528,0,0
31.001,4527.275,0.242492337898669,-0.0914199072743958,2.50292783895748,-0.343753642017509,-0.088385037826177,-0.0582797690630625,-1.92861497638988,2832.2520096299,1114.78353123597,796.235089294215,2547.4354266128,799.907509419078,253.669019735858,638.457039485317,128.67071993036,22.9866296704343,6.93679356918431,0,660.219529114131,63.2472354837393,57.1265352756355,9.52108921260592,0,7.48085580990465,3.67242012486228,2.72031120360169,7.48085580990465,9.65710477278601,8.56898029134533,24.3467852722351,0,2.17624896288135,0,0.816093361080508,0.272031120360169,0,0.136015560180085,0,1.22414004162076,0,0,0,9623.73727045929,105.435360516952,40.8163265306123,125.884421905035,38.28064291849,40.4073453028506,10.1427344484888,0.408981227761646,0,13.3327880250297,0.0817962455523292,0.899758701075621,0,0.572573718866304,0,0
21.937,0,0.459155292337456,-0.0149764541895574,-0.0651110603646137,0.460762552101753,0.3824755173093,-0.0285736826965708,0.134138878919445,2528.14030409477,1122.79172328915,1733.28889002846,2297.88979769749,25.7685700366657,423.835286274711,572.29301812774,178.328760801005,137.945180892798,51.7935437552883,0,591.13868875157,117.176482654291,77.8185174739109,65.1265352170457,0,3.46144970641778,4.2306607522884,11.0253583241455,5.89728468500808,14.8714135534986,24.2301479449245,7.69211045870619,0.384605522935309,0.769211045870619,0.384605522935309,1.28201840978436,0.897412886849055,0,0,0.641009204892182,0.641009204892182,0.128201840978437,0,0.128201840978437,5847.6575923027,1577.25936390363,307.662937650338,1193.99793822305,487.190256194876,291.932343171318,183.574510327975,18.6323546256348,0,85.3728379977855,0.458172654728724,4.42900232904433,0,1.83269061891489,0,0
18.994,1532.17172,0.480833929475353,0.0152252075970656,1.39973489750111,0.18519942923359,0.316959321886259,0.0961240088218098,0.660096641177177,3517.27321823662,806.519050190763,1268.79322659884,2124.0048082786,279.524746955628,500.078395846762,477.692026271319,197.905959826484,89.8939042873817,44.5114196616784,0.0871064964025017,441.107297782269,86.1483249420742,58.3613525896761,44.8598456472884,16.2889148272678,7.66537168342015,3.39715335969757,3.65847284890507,1.48081043884253,13.9370394244003,8.36222365464016,6.35877423738262,0.261319489207505,0.0871064964025017,0,0.783958467622515,0.52263897841501,0,0,0,0,0.261319489207505,0,0.174212992805003,4994.95870942961,2341.55943921644,588.390628000768,1365.22949875168,281.832149030152,168.523141924333,161.561359708085,12.4831956980987,0,79.2202803917803,0,5.76147493758402,0,0.480122911465335,0,0
24.513,3552.96112,0.522857135991849,-0.0133434151736843,1.65847810785874,0.0865419425043222,0.516980790166508,0.687985873654194,-0.430968272927809,3761.34335725405,703.2881497513,1162.52800243004,1945.17219121388,537.646656794623,466.264191062004,451.645973345484,176.272924023237,78.0271101492197,30.7552112996925,0,464.460644720355,71.5723127159509,48.6957512245131,46.3226639328701,15.0928351748491,5.79033299160876,2.46801078330865,4.27155712495729,1.51877586665148,12.9095948665376,4.74617458328587,6.07510346660592,0,0.0949234916657174,0,1.70862284998291,0.37969396666287,0.284770474997152,0.0949234916657174,0,0.189846983331435,0.0949234916657174,0,0.189846983331435,4897.59659501357,2848.16181495148,1699.56461469377,302.03635369687,64.2339756730901,58.5720142915715,104.648665534274,2.14764052402429,1.17144028583143,19.3287647162186,0.390480095277143,2.14764052402429,0,0,0,0
5.33,4474.30808,0.440112509606243,-0.0909717782057268,2.55971716763124,0.780987971952239,1.38361153275923,0.963482130767051,0.20573029450599,2976.01037389237,713.410931694917,1092.55199810635,2135.39576193564,1284.90125248284,386.448073934566,443.257484536931,149.536365226877,55.5744234153571,25.5230685314973,1.95539637942923,519.517943334671,75.5400496053187,54.2365206294318,28.5076209000998,14.8198462440952,4.4253707534451,1.74956518159457,2.16122757726389,1.54373398375992,14.2023526505912,3.19038356643716,10.1886442928155,0.205831197834656,0,0,4.4253707534451,0.102915598917328,0,0.205831197834656,0,0.205831197834656,0,0,0.102915598917328,6306.44325037707,3239.41836349925,353.153280542986,53.3795248868778,10.0160256410256,8.60199849170437,21.7995852187029,0.117835595776772,0,4.83125942684766,0.117835595776772,1.17835595776772,0,0.235671191553544,0.707013574660634,0
20.316,0,0.405598382408695,0.027138707599298,0.46747152443833,0.141619008384461,-0.792375778447609,-0.294089202754669,0.147560820655707,2342.96655686631,1010.59600499781,2545.63746409853,869.099582974995,18.8229185259708,822.529086277119,472.033362000422,76.103006798968,19.3097181430217,67.1783471530336,0,890.843299203271,168.432667499635,248.430071235011,53.0611582585555,0,6.65292809969656,39.2685024421114,51.7630259464196,9.24919272396839,36.1854382007886,186.931052947572,6.49066156067957,2.27173154623785,6.32839502166258,1.13586577311893,4.38119655345871,2.27173154623785,1.4603988511529,0,0,34.5627728106187,3.40759731935677,0,2.27173154623785,3685.85381474662,893.042990953487,203.746697622288,3340.60523576975,587.022656312545,204.547274037307,57.2412136738452,279.801457049075,0,731.326555119686,0,8.60619646145225,1.00072051877352,5.8041790088864,1.40100872628292,0
8.049,1329.627,0.403806047966632,-0.0277026025493358,2.21650282505574,0.242393766696417,-0.746302654038505,-0.170741315508816,0.341189319314134,3391.50981830033,776.501262934898,1967.73405035444,738.368776990141,46.2804530269698,1359.24386865477,391.265379287868,25.747575979793,16.295934164426,50.0285178847878,0,669.925853499552,118.797360058665,169.640674651674,31.7770716206307,0,5.05173959097205,23.6291045384177,30.7993155707651,7.82204839892447,30.6363562291208,106.086531410413,9.12572313207855,3.2591868328852,3.58510551617371,0.814796708221299,2.60734946630816,5.70357695754909,1.30367473315408,0.651837366577039,0,13.5256253564736,1.14071539150982,0,1.14071539150982,2920.79678849337,305.359487072164,3475.58075379083,2171.19156789254,479.062422708853,127.090428264302,35.3874545765872,69.6333783603813,1.52204105705751,399.155267213333,0,3.80510264264379,5.70765396396568,4.37586803904035,1.33178592492532,0
32.933,2854.888,0.338120888092075,-0.0461048194487331,2.10890674753757,0.407820681667035,-0.557388713091895,-0.113032614849925,0.446419712359947,2976.63607308277,662.291271428327,1901.92961766566,1499.76926626673,109.72670871148,849.954707822728,611.358936232033,23.5861149566733,27.1753063631236,76.0566750414466,0,789.451195542566,95.1990292091815,175.015809533576,22.9024594506828,0.170913876497633,4.78558854193372,21.876976191697,20.8514929327112,3.41827752995266,26.4916508571331,70.9292587465176,8.54569382488164,1.19639713548343,2.56370814746449,0.341827752995266,2.39279427096686,2.22188039446923,0.683655505990531,0.170913876497633,0,11.2803158488438,0.341827752995266,0,0.512741629492899,6049.72722930337,279.558538854112,2097.19184453327,991.024964175277,140.533474118209,174.472685220102,67.6270206400684,26.8999673177967,0.754204691153179,164.416622671393,0,1.50840938230636,0.754204691153179,3.01681876461272,2.01121250974181,0.502803127435453
19.216,4326.392,0.400836770796307,-0.00280112227971178,0.826080308135214,0.0770023364541953,-0.823057731890596,-0.129368755978202,-0.181513968670003,3179.02978448624,605.98111227702,1375.01008959561,2062.91871821777,381.184922108322,624.747760109775,611.429493905884,50.0443942206796,27.0401162321414,59.7304060053273,0,655.016546936799,76.6809266284607,144.886592945355,30.268786827024,14.1254338526112,2.0179191218016,9.88780369682783,8.07167648720639,5.44838162886431,15.5379772378723,35.7171684558883,11.3003470820889,0.605375736540479,1.61433529744128,0.807167648720639,2.82508677052224,1.61433529744128,0.807167648720639,1.0089595609008,0,3.83404633142304,0.605375736540479,0.20179191218016,0,4840.2106270943,463.571086644328,3312.58975586405,993.968405935854,105.696505505026,50.7419818094782,176.543800861656,5.55289612254667,4.59550023934897,37.7213977979895,0,3.25514600287219,3.06366682623265,1.53183341311632,0.957395883197702,0
26.472,0,0.0850370888526479,-0.0570725437613247,-0.190516783293091,-0.784747393514498,-0.259648910891326,0.0914457776455345,-0.175037800936378,4077.90637722901,489.448326132949,925.738261596174,2141.26975660924,377.797927000551,674.169289028748,488.02602805483,14.9341298202571,8.1782139491884,20.445534872971,0,483.225772041176,60.9810300993831,116.628442405817,26.6680889647448,3.73353245506427,11.3783846249578,11.9117464042527,3.73353245506427,3.20017067576938,14.5785553007271,16.1786406386118,21.1566839120309,2.31123437694455,1.24451081835476,1.06672355858979,0.355574519529931,0.711149039059861,1.06672355858979,1.60008533788469,0,0.355574519529931,0,0,0,8672.8352951391,358.582538481575,197.83436488347,666.063034121777,26.295225928085,8.18624958138497,17.9849422621336,4.96136338265755,0,44.4042022747851,0,2.2326135221959,0,0,0.620170422832194,0
15.716,1600.15,0.107615853358888,-0.0227454839889709,0.646886422064366,2.02365305607309,2.398522999346,2.24229510234664,-0.557965144078427,3198.48635012163,775.895726341712,1267.83193681112,1949.42487311169,200.468510676637,461.753311109109,812.835991230441,22.9750427966483,7.20785656365438,38.7422290296423,0,819.142865723639,84.692314622939,186.503288584557,40.5441931705559,0,8.10883863411118,38.1415743160044,6.00654713637865,6.30687449319758,17.2688230170886,21.3232423341442,24.7770069375619,1.3514731056852,1.05114574886626,0,4.50491035228399,0.600654713637865,1.65180046250413,0.150163678409466,0,1.65180046250413,0.150163678409466,0,0.300327356818933,8045.93874833555,1073.90146471372,140.035508211274,574.345317354638,37.5055481580115,21.5268530847759,59.254327563249,7.76742121615624,0.443852640923214,35.0643586329339,0,2.88504216600089,0,0.443852640923214,0.887705281846427,0
22.888,3024.861,0.191251122707687,-0.107664284983466,1.02244379760319,-0.326041604352192,0.548196305681199,0.970748830010093,-1.84686233340991,2476.98645464255,180.717785274722,287.351450319562,1424.5511722922,4519.300862902,465.35677352637,269.042331361147,6.10303965280486,1.35623103395664,2.37340430942411,0,256.158136538559,16.9528879244579,52.2148948073304,3.22104870564701,0.169528879244579,4.57727973960364,2.37340430942411,1.52575991320121,5.93351077356028,4.74680861884822,4.74680861884822,10.1717327546748,1.01717327546748,0.169528879244579,0.678115516978317,0.339057758489159,0,0,0.169528879244579,1.35623103395664,0.339057758489159,0,0,0,7982.01314424075,803.874092009685,960.567277758561,103.885622045428,11.760636457973,1.03770321687997,122.79488066413,0.57650178715554,4.84261501210654,7.72512394788424,0.115300357431108,0.461201429724432,0,0.115300357431108,0.230600714862216,0
34.468,3985.61,0.169658257881713,-0.159221684608816,1.49684358252746,-0.213450302645476,1.13949106877949,1.12870611264343,-2.47232863177631,2034.52142684779,386.946585473179,660.903632414939,2164.54456415279,3501.96596119178,159.122201876535,484.180045139037,58.3400757995145,19.4466919331715,16.1819188349018,0,307.598404519581,44.8551434370963,83.7485273034394,28.531277945748,0,6.95538616587886,5.11007963207427,2.98087978537666,2.98087978537666,11.9235191415066,4.54229300628824,11.0718392028276,0.851679938679044,0.425839969339522,0.56778662578603,0.141946656446507,0,0,0.56778662578603,0.283893312893015,0.56778662578603,0.141946656446507,0,0,8899.43074003795,682.509562964971,158.730158730159,66.5642601126472,17.770549079847,1.8071744826963,165.055269419596,0.903587241348152,0.301195747116051,6.92750218366917,0,0,0,0,0,0
15.894,0,0.4463509904168,0.013730192811902,-0.00170068068201733,-0.313077915009642,-0.150569890184852,-0.255215134647716,0.00253623975048695,2633.71997141443,950.030234731461,1596.39382112033,2803.91402341817,33.8628992358859,260.788301907537,579.847177175526,174.481886647243,132.702984992579,59.1501291847617,0,493.100984003079,97.190918586114,99.0599747127701,31.4441207190369,0,4.50772359958221,3.95800120938926,8.35578033093288,2.63866747292617,15.5021714034413,8.46572480897147,6.9265021164312,0.109944478038591,1.09944478038591,0.329833434115771,1.64916717057886,0.219888956077181,0,0.329833434115771,0,0.219888956077181,0,0,0,5784.64448998896,1432.12990698408,526.09175469021,1102.47516947817,111.619107677755,174.20778811288,448.368279993694,79.9306321929686,12.9276367649377,285.353933469967,1.89184928267381,29.9542803090021,1.57654106889484,2.68011981712124,0.945924641336907,5.20258552735299
NA,1087.43,0.451123932040624,-0.0715612814734093,1.25174996823991,-0.615073483091006,0.234296346106995,0.352888324315268,-0.652558659797143,3175.35125174962,805.738145438009,1271.94769759572,2651.44132811254,238.83347212133,243.32193499997,522.492514306975,216.981744949003,120.184499447801,57.2869604247503,0,442.763239489024,90.8913732924647,72.6422281674669,33.9587652002386,0,4.84281521116446,4.07505182402863,8.56351470266886,1.6536442184464,17.008911961163,7.67763387135829,7.26422281674669,0.590587220873715,0.649645942961086,0.354352332524229,2.00799655097063,0.0590587220873715,0,0,0,1.00399827548531,0,0,0.4134110546116,8289.33985951753,741.545625019865,728.752820773607,130.669357658202,6.23748530019388,16.1697867336236,70.2015065314814,3.49617010456727,0,11.2036360169087,0.119187617201157,1.94673108095223,0,0.317833645869752,0,0
10.109,1533.552,0.445407636308635,-0.0736877157911593,1.66873957323399,-0.54488439570708,0.766578047598736,0.621677702371616,-0.32604912812258,4059.43846722437,570.919031807676,877.028311295186,2078.93841442668,672.759911299879,616.442374253499,359.845596085931,142.084452839929,81.4257723128908,41.4168553695252,0.821297415259706,325.468432847203,63.8265419858971,53.5016601940608,21.4710609989323,0,3.28518966103882,2.11190763923924,4.34114348065845,0.469312808719832,11.028851004916,4.10648707629853,6.21839471553777,0.351984606539874,0.234656404359916,0.351984606539874,1.05595381961962,0,0,0.58664101089979,0,0.234656404359916,0,0,0,8629.41112860009,823.891285280017,368.149759092602,48.0613262522979,2.88367957513788,3.36429283766086,118.471169211914,0.720919893784469,0,3.96505941581458,0,1.0813798406767,0,0,0,0
5.804,510.076,0.429424377782852,-0.0278814832445204,0.941535491171463,-0.61286556525747,-0.100590058583913,-0.110659212013876,-0.131369359165549,3077.89797094028,784.484414004993,1558.3434679639,2337.70722652499,75.5296677974781,569.032836203034,544.197657300134,162.708826729821,110.606157588171,41.8613582538565,0,435.383729117327,94.4760929398963,95.5002240286757,45.3178006784868,0,3.71247519682519,6.14478653267618,14.3378352429111,1.79222940536389,18.0503104397363,9.34519618511169,8.19304871023491,0.12801638609742,0.896114702681943,1.15214747487678,1.79222940536389,0.384049158292261,0,0,0,0.896114702681943,0,0,0.12801638609742,6191.00204174048,2358.48831758995,539.750383322873,515.757946501633,43.7742804255083,62.9205627894783,164.928141857269,37.180332557419,0.31778062014888,72.7717620140936,2.30390949607938,9.13619282928031,0,1.11223217052108,0,0
0,0,0.362554453261007,0.105220056355678,-0.459248888403125,-0.208422691303764,-0.402383277140922,-0.295936802763667,-0.0309295230817715,2562.18876731638,984.506244872965,1885.70900393987,2554.33212787836,45.6378320296704,387.286108768241,547.769523171309,102.59846795531,115.769892895518,50.7215399013299,0,479.717160980231,97.6302988989151,112.072650807039,35.7014939168814,0,6.70125128536932,3.9283197190096,3.69724208847963,1.50200459844485,8.8964887754041,5.43032431745445,5.31478550218946,0.462155261059953,0.808771706854918,0,1.15538815264988,0.115538815264988,0,0,0,0.115538815264988,0,0,0.115538815264988,5850.52583184874,1118.61387276593,296.822021722889,1505.08591460261,234.612953278547,444.945692776277,387.621401068904,24.9985633009597,0,97.6955347393828,14.6543302109074,18.6770875237055,2.15504856042756,1.14935923222803,2.01137865639906,0
11.99,1500.02566,NA,0.0289875368732522,1.49546663919974,NA,NA,NA,NA,3964.7910715472,491.330631767754,783.89689762838,2595.23018667375,456.786022719724,632.299209459908,370.82309174251,57.9286520959277,40.6563475719126,22.5868597621737,0,406.430611838172,46.6352222148409,64.173254500764,10.0976549525012,1.46150269049359,3.85305254766492,6.51033016674417,1.32863880953963,2.65727761907925,11.5591576429947,7.17464957151398,14.6150269049359,0.797183285723776,0.398591642861888,1.19577492858566,3.05586926194114,0.398591642861888,0,0,0.930047166677739,0,0,0,0,6718.86495007882,904.436603858569,1443.73545529615,387.808723068839,240.222205540125,14.5634712108701,238.420538998574,1.20111102770062,0.300277756925156,48.7951355003378,0.750694392312889,0.300277756925156,0,0.600555513850312,0,0
21.17,2988.04838,0.395477322404825,-0.0729185899515545,0.562620398960102,-0.266249928741315,0.465502394352016,0.0439110880898856,-1.32168960053439,2949.48862198986,779.173844430256,1132.25958005566,2900.0975774295,431.870474997289,269.7232896845,546.313139222513,117.815711170809,61.9195046439629,33.2486056064859,0,565.828625121972,66.1358133259448,70.472587970269,18.069894351351,2.77071713387382,9.15541313801785,6.50516196648637,2.28885328450446,2.65025117153148,9.39634506270253,10.7214706484683,9.63727698738721,0.361397887027021,0.481863849369361,0.24093192468468,2.77071713387382,0.361397887027021,0,0,0.12046596234234,0.12046596234234,0,0,0,6613.13322163203,2264.26865352394,672.8815372001,236.533456917757,21.5678585433674,15.3292217746248,153.113970981427,4.27792235570924,0.891233824106093,14.9727282449824,0,2.31720794267584,0,0.712987059284874,0,0
17.09,4447.32241,0.496418279234065,-0.186800847598001,2.11487762963794,-0.493634164361064,0.505154467425507,0.122505913134867,-2.05948343829804,2456.3863570751,702.629878610412,1096.3555628875,2612.83182799247,1416.12020731087,209.098032746319,519.102019493821,161.669484884728,29.1444989758183,24.8828033708638,0,498.618385779684,87.9833931345459,105.167649606137,26.3950179403638,0.412422155318184,11.9602425042273,2.06211077659092,1.51221456950001,3.57432534609092,12.7850868148637,6.04885827800003,11.4103462971364,0.412422155318184,0.137474051772728,0,2.4745329319091,0,0,0,0,0.137474051772728,0,0,0,7376.60393498717,1402.15996578272,229.255774165954,550.898203592814,38.9221556886228,14.9700598802395,354.041916167665,2.3524379811805,0.106928999144568,18.7125748502994,0.855431993156544,10.5859709153122,0,0.53464499572284,0,0
24.374,0,0.204148058037662,0.0460911072002669,0.541833583279685,-0.712990884395831,-0.664875760924376,-0.432074268189224,-0.353106338395865,2919.90868005405,1004.51940548851,1906.07091273354,954.200251595769,28.4210035875693,1003.43226327478,630.853096025719,87.4372951901722,19.4132538166457,60.7246579384678,0.776530152665828,722.483654040286,107.161161067884,318.222056562456,84.3311745795089,0,7.29938343505878,11.1820341983879,16.7730512975819,8.38652564879094,58.0844554194039,21.1216201525105,8.69713770985727,0,4.5038748854618,1.55306030533166,3.88265076332914,1.86367236639799,1.39775427479849,0.155306030533166,0,4.19326282439547,0.155306030533166,0.621224122132662,1.08714221373216,5108.30165325789,1400.84873132349,547.254884625586,1709.3979312174,240.915922553267,224.560162673504,34.9217575811157,286.446821678013,7.95685615772257,438.069136239059,0.442047564317921,0.884095128635841,0,0,0,0
24.478,1477.748,0.273986068981013,-0.00827590930385982,1.27248257340774,-0.451743789881711,0.31338535358186,-0.0654184921171499,-0.272508490435256,4411.74425477176,735.145847095227,1127.14250947398,1262.55953829573,178.006466641171,886.38180996419,434.238431318013,128.985154538817,45.7184577408476,27.4658415325244,2.60751660118903,501.164690748531,78.5731669158294,91.6107499217745,36.8529012968049,0.347668880158537,7.64871536348781,2.43368216110976,4.34586100198171,3.82435768174391,17.5572784480061,4.34586100198171,7.99638424364635,0,0.347668880158537,0,0.347668880158537,0.173834440079268,0.347668880158537,0,0.173834440079268,0.869172200396343,0.173834440079268,0.521503320237806,0.347668880158537,6094.86086989117,3212.79972011545,339.73485937051,207.039596166581,50.229280421826,21.8659802831332,45.8560843651994,11.6202066647508,0.624742293803806,11.6202066647508,2.62391763397599,0.749690752564567,0,0.249896917521522,0.124948458760761,0
27.827,2554.434,0.319950661081879,-0.062748516420139,2.97966358651501,-0.600311762932727,-0.877941457791867,-0.202630180674074,-0.853986718477305,2821.38474125588,962.492329719779,1377.96584168542,1773.36878707302,586.137246880753,543.055839640008,570.541010431581,179.740233176519,65.964409899775,41.8030272039272,70.0552260175905,633.948660257721,101.247698915934,130.394763755369,57.5271016567805,12.1446103497648,13.1673143792187,3.06811208836163,4.21865412149724,3.06811208836163,21.6046226222131,11.2497443239926,11.2497443239926,0,0.639190018408673,0.511352014726938,0.639190018408673,0.894866025772141,0,0.255676007363469,0,0.767028022090407,0,0.127838003681735,0.383514011045203,8484.62664714495,430.035557414767,494.248065258314,408.282786028028,76.9713449069232,35.1390922401171,28.6550930767622,12.1313532733738,2.50993516000837,24.2627065467475,1.46412884333821,1.46412884333821,0,0.209161263334031,0,0
31.057,4536.413,0.246164834018502,-0.217948734437106,2.28570979394415,-0.575385634823634,0.0844291209098726,0.193836685061965,-2.02369513821895,2756.75525717139,598.263330189203,755.701048660045,2031.29334738945,2164.73395106253,366.892304277867,511.845974588026,93.9077844975864,12.6227598069134,12.900183099373,57.7040448316041,396.576596571048,58.8137380014426,77.9559451811574,27.8810408921933,38.1457027131998,3.46779115574544,1.38711646229818,1.80325140098763,3.60650280197525,12.900183099373,6.24202408034178,5.40975420296288,0,1.38711646229818,0,0.277423292459635,0.138711646229817,0,0,0,0.693558231149087,0,0.138711646229817,0,8129.53299133204,1509.37555280382,278.170882717141,61.2506633645852,5.52803820980011,5.74915973819211,3.98018751105608,0.442243056784008,0.663364585176013,3.98018751105608,0,1.32672917035202,0,0,0,0
