"ADH_10_actual","ITS00002","ITS00003","ITS00004","ITS00007","ITS00009","ITS00010","ITS00012","ITS00017","ITS00021","ITS00027","ITS00031","ITS00041","ITS00045","ITS00050","ITS00053","ITS00054","ITS00063","ITS00064","ITS00065","ITS00072","ITS00100","ITS00117","ITS00211","ITS00224","ITS00230","ITS00236","ITS00239","ITS00245","ITS00250","ITS00298","ITS00350","ITS00377","ITS00381","ITS00418","ITS00455","ITS00462","ITS00467","ITS00481","ITS00528","ITS00550","ITS00556","ITS00564","ITS00574","ITS00692","ITS00719","ITS00755","ITS00764","ITS01048","ITS01053","ITS01100","ITS01117","ITS01185","ITS01373","ITS01462","ITS01481","ITS01531","ITS01777","ITS01816","ITS02274","ITS02400","ITS02420","ITS02444","ITS02456","ITS02656","ITS02672","ITS02742"
0,118.019453295321,4056.26362569177,428.26597350327,860.724467549891,1241.19570685896,409.399631058192,777.293308737213,28.299513667617,384.454133825256,104.813013583767,38.7808150259936,12.577561630052,115.923193023646,106.699647828274,15.5123260103974,694.28140197887,90.9776957907094,67.2899547207781,0,62.2589300687573,0,14.6738219017273,5.86952876069093,18.4470903907429,0.209626027167533,127.662250545028,18.6567164179104,0,45.4888478953547,94.5413382525574,0,7.12728492369613,0.209626027167533,0,2.5155123260104,0,0,0.838504108670133,8.17541505953379,7.96578903236626,1.67700821734026,3.56364246184806,0,11.1101794398793,0,1.8866342445078,4.61177259768573,0,0,0.838504108670133,3.7732684890156,0,0,0,0,1.46738219017273,0,0,0,3.56364246184806,0,0,0,0,0,0
1484.147,384.73359224386,4841.16118577296,682.434131485569,180.212902685033,760.246989466626,344.639713894555,587.019083009695,345.198513592803,554.608700511302,131.038529239194,30.0354837808388,10.337794417591,96.6723477969322,60.2106674862396,6.14679668072979,414.908775949261,39.6747785756196,47.3582744265318,0,47.91707412478,7.68349585091224,60.3503674108016,1.39699924562041,22.6313877790506,0.977899471934285,144.030622223464,25.1459864211673,0,19.9770892123718,36.6013802352547,0,0,65.6589645441591,0,0.698499622810204,0,0,0.558799698248163,0.977899471934285,2.79399849124081,1.25729932105837,3.91159788773714,0,12.8523930597077,0,4.61009751054735,15.0875918527004,0.977899471934285,0,1.81609901930653,4.4703975859853,0.698499622810204,0,0,0,0,0,0,0,0,0,0,0,0,0,0
1989.56009,338.567807135444,4159.10985589601,467.359681508073,331.762424077445,921.448866053048,258.264287051057,665.39632849584,312.026813209248,252.309576875308,1328.07050376848,21.4369566326965,99.1884580703336,117.562992326931,34.1970498664444,9.35740170474846,265.069670109056,41.0024329244432,33.0061078312945,4.93390271704919,48.658488864692,6.29497932864896,20.4161491739966,0.510403729349916,1.1909420351498,1.70134576449972,71.9669258383381,11.5691511985981,0,61.9289858277898,74.5189444850877,0,0,10.8886128927982,0,0,0.170134576449972,0,2.55201864674958,1.87148034094969,1.36107661159977,1.1909420351498,0,0,2.55201864674958,0,4.93390271704919,0.510403729349916,3.91309525834936,0,0,3.23255695254947,0,0,0,0,0.510403729349916,1.02080745869983,0,0,0,0,0,0,0,0,4.76376814059921
2973.68,174.062569336588,2498.77967605946,1779.89793654316,245.285112047925,1584.75704459729,378.52229864655,593.854004881296,37.2753494564012,262.59152429554,1296.20590193033,66.0084313290437,71.9991124916796,102.507211005103,38.8284890170845,2.77346350122032,357.665853117373,40.7144441979143,79.6538717550477,2.10783226092745,120.257377412913,11.7594852451742,0.998446860439317,0.221877080097626,6.21255824273353,0,64.1224761482139,19.8579986687375,0,16.0860883070779,99.622808963834,0,0,4.10472598180608,0,0.332815620146439,0.776569780341691,0,1.99689372087863,1.44220102063457,11.4266696250277,0.443754160195252,0.554692700244065,0,7.32194364322166,0,1.99689372087863,0,1.10938540048813,0.665631240292878,0,6.76725094297759,0,3.32815620146439,0,0,1.66407810073219,0,0,0,0,0,0,0,0,0,0.110938540048813
4027.69203,118.642076823681,2797.77986608716,1910.01996945848,112.475038176906,535.357688241513,167.978385997886,1922.35404675203,6.75437566075414,437.272406907083,892.458592740514,16.7391048983907,61.3767179607659,66.3690825795842,10.5720662516152,6.46070715376483,157.112651239281,39.9389169505462,235.815811112416,46.9869611182897,19.0884529543052,0,1.46834253494655,3.52402208387173,6.46070715376483,0,96.3232702924938,242.86385528016,0,7.04804416774345,36.4148948666745,0,0,0,0,0,0,0,15.2707623634441,2.34934805591448,0.881005520967931,0,0,1.46834253494655,5.5797016327969,0,1.46834253494655,1.46834253494655,1.76201104193586,0,0,13.215082814519,0,0,0,0,0.293668506989311,0,0,0,0,0,0,0,0,0.587337013978621,0
0,975.921961554589,3197.45757100925,633.841672000177,553.949372117146,1301.22928207279,100.196420295292,864.911390170157,112.555450111452,621.70333914502,187.371719891417,15.890181192205,2.42766657103132,30.8975745403986,26.7043322813445,329.279865816248,490.167950387323,10.8141510891395,105.713844320364,0,55.6156341727174,0,126.680055615634,10.3727571671338,14.1246055041822,0.662090883008541,110.569177462426,0,0,5.07603010306548,49.2154223036349,0,14.7866963871907,0,0,0,16.9936659972192,1.76557568802278,1.32418176601708,13.6832115821765,0.662090883008541,0.882787844011388,0,0.662090883008541,0.882787844011388,0,1.10348480501423,7.28299971309395,0,0,1.10348480501423,0,0,0,0,1.10348480501423,0.882787844011388,0,0,3.31045441504271,0,0,0,0,0,0,0
1026.394,1094.75037153071,3038.59902799534,724.98694621842,806.522874241876,1282.72482628429,238.502630839057,656.946620074708,46.0296421255573,653.492388641202,203.237337831867,15.2628830782825,7.31011768486163,67.7993332530024,20.4040647467566,342.852552516367,276.659838534763,10.6840181547978,109.250110455075,0.883640599268988,50.1265212676226,0,182.351287303691,15.2628830782825,20.2434028196168,5.46250552275374,41.2901152749327,0,0.321323854279632,4.25754106920512,30.5257661565651,0,18.8777764389284,0.160661927139816,0,0.80330963569908,6.90846286701209,1.84761216210788,1.44595734425834,12.4512993533357,0.080330963569908,0,0.883640599268988,1.92794312567779,0,0,0.722978672129172,2.16893601638752,0.321323854279632,0,2.65092179780696,0.080330963569908,0,0,0,0,0,0,0.321323854279632,0.722978672129172,0,0,0,0,0,0.40165481784954,0
1423.473,1018.66251944012,2495.66118962292,638.312259111502,979.782270606532,1439.69617057723,640.002704712962,797.890323889377,19.6091689769423,358.937949376789,242.635291996304,9.69188811504046,12.0585119570852,52.5165100187076,38.9929452070232,205.558185137602,406.495818964546,3.26819482949039,37.7532850992855,94.6649536817905,162.170081366782,12.7346901976694,62.5464872540402,6.98717515270358,29.3010570919828,7.4379606464264,106.385376518584,0.338089120292109,0,3.04280208262898,59.1655960511191,0,15.6647959068677,0.676178240584218,0,0.450785493722812,10.9315482227782,1.80314197489125,0.788874614014921,19.1583834832195,1.80314197489125,0,0,1.35235648116844,0,0,0.112696373430703,0,0,0.338089120292109,0.338089120292109,0,0,0,0,0,0.450785493722812,0,0,0.225392746861406,0,0,0,1.01426736087633,0,0,0
214.938,687.617705832459,2698.28490921376,580.226857775414,1132.99501142915,1211.48952687647,99.7714170704007,1067.87044092066,51.1795741744419,1029.91704883624,207.737316522664,16.9640161589442,11.0697393579551,60.8116850443508,23.4333443551517,259.491942092325,291.119768829339,5.89427680098909,77.4881755056858,0.431288546413836,35.5094236547391,0,148.650785663969,17.2515418565534,41.8349890021421,3.01901982489685,60.0928708003278,0.143762848804612,0.718814244023059,5.03169970816142,65.4120962060984,0,26.5961270288532,20.8456130766687,0,1.43762848804612,3.88159691772452,4.16912261533375,5.75051395218448,32.4904038298423,3.01901982489685,0,4.45664831294297,0,0,0,0,1.1501027904369,0.575051395218448,0,0.143762848804612,0.575051395218448,0,0,0,0,0,0,0,0.287525697609224,0,0,0,0,0,0,0
493.696,398.898473251529,3101.55374667585,367.985528962324,597.200286180969,1322.50705328096,80.0496766964997,532.944559186814,26.7282225731989,2581.02836161395,121.086947717977,7.01953320104213,10.7992818477571,35.5026390745015,13.2291202635025,183.992764481162,173.463464679599,4.04973069290892,59.3960501626642,0,66.8205564329972,0,148.760107452854,6.7495511548482,32.8028186125623,20.9236085800294,42.9271453448346,0.944937161678748,0,4.99466785458767,25.3783123422292,0,8.90940752439963,0,0,0,0.944937161678748,1.61989227716357,2.69982046193928,7.01953320104213,0.809946138581784,0,0,0.404973069290892,0,0,0.404973069290892,4.31971273910285,0,0,0,0,0,0,0,0,0.539964092387856,0,0.269982046193928,0,0,0,0,0,0,0,1.07992818477571
0,6.32111251580278,995.332101526792,46.1927453077896,74.1515122046095,207.137994748614,201.303121657104,4574.54050374404,0,317.757463775163,709.180200330643,10.4541476222892,181.610424973257,376.592434114558,441.50539725761,149.761742682097,176.748030730332,126.908489740348,8.26607021297287,0.972478848585043,179.908586988233,1.45871827287756,0,117.426820966644,305.358358455704,0,270.835359330935,0.243119712146261,76.5827093260721,23.5826120781873,102.596518525722,0,42.5459496255956,0.486239424292522,0,63.9404842944666,1.45871827287756,9.96790819799669,0.972478848585043,2.43119712146261,0,0,137.605757074784,11.183506758728,0,12.8853447437518,0.729359136438782,0,0,1.70183798502383,1.94495769717009,0,0,0,0,10.9403870465817,3.16055625790139,2.43119712146261,0,0,0,0,0,0,12.155985607313,0,0
1543.201,1512.26368201841,2419.3133709271,601.78598975027,92.8988910409132,709.425295236789,583.446171777248,1513.46348319421,0,649.435236446532,93.755891880774,25.7100251958247,22.7962223402979,412.388804141028,103.69710162316,117.409115060933,341.771934936496,105.925303806798,100.954698935605,8.39860823063607,157.688154534391,0.171400167972165,13.7120134377732,2.9138028555268,24.1674236840752,0,86.8998851618875,0,3.08520302349896,36.3368356100989,165.743962429083,0,1.88540184769381,0.857000839860823,1.19980117580515,10.2840100783299,5.8276057110536,16.7972164612721,7.54160739077524,1.37120134377732,3.08520302349896,0,2.9138028555268,12.8550125979123,0,0,1.37120134377732,0,2.22820218363814,0,4.28500419930412,3.25660319147113,2.57100251958247,2.39960235161031,0,0,1.19980117580515,9.25560907049689,0,0,0,0.342800335944329,0.171400167972165,0.857000839860823,0.514200503916494,0,0.514200503916494
2970.8,4293.87019230769,1806.89102564103,456.730769230769,41.6666666666667,451.722756410256,444.711538461539,814.102564102564,2.60416666666667,542.067307692308,43.2692307692308,38.8621794871795,21.8349358974359,230.969551282051,34.2548076923077,66.7067307692308,244.791666666667,41.8669871794872,65.5048076923077,106.570512820513,50.0801282051282,0,4.20673076923077,2.60416666666667,10.8173076923077,0.200320512820513,27.8445512820513,0.200320512820513,19.2307692307692,23.036858974359,62.7003205128205,0,0.801282051282051,0.400641025641026,0.200320512820513,5.60897435897436,5.80929487179487,4.40705128205128,3.00480769230769,1.00160256410256,5.40865384615385,0.200320512820513,0.400641025641026,6.81089743589744,0.400641025641026,0.200320512820513,0.200320512820513,0,2.80448717948718,0,0.400641025641026,3.80608974358974,1.6025641025641,4.00641025641026,0,0,0,1.00160256410256,0,0,0,0.801282051282051,0,0,0,0,0.801282051282051
3542.968,6280.67135578039,1324.65015198015,1427.43865728844,17.0335237368027,135.533986285077,165.930015711957,205.870692060322,4.40522165606966,94.8591063273667,33.9202067517364,4.69890309980764,1.02788505308292,37.5912247984611,12.1877799151261,22.1729490022173,63.8757140130101,14.0967092994229,24.0818783865141,0.146840721868989,21.8792675584793,0,14.2435500212919,0.734203609344944,3.08365515924876,0.146840721868989,6.31415104036651,0,2.49629227177281,4.99258454354562,65.490961953569,0,0,0.440522165606966,0,0.587362887475955,0.146840721868989,2.34945154990382,1.17472577495191,0.146840721868989,0.440522165606966,0,0,1.76208866242786,0,0,0,0,0.146840721868989,0,0.440522165606966,0.587362887475955,0.293681443737977,0.587362887475955,0,0,0.146840721868989,1.02788505308292,0,0,0,0,0,0,0,0,0
0,51.4947364243405,4421.30433488446,97.7308581463879,722.017720539355,2673.9559665433,197.346880053975,374.453054461389,9.92191453262821,521.098951253634,72.1323186522071,34.825920009525,66.5760465139353,69.2549634377449,33.6352902656096,118.666097810233,259.954160754859,45.9384642860686,30.1626201791898,0.892972307936539,47.4267514659629,0.297657435978846,11.5094208578487,1.98438290652564,3.27423179576731,7.83831248077629,56.5549128359808,0,0,14.5852143629635,29.8649627432109,0,0,0,0,1.88516376119936,1.19062974391539,0,3.07579350511475,3.96876581305129,0,0.198438290652564,0,0.694534017283975,2.97657435978847,0,1.48828717989423,1.19062974391539,1.88516376119936,3.57188923174616,1.38906803456795,0.0992191453262822,0.496095726631411,0,0,0,0,0,0,0,0,0.198438290652564,0,0,0,0,0.892972307936539
1445.51502,115.178172059043,4284.14343223498,237.624869539287,886.200984046519,1253.35470404055,695.541971074996,917.325182644998,46.2203667809751,174.071865215447,249.925451021321,46.965856567765,144.065901297152,58.1482033696138,95.0499478157149,113.314447592068,300.246011629641,38.9518413597734,27.5831221112271,0,106.791411957656,0,23.66930073058,2.98195914715968,9.69136722826897,13.4188161622186,62.0620247502609,1.30460712688236,0,12.4869539287312,33.9197852989414,0,0.37274489339496,21.0600864768153,0,2.60921425376472,0,0,2.23646936036976,5.77754584762189,0.931862233487401,4.10019382734457,0,0,0.37274489339496,0,2.42284180706724,8.20038765468913,0,0,0.18637244669748,0,1.30460712688236,0,0,0,0,0,0,0,0,0,0,0,0,0.18637244669748,0
2962.59226,1238.85933397817,2622.37460273594,1412.61917921791,639.422412601907,1040.48638938787,847.03606466768,867.331076412878,132.824374740915,252.780848417853,536.5655658422,75.3074478375017,13.2997098245129,4.23172585325411,7.4271106812215,10.7088572612961,103.547740776565,20.9859057620561,12.3497305513334,0,24.5267375984524,0.172723504214454,17.0996269172309,7.34074892911427,14.6814978582285,2.50449081110958,28.3266546911704,0,0,34.7174243471052,19.6904794804477,0,2.50449081110958,1.2954262816084,0,0.604532264750587,0.0863617521072268,0,1.12270277739395,1.2954262816084,0.25908525632168,0.345447008428907,0,0.0863617521072268,0.518170512643361,0,0.604532264750587,0,1.89995854635899,0,0.518170512643361,0.345447008428907,0.431808760536134,0,0,0,0.172723504214454,0,0,0,0,0.690894016857814,0,0,0,0,0
3504.55394,1337.77986719163,3158.31227595933,1920.72633249104,1038.37339131457,947.288006111535,136.628077804548,234.765234765235,30.2638537932656,193.923723335488,574.131750602339,32.3206205559147,15.5726626314862,17.6294293941353,27.3256155609097,22.9182582123759,169.83016983017,11.4591291061879,28.2070870306164,0.293823823235588,27.9132632073809,0,4.40735734853382,0,0,0.881471469706764,20.5676676264912,0,0,5.58265264147617,20.8614914497267,0,0,0,0,1.17529529294235,0,0,0,2.05676676264912,0,0,0,4.40735734853382,0,0,0.881471469706764,0,0.881471469706764,2.3505905858847,6.17030028794735,0.587647646471176,0.293823823235588,0,0,0,0,1.46911911617794,0,0,0,0,0,1.46911911617794,0,0,0
4583.2796,3491.65743013221,3032.71712453487,530.935792890508,842.322460612778,651.522048927243,665.673739213047,145.623861927005,34.9833742379859,227.960969044415,127.958989787032,45.1270683239648,11.8260628612145,6.87791940463938,17.2195392288813,13.5579130710158,65.4144564959227,13.3599873327528,14.3990974586335,0,10.7869527353337,0.0989628691315019,9.20354682922967,0,0.940147256749268,1.23703586414377,14.2011717203705,0,0,4.40384767635183,10.3911012588077,0,0,0,0,0.593777214789011,0,0,0.940147256749268,1.38548016784103,0,0,0,0.148444303697253,0.841184387617766,0,0.54429578022326,0.692740083920513,0.494814345657509,1.18755442957802,0.989628691315019,0.247407172828755,0.346370041960257,0.445332911091758,0,0,0.197925738263004,0,0,0,0,0.197925738263004,0,0,0,0.0494814345657509,0.247407172828755
0,20.4135972308512,1280.55382976835,54.14041004704,219.401792846366,239.815390077217,247.803319428419,2410.93458773409,0,1420.96387680838,1962.0129581965,15.6208396201296,74.1989881956155,342.593414396024,285.612851690778,80.4118221354398,257.921363273276,62.1283393982427,54.4954291293157,6.74536256323777,20.7686163131268,71.8913641608236,6.3903434809621,89.8198278157451,133.132155853377,0,411.999644980918,4.26022898730807,0,38.8745895091861,41.5372326262536,0,9.94053430371882,4.26022898730807,0,56.2705245406941,2.84015265820538,10.1180438448567,2.13011449365403,9.58551522144315,19.3485399840241,0,0,0,18.8160113606106,0.710038164551345,2.84015265820538,2.30762403479187,0,3.55019082275672,0.177509541137836,0,2.13011449365403,0,0,0,0,0,0,0,0,0,0,0,0,0,0
2639.949,109.533824044865,2645.24185068349,336.706975113915,269.234139502278,1002.23449001051,1487.90746582545,853.487556957588,0.87627059235892,157.509638976516,919.207851384508,19.7160883280757,26.5071854188573,278.873116018226,43.813529617946,39.2131090080617,374.167542937259,29.3550648440238,604.626708727655,19.0588853838065,57.8338590956887,83.4647739221872,1.75254118471784,4.81948825797406,15.9919383105503,0.21906764808973,102.304591657904,413.380651945321,0.21906764808973,22.1258324570627,35.708026638626,0,0.21906764808973,0,0,1.75254118471784,0.87627059235892,4.16228531370487,2.1906764808973,1.97160883280757,5.47669120224325,0,0,1.31440588853838,6.79109709078163,0,1.97160883280757,2.1906764808973,0,1.75254118471784,2.62881177707676,1.53347353662811,1.09533824044865,0,0,2.84787942516649,0.65720294426919,3.94321766561514,0,0,0,0,0,0,0,0,1.09533824044865
3573.444,218.100149725503,1703.70986524705,3299.11828314756,93.6616203626684,255.531525536516,2140.90833471968,252.537015471635,0,65.2137747462985,938.446181999667,22.1261021460655,8.81716852437198,64.5483280652138,12.9762102811512,6.82082848111795,146.065546498087,10.4807852270837,158.209948427882,164.698053568458,14.3071036433206,264.015970720346,0.332723340542339,1.16453169189819,3.16087173515222,0,33.7714190650474,74.8627516220263,0,3.32723340542339,21.7933788055232,0,0,0.166361670271169,0,3.65995674596573,0,0.332723340542339,1.6636167027117,0.831808351355848,2.32906338379637,0,0,0.499085010813508,2.66178672433871,0,0.332723340542339,0.665446681084678,0,0.831808351355848,4.82448843786392,0.166361670271169,0.332723340542339,0.332723340542339,0,0,0.499085010813508,0.831808351355848,0,0,0,0,0.332723340542339,0,0,0,0
0,104.234351310375,3782.75936755469,294.292830842538,1461.17608836907,711.230236084037,752.382499458523,1116.79662118259,1.62443144899285,109.107645657353,133.203378817414,56.3136235650855,543.643058262941,198.180636777128,50.8988520684427,69.5798137318605,126.976391596275,0.812215724496426,14.8906216157678,22.2005631362357,45.754819146632,174.626380766732,38.174139051332,4.60255577214642,17.5980073640892,38.4448776261642,49.0036820446177,0.270738574832142,0,11.6417587177821,33.0301061295213,0,3.79034004764999,0.812215724496426,0,2.16590859865714,0.270738574832142,10.5588044184535,0,0.541477149664284,0.541477149664284,0.812215724496426,0.541477149664284,0.270738574832142,0.270738574832142,0,0,7.30994152046784,0,1.35369287416071,0.270738574832142,0,0,0,0,0,0.270738574832142,0,0,0,0,0,0,0,0,6.22698722113927,0
1507.78,340.939311738737,4289.93138662837,278.974522631775,568.320833998192,778.41604169991,388.011275995958,874.953459922344,1.86160310621775,218.073506728365,86.6975160895697,7.97829902664752,493.856709749481,473.645018881974,47.3379075581086,131.907877240572,149.460135099197,1.5956598053295,34.8385724163608,57.4437529918621,89.091005797564,411.9461730759,90.9526089037817,0.797829902664752,3.19131961065901,77.9213871602574,51.3270570714324,2.92537630977076,0,6.38263922131801,10.1058454337535,0,0,0,0.531886601776501,1.32971650444125,1.063773203553,15.6906547524068,0.265943300888251,0.797829902664752,0.797829902664752,1.32971650444125,0,0.531886601776501,0.797829902664752,0,1.063773203553,0,0,0.797829902664752,1.32971650444125,0,0.531886601776501,0.265943300888251,0,0,0.531886601776501,0,0,0,0,0,0,0.265943300888251,0,3.19131961065901,0
3103.803,5509.49438087662,576.903465296049,769.952477105387,40.7921842175039,56.0892532990679,1932.83566868588,509.902302718799,1.73366782924392,43.9535784943605,76.7912867894511,2.34555059250648,191.009402598462,80.1566419873952,3.87525750066287,54.2536050092802,11.7277529625324,0.20396092108752,35.3872198086847,25.6990760570275,3.67129657957535,8.05645638295703,7.64853454078199,3.97723796120663,14.4812253972139,4.69110118501295,14.6851863183014,0.10198046054376,0,5.91486671153807,3.36535519794407,0,1.83564828978768,0.10198046054376,0,4.18119888229415,1.0198046054376,0.611882763262559,0,0,0,0.407921842175039,0,0,0,0,0.10198046054376,0.815843684350079,0,0.305941381631279,0,0,0,0,0,0,0,0,0,0,0,0,0,0,0,0.917824144893838,0
4567.716,5225.36585365854,1472.9933481153,601.507760532151,287.006651884701,95.9645232815965,1417.64966740577,180.221729490022,8.51441241685144,26.6075388026608,497.206208425721,8.86917960088692,39.2017738359202,23.9467849223947,5.32150776053215,8.86917960088692,16.3192904656319,1.06430155210643,9.75609756097561,34.2350332594235,5.14412416851441,1.59645232815964,9.40133037694013,0.354767184035477,0.709534368070953,3.72505543237251,8.3370288248337,0,0,1.41906873614191,4.07982261640798,0,0,0,0,0,0,1.59645232815964,0,0,0.177383592017738,0.354767184035477,0,0,0.177383592017738,0,0,0.354767184035477,0,1.95121951219512,0,0,0,0,0,0,0,0,0,0,0,0,0,0,0,0,0
0,174.136381148067,2038.78258636189,70.1168614357262,639.013740850135,1540.0025683832,148.709387440606,2479.00346731732,10.016694490818,376.524977526647,95.5438551431874,2.05470656221908,131.501219982021,603.826890972133,208.809554385514,208.29587774496,233.209194811866,70.3736997560036,73.4557595993322,8.47566456915372,20.0333889816361,0.513676640554771,2.31154488249647,20.2902273019135,141.004237832285,157.441890330037,222.165147039938,41.8646462052138,0.513676640554771,8.21882624887633,178.75947091306,0,7.19147296776679,23.8859637857968,0,23.6291254655195,0,0,0.256838320277385,1.02735328110954,1.28419160138693,0.770514960832156,16.9513291383074,0,0,7.44831128804418,5.90728136637986,1.54102992166431,0,0,0,1.54102992166431,0,0,0.256838320277385,0,0.513676640554771,0,0,2.82522152305124,0,0,0,0,0,0,0
1510.142,166.743989302186,2172.85702589854,198.400785961848,357.776382938078,1069.781404361,404.442867669132,2871.48977976694,13.9180743934721,241.792429659144,98.2452310127446,26.4716316895451,253.527276696777,368.146712878312,87.6019976530306,380.973173593865,380.973173593865,75.5942471959174,56.763911251808,7.36839232595584,17.73872226619,0,4.63935813115738,0.545806838959692,123.89815244385,90.0581284283492,284.911169936959,61.6761728024452,0.272903419479846,34.3858308544606,53.4890702180498,0,4.09355129219769,20.1948530415086,0,6.82258548699615,1.63742051687908,0,0,3.00193761427831,0,0,33.0213137570614,1.36451709739923,6.82258548699615,0,6.54968206751631,0,0,1.36451709739923,0.272903419479846,0.545806838959692,0,0,0,0,1.09161367791938,0,0,7.36839232595584,0,0,0,0,0,0,0
2847.791,1171.13098124406,1239.40493046531,1049.51800919371,381.325523207324,1028.95824039413,1540.81889947049,1465.17446709467,126.26801404271,91.743119266055,168.939232305991,10.4738444828054,41.313497682177,138.681459355665,159.435188238261,304.711290416432,134.026417363307,8.14632348662645,96.2042011753981,588.086971701224,12.9953255619993,0,9.11612390170103,0.581880249044747,19.9778885505363,21.5295692146556,56.0544639913106,64.5887076439669,2.32752099617899,11.2496848148651,41.7014178482068,0,0,2.90940124522373,0,2.32752099617899,0.387920166029831,0,0.387920166029831,0.775840332059662,0,0,0,0.581880249044747,0.581880249044747,0,0.775840332059662,1.35772058110441,0.581880249044747,0,0,0.581880249044747,0,0,0,0,0.775840332059662,0,0,2.90940124522373,0,0,0,0,0,0,0
4578.995,4032.42430151258,1383.88255940277,488.31443772807,345.970639850692,533.998161508677,1795.03607342823,375.497924733279,482.743251901167,93.0388033092844,87.189058191036,2.2284743307613,6.12830440959358,18.3849132287807,5.57118582690326,26.7416919691356,73.8182122064681,3.34271149614195,58.7760104738294,33.4271149614195,5.29262653555809,0,9.19245661439037,0.278559291345163,6.68542299228391,4.17838937017744,15.8778796066743,84.6820245689295,0,5.57118582690326,17.8277946460904,0,0,0,0,0.557118582690326,0,0,0.835677874035489,0.278559291345163,0,0,0,0,0,0,0.557118582690326,0,0,0,0,0.557118582690326,0,0,0,0,0.278559291345163,0,0,0.835677874035489,0,0,0,0,0,0,0
0,160.635390862426,1647.72582169216,135.607937278137,643.81847434686,497.229103353168,294.711035063973,2713.43565645989,3.06458615317823,2246.59703245907,43.4149705033583,37.0304160175703,40.35038435018,208.647240595551,20.9413387133846,155.272365094364,286.538805322165,69.7193349848048,26.559746660878,0.766146538294558,22.7290139694052,0,0.255382179431519,49.0333784508517,114.666598564752,4.85226140919887,277.089664683198,2.04305743545215,0,117.986566897362,115.177362923615,0,15.5783129453227,22.4736317899737,0,0.255382179431519,3.31996833260975,0,0,1.78767525602064,0,8.93837628010317,0,1.53229307658912,2.04305743545215,0,0,0.766146538294558,0,3.06458615317823,0.766146538294558,0,0,0,0,0,1.02152871772608,0.510764358863039,0,0,1.02152871772608,0,0,0,0,1.02152871772608,0
1589.377,130.349099099099,3304.89864864865,1093.18693693694,247.888513513513,625.281531531532,573.198198198198,913.851351351351,1.26689189189189,1268.29954954955,29.7015765765766,9.99436936936937,40.1182432432432,242.820945945946,93.3277027027027,32.6576576576577,606.278153153153,36.036036036036,236.204954954955,55.6024774774775,41.9481981981982,0.140765765765766,5.3490990990991,5.7713963963964,60.3885135135135,1.82995495495495,151.323198198198,5.63063063063063,0.140765765765766,53.490990990991,54.1948198198198,11.8243243243243,2.67454954954955,31.6722972972973,0,0.703828828828829,0.422297297297297,0,0.281531531531531,0.844594594594595,4.64527027027027,8.30518018018018,0,0.422297297297297,1.97072072072072,0,0.703828828828829,0,0,5.91216216216216,2.39301801801802,2.95608108108108,0.98536036036036,0,0,0,0.422297297297297,0.281531531531531,0,0.281531531531531,0,0,0,0.140765765765766,0,0,0.844594594594595
3031.373,3870.06872197892,1691.04537035434,386.366390278523,639.962609704167,434.142879398986,2471.04848621233,73.3957658952033,53.315792206893,86.7247139469265,19.5606640239575,16.7910124807423,2.94275476466617,1.73103221450951,3.28896120756807,14.194464158978,32.024095968426,2.25034187886237,64.5675016012048,42.0640828125811,3.46206442901902,64.7406048226558,0,0,1.55792899305856,0.865516107254756,13.8482577160761,0,0,5.01999342207758,3.28896120756807,0,0,0.346206442901902,0,0,0,0.173103221450951,0,0,0.519309664352854,0.346206442901902,0,0,0.346206442901902,0,0,0,0,0,0,0,0,0,0,0,0,0,0,0,0,0,0,0,0,0,0
4512.836,3238.71320680171,1897.21458203535,197.8512924157,1448.02224687343,2026.53213184008,830.002887230842,124.302885711247,24.6174419134742,54.249547920434,2.88723084170377,13.8283161365812,3.95094746759463,4.71074505751668,4.86270457550109,19.2988587840199,48.6270457550109,0.151959517984409,14.8920327624721,0.151959517984409,1.6715546978285,0,0,0,0,2.12743325178173,27.6566322731624,0,0,4.40682602154786,3.79898794961022,0,0,0,0,0,0,0,0,0,4.10290698557904,0,0,0,0.303919035968818,0,0,0,0,0.303919035968818,0,0,0,0,0,0,0,0,0,0,0,0,0,0,0,0.607838071937636,0.151959517984409
0,333.810389509921,1575.44578965691,68.7218762490491,111.399063938421,390.412460191596,468.546525870627,898.412821207081,33.7807346665119,3306.51504016297,746.399515207777,5.28629817300378,551.837955620882,84.709704869841,44.9980015214224,130.610245103727,207.068167459611,2.44974793383102,35.1990097860983,49.5106950837427,5.93096868190668,3.48122074807566,3.35228664629508,52.7340476282572,268.827602212509,9.79899173532408,244.974793383102,21.789863200918,0,138.862027617685,112.430536752666,0,33.5228664629508,9.0253871246406,0.25786820356116,4.64162766410088,7.99391431039596,0,0.12893410178058,3.2233525445145,0.77360461068348,6.18883688546784,0,1.03147281424464,13.795948890522,0,0,0.25786820356116,0.12893410178058,4.5126935623203,1.2893410178058,0,0.25786820356116,0,0,0,0,0,0.38680230534174,0,2.70761613739218,0,0,0,0,0,1.54720922136696
1502.226,682.078517130063,1607.31021555764,105.696136623972,610.225971050713,1699.98958658753,218.681661980631,1084.55690929918,3.12402374258044,1521.39956263668,776.31990003124,4.68603561387067,22.9095074455899,40.0916380297824,47.3810267624701,212.43361449547,136.936374049776,0.520670623763407,139.539727168593,19.7854837030095,183.796730188483,0,5.72737686139748,15.6201187129022,43.7363323961262,37.4882849109653,441.528688951369,14.5787774653754,0,7.81005935645111,238.987816307404,0,7.2893887326877,2.60335311881704,0,3.64469436634385,2.08268249505363,0,0.520670623763407,0,0,2.08268249505363,0,0.520670623763407,25.512860564407,0,0.520670623763407,5.20670623763407,0,14.5787774653754,2.60335311881704,0,0,0,2.08268249505363,0,0,0,0.520670623763407,2.60335311881704,2.08268249505363,0,0,2.60335311881704,0,0,0
3019.923,5372.79546864211,2013.24766819975,123.699516670763,56.2908869618135,256.995400765369,1093.63479970509,331.659820477712,7.13876113237136,285.199358681787,84.7289026202764,0.234057742044962,48.3329237322847,28.3209867874405,2.57463516249459,55.939800348746,58.7484932532856,0.351086613067444,7.02173226134887,65.1850811595221,0.93623096817985,2.80869290453955,2.69166403351707,1.8724619363597,12.0539737153156,6.43658790623647,48.9180680873972,3.15977951760699,0,10.4155695210008,12.405060328383,0,0.351086613067444,0.117028871022481,0,0.585144355112406,0.234057742044962,0,0,0.468115484089925,0,0.468115484089925,0,0,2.34057742044963,0,0.468115484089925,0,0,0,0.468115484089925,0,0,0,0,0,0.468115484089925,0,0.234057742044962,0,0,0,0,0,0,0,0
4574.528,3915.16969956747,2137.3183182013,257.958929197678,22.9902973152009,110.859992986011,1926.1193157464,346.997623037057,12.469313798075,125.667303121225,184.312044577797,4.48115964618322,524.295678603437,40.7201028718388,1.7534972528543,8.18298717998675,18.7039706971126,3.89666056189845,3.70182753380353,33.3164478042318,2.33799633713907,146.709270155477,2.33799633713907,4.67599267427814,24.1592954837704,4.87082570237307,95.2733507384172,21.6264661185364,0,10.3261504890309,5.84499084284768,0,0.974165140474613,0,0.389666056189845,0,0.194833028094923,0,0.194833028094923,0,0,0.194833028094923,0,0,0.779332112379691,0,0,0,0,0.194833028094923,0,0,0,0,0,0,0,0,0,0,0,0,0,0,0,0,0
0,31.1731588353063,2245.13927146178,88.1447939481074,195.504078040391,339.679937653682,695.618290044744,991.628931916209,10.4806309877323,1985.54210391949,884.404014887871,7.79328970882657,11.286833371404,116.899345632399,40.9819545033122,685.406393184903,479.959152412561,77.5297958964299,35.0698036897196,8.19639090066243,25.5297421496043,0.268734127890571,6.04651787753786,104.537575749432,142.294720718058,1.34367063945286,525.778321217903,38.0258790965159,0,61.2713811590503,95.8037165929887,0,15.4522123537079,0,0.806202383671714,5.77778374964729,4.03101191835857,0.134367063945286,0,4.16537898230386,1.47803770339814,2.41860715101514,0,4.83721430203029,3.09044247074157,0,0,3.89664485441329,0,9.80879566800586,2.68734127890571,0,0,0,0.268734127890571,0.268734127890571,3.09044247074157,0,0.268734127890571,3.35917659863214,0.134367063945286,0,0,0,0,1.34367063945286,0
1364.604,2531.708178767,2528.17523405759,278.042748630984,284.578696343402,898.604486839781,1864.86486486487,322.381204734146,18.7246069599011,119.766825649179,43.8085143967497,4.94612259318142,0.35329447094153,5.65271153506448,3.70959194488606,30.5599717364423,611.906023670729,2.11976682564918,5.65271153506448,279.632573750221,3.5329447094153,0,6.35930047694754,1.05988341282459,9.71559795089207,4.41618088676912,10.2455396573044,91.679915209327,0,10.0688924218336,11.305423070129,0.176647235470765,0,0,7.59583112524289,0.176647235470765,0.529941706412295,0,0.176647235470765,0.35329447094153,0,4.59282812223989,0,0.176647235470765,0.706588941883059,0,0.883236177353824,0.35329447094153,0,0,0,0,0,0,0,0,0.176647235470765,0,0,0,0,0,0,0,0,0.529941706412295,0
3009.054,3753.95146235221,3148.97324206596,250.777846919726,193.279402613566,303.92034847542,1053.51586807716,319.352831362788,170.130678282514,109.14747977598,58.6185438705663,3.60920970752956,1.74237710018668,13.9390168014935,3.48475420037337,73.5532047293093,244.306160547604,0.497822028624767,8.58742999377723,175.357809583074,10.2053515868077,2.86247666459241,5.10267579340386,0.248911014312383,10.9520846297449,0.622277535780958,12.6944617299316,38.8301182327318,0,11.698817672682,14.312383322962,0,0,0,0.497822028624767,0.74673304293715,0.124455507156192,0,0.373366521468575,0.373366521468575,0.124455507156192,0.373366521468575,0,0.124455507156192,0,0,0.124455507156192,1.24455507156192,0,0.248911014312383,0,0.124455507156192,0,0,0,0,0.373366521468575,0,0,0.124455507156192,0,0,0,0.124455507156192,0,0.497822028624767,0
3407.734,5687.87663948954,2213.39950372208,122.474299893655,182.559376107763,615.384615384615,279.33356965615,252.392768521801,185.218007798653,152.959943282524,31.5490960652251,3.89932647997164,1.77242112725984,3.54484225451967,2.83587380361574,13.8248847926267,134.881247784474,7.6214108472173,15.0655795817086,7.44416873449132,3.01311591634172,0,1.41793690180787,0.708968450903935,13.2931584544488,0.354484225451967,2.65863169088975,43.601559730592,0,5.31726338177951,11.5207373271889,0.708968450903935,0.354484225451967,0,0.531726338177951,0.531726338177951,0,0,0,0.354484225451967,0.177242112725984,0,0,0,0,0,0,0.177242112725984,0,0.531726338177951,0,0,0,0,0,0,0,0,0,0,0,0,0,0,0,0.708968450903935,0
0,17.6502759409337,1491.07542385522,45.2443693133794,209.565952369115,270.471834137125,436.284989807587,4633.321732213,2.73454979366579,216.278029135385,206.334211703873,4.72331327996818,80.7935166310346,179.983095510366,135.48451250435,57.6741411027693,289.11649182121,207.328593447024,18.6446576840849,0,64.1376224332521,0.248595435787799,0.497190871575598,111.867946104509,295.331377715905,0,301.794859046388,0,0,18.8932531198727,406.950728384627,0,171.033659822006,0,0,3.97752697260478,3.72893153681698,95.4606473425148,0,0.994381743151196,1.74016805051459,8.70084025257296,0,2.48595435787799,1.98876348630239,0,0.994381743151196,0,0,0.248595435787799,0,0,0,0,0,0,0,0,2.48595435787799,0.994381743151196,0,0,0,0,0,0,0
1530.639,652.066388217191,2176.30248406243,450.098922840185,554.380083534843,645.74631787206,342.245548472192,3268.98768960211,0.1373928335898,48.6370630907892,220.515497911629,9.3427126841064,121.455264893383,453.25895801275,15.800175862827,380.990327544515,171.191470652891,1.6487140030776,43.965706748736,26.6542097164212,20.4715322048802,0,3.7096065069246,8.6557485161574,17.3114970323148,30.226423389756,211.447570894702,0.9617498351286,0.1373928335898,4.808749175643,12.7775335238514,0,0.9617498351286,2.747856671796,0,2.747856671796,2.1982853374368,79.000879314135,0,0,0,2.4730710046164,0,1.2365355023082,0,0,5.0835348428226,0,0,0,0,0,0,0,8.3809628489778,0,0,0,0,0,0,0,0,0,0,1.2365355023082,0
2949.689,2997.78783512268,1704.17875915816,1061.43323929941,683.741602906257,531.52842327441,148.965965133034,803.685588456152,0.811803624703184,39.3724757981044,1444.80750106549,3.04426359263694,46.8816593266089,83.0069206259006,4.87082174821911,117.711525581962,52.9701865118828,0.811803624703184,15.8301706817121,0.811803624703184,21.1068942422828,0,2.84131268646115,0.202950906175796,1.42065634323057,8.92983987173503,149.16891603921,1.62360724940637,0,4.46491993586751,1.42065634323057,0,0.608852718527388,0,0,14.0036125261299,0,40.5901812351592,0,0.405901812351592,1.42065634323057,1.42065634323057,0.202950906175796,0.202950906175796,7.10328171615286,0,0.202950906175796,0,0,0,0.202950906175796,0,0,0,0,0,0,0,0,0,0,0,0,0,0,0,0
4391.578,8181.93167159086,611.79310057842,408.05626066331,93.9619657941825,60.9213099746161,246.847821563813,200.241354916566,0,2.99612999875161,77.40002496775,0,1.16516166618118,15.3967791602513,0.41612916649328,14.3148433273688,4.49419499812742,0.166451666597312,17.2277474928218,0,0.41612916649328,0,0.332903333194624,0,0,0.998709999583871,48.3542091465191,0.0832258332986559,0,0.332903333194624,0.582580833090591,0,0.665806666389247,0,0,0.41612916649328,0.166451666597312,1.33161333277849,0,0,8.4890349964629,0,0,0,0,0,0.332903333194624,0,0,0.0832258332986559,0,0,0,0,0,0,0,0,0,0,0,0,0,0,0,0,0
0,41.2027272281356,1244.42046402119,65.237651444548,125.324961985579,877.519988227792,314.661303772011,324.961985579046,88.0463040172659,5779.78613822534,140.408103203022,6.98974836905871,1.47152597243341,251.630941286114,15.4510227105508,28.5721292980821,210.550841222348,11.7722077794673,60.2099377054005,0.122627164369451,1.34889880806396,0,6.49923971158091,0.245254328738902,11.404326286359,0.490508657477804,78.6040123608182,0,0,60.8230735272478,193.750919703733,0,0.367881493108353,1.59415313680286,0,6.37661254721146,2.69779761612793,0.613135821847256,0.735762986216707,7.72551135527542,14.7152597243341,3.18830627360573,0,0,0,0,0.245254328738902,0,0,1.10364447932506,0.245254328738902,0,0.245254328738902,0,0,0,5.15034090351695,0,9.81017314955609,0,0,1.34889880806396,0,0,0,0,0
1588.226,572.411894273128,2724.39427312775,283.86563876652,168.777533039648,756.332599118943,185.297356828194,259.636563876652,24.7797356828194,3463.93171806167,206.497797356828,9.91189427312775,3.85462555066079,198.237885462555,30.5616740088106,15.6938325991189,606.277533039648,27.5330396475771,264.867841409692,0,7.43392070484582,0,3.02863436123348,0,1.37665198237885,0.275330396475771,60.2973568281938,0.825991189427313,0,18.9977973568282,52.0374449339207,0,0.275330396475771,0.550660792951542,0,0.825991189427313,1.10132158590308,1.10132158590308,3.30396475770925,24.2290748898678,4.12995594713656,1.65198237885463,0,0,2.47797356828194,0,1.37665198237885,0.550660792951542,1.10132158590308,0,1.10132158590308,0,1.65198237885463,0,0,0,2.47797356828194,0.275330396475771,0,0,0,0.275330396475771,0,1.10132158590308,0,0,0.275330396475771
3011.635,3201.52040544145,3816.79558993509,48.235084911532,231.172757179692,778.429803503156,300.080021339024,102.249488752556,227.83853472037,675.068907264159,62.2388192406864,5.33475593491598,0.222281497288166,89.8017249044189,13.5591713345781,5.55703743220414,138.259091313239,42.900328976616,190.495243175958,0.222281497288166,2.44509647016982,0,6.89072641593314,0,0.222281497288166,0.889125989152663,23.7841202098337,0,0,7.33528941050947,18.6716457722059,0.666844491864497,0,0,0,0.889125989152663,0.444562994576332,0.444562994576332,0.222281497288166,1.55597048101716,0.222281497288166,0.222281497288166,0,0,0.222281497288166,0,1.11140748644083,0,0.222281497288166,0,0.666844491864497,0,0.222281497288166,0,0.222281497288166,0,0.889125989152663,0.444562994576332,0.222281497288166,0,0,0,0,0.666844491864497,0,0,0
3976.49,3076.68068881852,3886.18424162216,66.9597138850814,192.843975989034,1192.51311622631,82.0847316097115,99.5730333538151,356.225677868633,464.779190496447,40.1758283310488,6.144538450631,0.945313607789384,118.479305509603,3.15104535929795,6.3020907185959,122.733216744655,8.50782247010446,216.634368451734,0.315104535929795,1.57552267964897,0,2.83594082336815,0,1.10286587575428,0.157552267964897,20.4817948354367,0.157552267964897,0,7.08985205842038,16.3854358683493,0,0,0,0,1.26041814371918,0.315104535929795,0.157552267964897,0.472656803894692,2.36328401947346,0.157552267964897,0.315104535929795,0,0,0.315104535929795,0,0.945313607789384,0,0.787761339824487,0,0.472656803894692,0,0.472656803894692,0,0,0,0.157552267964897,0.157552267964897,0,0,0,0,0,0.472656803894692,0,0,0
0,53.8133906055816,715.62156879306,65.0345684672836,121.623089081673,231.180395516355,282.218656113129,1398.78618226571,0,4385.67067652843,976.725105273954,6.63618045584527,53.9340484320515,259.052353430905,213.202379372338,15.444201788149,257.483801686796,50.5556292908939,17.4953848381375,0,243.608151642756,0,0,53.2101014732321,76.3764041554555,0,360.646243318573,0,0,9.16999481171346,59.3636506231977,0,9.65262611759312,0,0,7.96341654701432,1.32723609116905,0,0,5.91223349702578,2.53381435586819,8.08407437348423,39.5757670821318,9.16999481171346,0,0,0.361973479409742,0,0,0.241315652939828,2.17184087645845,0,0,0,0,0,0.60328913234957,0,0,0,1.56855174410888,0,0,0,0,0,0
1445.393,1736.50538676711,2072.17437062065,311.850887639516,176.97399396239,892.901653419005,463.345057745035,1999.88921815714,0.27695460713989,468.884149887833,157.864126069737,21.8794139640513,33.7884620710665,572.742127565292,62.3147866064752,30.4650067853879,306.034840889578,54.0061483922785,65.0843326778741,0,212.978092890575,3.60040989281857,6.36995596421747,7.47777439277702,14.4016395712743,0,192.760406569363,0,0,17.1711856426732,34.3423712853463,0,0.55390921427978,0,0.55390921427978,12.462957321295,1.10781842855956,0.27695460713989,3.87736449995846,6.09300135707758,11.3551388927355,7.47777439277702,19.9407317140721,0.27695460713989,7.20081978563713,0,3.87736449995846,0,0,0,3.04650067853879,2.21563685711912,0,0,0,1.66172764283934,0.830863821419669,0,0,0,0,0,0,0,0,0,0
2999.732,6662.70034434889,943.443849496097,659.851803775218,55.8890872050048,227.522671137794,341.824868840932,402.040853119873,3.24517280545189,121.513692826365,20.0118989669533,10.636955306759,22.1753475039213,136.838119963221,33.8940270791642,7.57206987938774,109.795013251122,17.3075882957434,102.042655993654,0,25.0599455532118,0,2.88459804929057,0,1.62258640272594,0,54.6270755584401,0,0,4.50718445201652,12.6201164656462,0,0.180287378080661,0,0,4.50718445201652,0.540862134241982,0,0,2.52402329312925,1.80287378080661,1.62258640272594,0,0,1.08172426848396,0,1.44229902464528,0,0,2.70431067120991,0.721149512322642,2.88459804929057,0,0,0,0,0.180287378080661,0,0,0,0.180287378080661,0,0,0,0,0,0
4527.275,8768.06674573637,633.021144329475,38.6896241462517,24.7024661568034,152.468201709541,40.6527340395076,125.884421905035,0.736166209970962,47.1146374381416,3.68083104985481,4.33520101427345,2.37209112101755,34.6816081141876,14.3143429716576,1.22694368328494,36.4811255163388,11.0424931495644,9.40656823851785,0.0817962455523292,22.1667825446812,0.0817962455523292,0.736166209970962,0.0817962455523292,0.245388736656987,0,13.3327880250297,0,0,0.654369964418633,3.35364606764549,0,0.0817962455523292,0,0,0.654369964418633,0.0817962455523292,0.0817962455523292,0.654369964418633,2.61747985767453,0.0817962455523292,0.163592491104658,0,0.0817962455523292,1.06335119218028,0,0.572573718866304,0,0.245388736656987,1.9631098932559,0.572573718866304,0.817962455523291,0,0.490777473313975,0.0817962455523292,0,0,0,0,0,0,0,0,0.0817962455523292,0,0,0
0,91.9399793822305,3146.50070634951,632.507349853003,275.285403382841,1140.46809972891,307.052040777366,1193.99793822305,12.447023786797,397.693864304532,631.972815089153,41.6937115803139,227.711809400176,203.734107136039,146.920697949677,55.7443396586614,437.707609484174,478.637699973273,181.818181818182,0.610896872971632,100.645259822076,0,12.5997480050399,0.458172654728724,17.1051124432057,0,85.3728379977855,0,27.6430835019663,12.0652132411897,70.2531403917376,0,0.534534763850178,0,0,41.2355389255851,0,0.458172654728724,0.610896872971632,8.17074567599557,2.06177694627926,1.52724218242908,0.534534763850178,0,0,0,1.83269061891489,0,0,0,5.11626131113741,2.36722538276507,0,0.610896872971632,0.152724218242908,0,0.610896872971632,1.06906952770036,0,0,0,0,0,1.14543163682181,0,0,0.992707418578901
1532.17172,600.873823698867,2562.89610140196,1438.68830420588,254.70520453236,945.362012675245,586.950259266372,1365.22949875168,21.6055310159401,314.720568465527,117.630113309007,39.3700787401575,44.1713078548108,205.012483195698,68.4175148838103,32.6483579796428,338.726714038794,511.330900710582,159.160745150759,1.440368734396,95.304397925869,0,43.2110620318802,0,8.1620894949107,0,79.2202803917803,0.480122911465335,2.16055310159401,38.6498943729595,87.382369886691,0,0.96024582293067,0,0,3.12079892452468,0.480122911465335,0,1.92049164586134,5.04129057038602,1.440368734396,0,3.36086038025735,0,0,0,0.480122911465335,0,0,0.96024582293067,8.8822738621087,4.32110620318802,0,1.440368734396,0,0,1.92049164586134,0.720184367198003,0,0,0,0,0,0,0,0,1.20030727866334
3552.96112,2435.03387414827,1498.85784572132,2488.33440715359,108.553466487046,321.365118413089,1674.96436869131,302.03635369687,80.243659579453,92.7390226283215,290.712430933833,50.3719322907515,13.6668033347,43.5385306234015,29.2860071457857,7.02864171498858,122.025029774107,128.46795134618,103.281985200804,16.40016400164,25.3812061930143,8.20008200082001,43.3432905757629,0,2.14764052402429,1.17144028583143,19.3287647162186,0.976200238192858,20.1097249067729,19.3287647162186,37.4860891466057,0,0,0,0,2.92860071457857,0,0.390480095277143,0.390480095277143,1.75716042874714,0,0,0,0.195240047638572,0.976200238192858,0,0,0,0,0,6.24768152443429,2.14764052402429,0,0.585720142915715,0,0,0,0,0,0,0,0,0,0,0,0,0
4474.30808,5014.84728506787,1011.61858974359,1454.20908748115,83.6632730015083,58.2107843137255,349.853883861237,53.3795248868778,51.9654977375566,18.2645173453997,96.2716817496229,1689.76244343891,0.589177978883861,6.83446455505279,4.12424585218703,2.59238310708899,16.3791478129713,24.2741327300151,21.210407239819,3.29939668174962,3.65290346907994,0,19.7963800904977,0,0.117835595776772,0,4.83125942684766,0.471342383107089,0,1.17835595776772,4.47775263951734,0,0,0,0,0.471342383107089,0,0.117835595776772,0.117835595776772,0.353506787330317,0,0,0,0,0.353506787330317,0,0.235671191553544,0.707013574660634,0,0,0.353506787330317,1.17835595776772,0,0,0,0,0,0,0,0,0,0,0,0,0,0,0.235671191553544
0,28.2203186294132,1652.18957649508,48.0345849011288,251.781282523417,829.997598270755,203.346409414779,3340.60523576975,20.0144103754703,644.864302297654,458.329997598271,7.20518773516932,131.294532063085,390.481146425426,102.073492914899,65.2469778240333,336.842526619166,169.722199983989,23.0165719317909,0.200144103754703,42.2304058922424,0.200144103754703,0.200144103754703,26.6191657993756,218.557361300136,0,731.326555119686,34.2246417420543,0,23.4168601393003,103.074213433672,0,34.6249299495637,7.40533183892403,0,46.0331438635818,0,0,0,1.60115283003763,8.60619646145225,0,0,0,6.80489952765991,0,5.8041790088864,1.40100872628292,0,0,1.60115283003763,0,0,0,0,1.00072051877352,1.80129693379233,0,0,0,0,0,0,0,0,0,0
1329.627,22.8306158558627,1598.90413043892,20.9280645345408,195.772530964023,347.786381537642,3458.07728163467,2171.19156789254,7.41995015315538,246.951161507582,552.500903711878,8.56148094594852,212.705237723788,83.9025132702955,77.6240939099332,182.454671714769,154.296912159206,14.4593900420464,25.3039325735812,17.5034721561614,18.074237552558,0,0,3.80510264264379,56.315519111128,1.52204105705751,399.155267213333,7.41995015315538,0,21.8793401952018,25.4941877057134,0,8.9419912102129,22.2598504594661,4.18561290690816,7.22969502102319,0,0,0,2.85382698198284,3.6148475105116,0,0.570765396396568,0,0,1.33178592492532,4.37586803904035,1.33178592492532,0,1.14153079279314,0,0.190255132132189,0,0,0,4.37586803904035,1.33178592492532,0.761020528528757,0,1.33178592492532,0,0,0,1.33178592492532,0,0,0
2854.888,85.4765316640269,4058.87824622269,101.063428614526,341.906126656108,1071.22206300123,2051.18535837293,991.024964175277,32.4308017195867,120.169947457073,240.591296477864,15.3354953867813,57.3195565276416,37.2074314302235,25.6429594992081,46.0064861603439,213.43992759635,6.03363752922543,26.648565754079,27.4027704452322,107.599869271187,18.6037157151118,4.27382658320135,1.00560625487091,24.6373532443372,0.754204691153179,164.416622671393,38.4644392488121,0,3.51962189204817,29.9167860824094,0,1.25700781858863,38.7158408125298,0,0.502803127435453,0,0,2.26261407345954,0.754204691153179,1.25700781858863,1.25700781858863,0,0.502803127435453,0.502803127435453,0,3.01681876461272,2.01121250974181,0,0,0.502803127435453,0.251401563717726,0,0,0,0.754204691153179,0,0.251401563717726,0,0.251401563717726,3.26822032833044,0,0,0,0,0,0
4326.392,448.252752513164,2367.065581618,169.459071325993,304.451890856869,871.421732886549,2090.18669219722,993.968405935854,139.779798946865,77.7405457156534,678.793681187171,66.6347534705601,59.7415031115366,23.9348970799426,28.5303973192915,22.0201053135471,126.567735758736,4.97845859262805,142.269028243179,533.078027764481,18.764959310675,689.325035902346,0.765916706558162,0.382958353279081,4.40402106270943,4.59550023934897,37.7213977979895,33.1258975586405,0,2.29775011967449,40.2106270943035,0,0.765916706558162,1.72331258975586,0,0.382958353279081,0.382958353279081,0,0.957395883197702,2.10627094303495,2.10627094303495,0,0,0,0.382958353279081,3.06366682623265,1.53183341311632,0.957395883197702,0,0,1.14887505983724,1.14887505983724,0,0,0,0,0.382958353279081,0.957395883197702,0,0.191479176639541,0,0,0,0,0,0,1.34035423647678
0,123.661982312739,2525.45799585726,25.6750555052528,529.129404760428,4748.14879128785,193.865274177344,666.063034121777,3.59698845242673,325.093335648636,530.493779690659,1.73647718393014,1.36437493023083,10.5428971881473,7.56607915855277,14.3879538097069,59.2882924227578,0.124034084566439,12.155340287511,3.96909070612604,0.124034084566439,0,77.6453369385907,0.248068169132878,4.34119295982536,0,44.4042022747851,5.82960197462263,0,76.1569279237935,2.48068169132878,0,0,0,0,0,0.124034084566439,0,0,0,2.2326135221959,0.124034084566439,0.372102253699317,0.124034084566439,0.248068169132878,0,0,0,0,0,0,0,0,0,0,0,0.248068169132878,0.124034084566439,0.620170422832194,0,0,0,2.2326135221959,0,0,0,0
1600.15,119.840213049268,4435.64136706613,306.70217487794,809.143364403018,2196.62671992898,139.147802929427,574.345317354638,8.43320017754106,546.382600976476,345.539280958722,211.051930758988,0.443852640923214,13.7594318686196,4.21660008877053,23.3022636484687,72.3479804704838,0.221926320461607,56.5912117177097,0.887705281846427,3.10696848646249,0,7.54549489569463,1.77541056369285,5.10430537061696,0.443852640923214,35.0643586329339,2.44118952507767,0,49.2676431424767,9.9866844207723,0,0.887705281846427,0,0,2.88504216600089,0.221926320461607,0,0,0.66577896138482,2.88504216600089,0.443852640923214,0,0,6.87971593430981,0,0.443852640923214,0.221926320461607,0,0,0.221926320461607,0,0,0,0,0,0,3.99467376830892,0.66577896138482,0,0,0,0,0.221926320461607,0,0,0
3024.861,3770.09108728237,2136.63092355586,690.072639225182,269.111034244206,1064.33759944656,960.106076328837,103.885622045428,22.9447711287905,85.6681655713133,632.422460509628,4.61201429724432,0.807102502017756,1.84480571889773,0.691802144586648,9.10872823705754,69.8720166032515,0.230600714862216,122.448979591837,0.345901072293324,0.345901072293324,0.115300357431108,0.691802144586648,0,0.57650178715554,4.84261501210654,7.72512394788424,0,0,4.38141358238211,33.4371036550213,0,0,0,0,0,0,0.115300357431108,0,0,0.230600714862216,0,0,0.115300357431108,0,0,0.115300357431108,0.230600714862216,0.115300357431108,0,0.230600714862216,0.230600714862216,0.230600714862216,0,0,0,0.691802144586648,0,0,0,0,0,0,0.345901072293324,0,0,0
3985.61,989.126833529111,4067.94976054938,268.365410680401,851.480377097075,2800.81925243216,153.609831029186,66.5642601126472,29.818378964489,362.037288033493,75.2989367790127,21.3848980452396,0.301195747116051,15.6621788500346,1.2047829884642,1.8071744826963,53.612842986657,0.301195747116051,162.645703442667,0.301195747116051,0.602391494232101,4.81913195385681,7.83108942501732,0,0.903587241348152,0.301195747116051,6.92750218366917,1.2047829884642,0,5.12032770097286,47.8901237914521,0,0,0,0,0,0,0,0,0.301195747116051,0,0,0,0,0,0,0,0,0.301195747116051,0,0,0,0.301195747116051,0,0,0,0,0,0,0,0,0,0,1.2047829884642,0,0,0
0,34.5262494087971,3438.27841715277,185.874192022702,291.029481317988,1183.03641809869,519.78559041463,1102.47516947817,3.94135267223711,932.208734037522,91.5970361027905,39.2558726154816,13.7159072993851,51.2375847390825,88.2862998581113,46.6656156392874,530.033107362447,220.873403752168,445.372851962794,6.30616427557938,72.0479268484944,0,7.0944348100268,5.51789374113196,54.2330127699827,12.9276367649377,285.353933469967,0,11.6664039098219,69.2101529244837,124.389090335803,0,6.93678070313732,0,0,5.67554784802144,4.25666088601608,1.89184928267381,0,35.156865836355,18.9184928267381,0.315308213778969,13.2429449787167,0.157654106889485,2.52246571023175,0,2.68011981712124,0.945924641336907,0,1.57654106889484,9.93220873403752,11.0357874822639,2.0495033895633,0.630616427557938,0,1.57654106889484,0.315308213778969,3.15308213778969,0,0,0,0.630616427557938,0,2.99542803090021,0,0,0.630616427557938
1087.43,6917.41092712075,667.728760766615,632.409496869339,59.3554333661761,188.23697676636,725.614213520643,130.669357658202,1.39052220068016,48.0326097320662,360.5425420335,23.2018561484919,0.79458411467438,3.93319136763818,6.63477735753107,1.50970981788132,52.3233639513079,26.8966722817277,69.7644852684105,0.556208880272066,8.89934208435305,2.58239837269173,0.278104440136033,0.278104440136033,2.78104440136033,0,11.2036360169087,0,0.437021263070909,9.53500937609255,31.7039061755077,0,0,0,0,0.437021263070909,0.834313320408098,0.119187617201157,0.0794584114674379,4.88669230524743,0.754854908940661,0.0794584114674379,0.437021263070909,0.476750468804628,0,0,0.317833645869752,0,0,0,3.41671169309983,1.19187617201157,0.476750468804628,0.39729205733719,0,0,0.278104440136033,0.119187617201157,0,0,0,0.158916822934876,0,0.357562851603471,0,0,0.476750468804628
1533.552,7719.61022264409,540.44961370709,720.919893784469,55.1503718745119,78.3399617912456,368.029605776971,48.0613262522979,29.677868960794,26.0732694918716,189.001165487162,37.0072212142694,0.120153315630745,1.20153315630745,0.961226525045959,1.56199310319968,35.6855347423312,8.17042546289065,118.471169211914,0.120153315630745,1.92245305009192,0,0,0,0.720919893784469,0,3.96505941581458,0,0,3.12398620639937,6.84873899095246,0,0,0,0,0,0.24030663126149,0,0,1.20153315630745,0.360459946892234,0.24030663126149,0,0.841073209415214,0.24030663126149,0,0,0,0,0,0.24030663126149,0.720919893784469,0,0,0,0,0.24030663126149,0,0,0,0,0.120153315630745,0,0,0,0,0.360459946892234
510.076,3326.52753171848,1583.26249473676,2042.93216178211,149.118556004862,602.591500957314,523.464126540243,515.757946501633,1.1916773255583,143.080724222033,24.7074432165754,33.5258554257069,12.9495602710669,20.4968499996028,23.5157658910171,10.3278701548386,348.128669373098,90.4085864323564,164.530916082083,16.2862567826301,25.3430044568732,0,3.25725135652602,3.25725135652602,29.5535976738459,0.31778062014888,72.7717620140936,0,6.99117364327537,45.2837383712154,95.6519666648129,0,1.90668372089328,0.635561240297761,0,5.79949631771706,24.7868883716127,2.30390949607938,0.3972257751861,18.7490565887839,5.08448992238208,0.7944515503722,2.46279980615382,1.50945794570718,0.31778062014888,0,1.11223217052108,0,0.0794451550372201,0,2.62169011622826,4.05170290689822,0.31778062014888,1.11223217052108,6.51450271305204,0,0.953341860446641,0,0,0,0,1.5889031007444,0.15889031007444,0,0,0,0.71500639533498
0,67.2375150853399,2850.26722602149,598.241480374691,99.5632434917534,1576.48985690478,296.247342106775,1505.08591460261,1.43669904028504,296.247342106775,45.1123498649503,21.5504856042756,9.48221366588127,89.9373599218436,128.009884489397,135.193379690822,942.18723061893,147.548991437274,376.702488362738,0.574679616114016,299.839089707488,0,46.1180391931498,7.0398252973967,15.6600195391069,0,97.6955347393828,0,0,91.0867191540716,124.274466984656,0,2.29871846445607,0,0,11.0625826101948,10.9189127061663,14.6543302109074,10.9189127061663,32.0383885983564,17.958738003563,1.86770875237055,0,4.02275731279811,4.16642721682662,1.43669904028504,1.14935923222803,2.01137865639906,0.718349520142521,0,9.91322337796678,0.718349520142521,0.431009712085512,0.574679616114016,0,0.718349520142521,2.87339808057008,0,0,0,0,0.287339808057008,0,0,0,0,0
1500.02566,875.309661436829,1280.68463328579,602.657458148788,506.868853689663,1193.00352826364,1441.18309436228,387.808723068839,31.2288867202162,147.436378650251,1853.1641768636,90.6838825913971,6.90638840927858,4.65430523233991,6.756249530816,228.661511898506,878.762855641468,11.5606936416185,233.465956009309,2.40222205540125,4.0537497184896,0.150138878462578,6.30583289542827,0,1.20111102770062,0,48.7951355003378,4.80444411080249,0,67.5624953081601,51.9480519480519,0,0,0.450416635387734,0,0.150138878462578,3.90361084002702,0.750694392312889,0.150138878462578,11.5606936416185,0.150138878462578,0,0,4.35402747541476,3.15291644771413,0,0.600555513850312,0,0,0,4.50416635387734,0.150138878462578,0,0.600555513850312,0,0,0.300277756925156,0,0,0,0,0,0,0,0,0.300277756925156,0
2988.04838,3505.04438344444,1034.36597625753,1252.36176963388,130.654878613953,1345.40658087056,672.525043670457,236.533456917757,6.06039000392143,49.1961070906563,349.720152579231,922.427007949806,1.9607144130334,6.06039000392143,5.70389647427899,13.5467541264126,167.730205696767,15.6857153042672,143.132152151438,0.356493529642437,4.45616912053046,0,11.0512994189155,0.534740294463655,3.38668853160315,0.891233824106093,14.9727282449824,8.73409147623971,0,19.7853908951552,39.3925350254893,0,0.356493529642437,0.891233824106093,0,0.891233824106093,1.60422088339097,0,1.24772735374853,7.6646108873124,1.24772735374853,0,0,7.48636412249118,3.20844176678193,0,0.712987059284874,0,0,0.178246764821219,1.42597411856975,1.06948058892731,0,2.13896117785462,0,0,0.356493529642437,0,0,0,0,0,7.30811735766996,0,0,0,0.534740294463655
4447.32241,4254.70487596236,1236.42001710864,1052.18135158255,473.160821214714,1092.27972626176,224.764756201882,550.898203592814,43.6270316509838,139.75620188195,109.388366124893,120.08126603935,0.855431993156544,11.5483319076134,9.83746792130026,26.5183917878529,94.0975192472198,34.0034217279726,346.984602224123,0.641573994867408,3.74251497005988,3.84944396920445,16.6809238665526,0,2.3524379811805,0.106928999144568,18.7125748502994,0,0,48.2249786142002,39.9914456800684,0,0,0.213857998289136,0,0.213857998289136,0.748502994011976,0.855431993156544,6.84345594525235,8.44739093242087,3.84944396920445,0,0,3.31479897348161,0.748502994011976,0,0.53464499572284,0,0.748502994011976,0.213857998289136,1.92472198460222,6.73652694610778,0,2.6732249786142,0,0,0.53464499572284,0,0,0,0,5.13259195893926,0,0.213857998289136,0,0,0.427715996578272
0,60.1184687472372,2875.96145345239,138.802935195827,203.783927150561,638.316682875077,417.734948280435,1709.3979312174,5.30457077181505,1031.73901511803,468.128370612678,6.18866590045089,33.153567323844,38.900185659977,55.2559455397401,168.862169569446,520.73203076651,195.827070992839,31.3853770665724,129.519936345151,46.4149942533817,0,41.5524710458845,20.3341879586244,152.064362125365,7.95685615772257,438.069136239059,1.32614269295376,0,111.838033772434,182.565644063301,0,61.002563875873,61.444611440191,0,6.63071346476881,13.7034744938555,0,2.2102378215896,6.18866590045089,0.884095128635841,0.884095128635841,53.0457077181505,2.2102378215896,24.3126160374856,0,0,0,0,26.0808062947573,0.884095128635841,0,0,0,0,0,3.09433295022545,0,0,0,0,0,0,0,0,0,0.442047564317921
1477.748,3291.76714605225,1743.65574200642,3129.70899503955,44.2317544013095,272.262691639699,286.381867479665,207.039596166581,1.49938150512913,67.7220646483326,451.813626878912,2.87381455149751,2.87381455149751,11.3703097472293,7.62185598440643,35.9851561230992,125.948046430847,6.87216523184187,43.8569090250272,53.1030949733235,10.995464370947,0.249896917521522,30.862269313908,0.374845376282283,10.2457736183824,0.624742293803806,11.6202066647508,1.12453612884685,2.74886609273675,22.1158772006547,108.205365286819,0,0.749690752564567,0,0.624742293803806,1.24948458760761,0,2.37402071645446,0.374845376282283,0.499793835043045,0.499793835043045,0.249896917521522,0.249896917521522,0.249896917521522,0.374845376282283,0,0.249896917521522,0.124948458760761,0.249896917521522,0.124948458760761,2.74886609273675,0.249896917521522,0.624742293803806,0.124948458760761,0,0,0.249896917521522,1.24948458760761,0,0.374845376282283,0,0,0,0.124948458760761,0,0,0
2554.434,6020.07948128007,1675.80004183225,302.656348044342,89.5210207069651,359.757372934533,451.370006274838,408.282786028028,2.92825768667643,103.325664087011,60.6567663668689,4.8107090566827,3.34658021334449,16.3145785400544,19.4519974900648,57.3101861535244,175.277138673918,10.6672244300356,22.7985777034093,42.8780589834763,8.78477306002928,0,35.1390922401171,1.04580631667015,7.73896674335913,2.50993516000837,24.2627065467475,3.76490274001255,0,26.9818029700899,40.7864463501359,0,1.46412884333821,0.418322526668061,1.25496758000418,1.88245137000628,0,1.04580631667015,1.88245137000628,1.04580631667015,0.209161263334031,1.88245137000628,1.88245137000628,0.209161263334031,0.627483790002092,0,0.209161263334031,0,2.92825768667643,0.209161263334031,0.418322526668061,1.25496758000418,0.418322526668061,0,0,0,0,1.88245137000628,0,0,0,0,0,0.209161263334031,0,0,0
4536.413,6539.44808066513,1353.70599681585,291.659295949054,49.0889793030249,109.897399610826,132.230673978419,61.2506633645852,1161.99363169998,53.511409870865,14.3728993454803,0.663364585176013,0.442243056784008,1.76897222713603,3.53794445427207,3.31682292588006,42.8975765080488,1.10560764196002,2.65345834070405,145.719087210331,1.10560764196002,0.221121528392004,11.0560764196002,0,0.442243056784008,0.663364585176013,3.98018751105608,0.884486113568017,0,1.99009375552804,6.63364585176013,0,0,0,0,0.442243056784008,0,0,0.442243056784008,0,0,0,0,0,0.221121528392004,0,0,0,0,0.442243056784008,0.442243056784008,1.32672917035202,0.221121528392004,0,0,0,0,0,0,0,0,0.221121528392004,0,0,0,0,0
