Sample_name,Sample,Type,Location,Depth,Sort1,Sort2,Stage,Stage1,Study day,Moisture,pH,EC,DO,CO2,NH4,NO3,TN,TC,CN_ratio,copies/gdw,log copies/gdw,fungal:bacterial ratio,log f:b ratio,Chao1,Shannon,InvSimpson
A0_INT1,gr_int_win1,grint,grave,interface,A,DA,Initial,D_Initial,0,0.896494157,7.18,50.21,104.2,7.102487936,5.552934891,6.824850306,0.895,14.789,16.5244,2.36799E+09,9.374380616,4.73483E-02,-1.32469579,1691.180995,5.544261984,84.8219882
A0_CORE1,gr_15_win1,gr15,grave,core,A,DA,Initial,D_Initial,0,0.559730791,7.64,38.13,104.2,1.743355568,8.651306786,5.573438026,0.483,6.802,14.095,8.16430E+08,8.911919023,3.04409E-02,-1.516543017,1382.216867,5.179672201,65.04169995
A0_INT2,gr_int_win2,grint,grave,interface,A,DA,Initial,D_Initial,0,0.909016393,7.36,49.8,102.3,7.093167852,7.279715847,5.116163934,0.914,15.226,16.6521,1.85683E+09,9.26877184,2.74145E-02,-1.562018944,1996.098214,5.603368569,80.46579367
A0_CORE2,gr_15_win2,gr15,grave,core,A,DA,Initial,D_Initial,0,0.547393365,7.46,52.14,102.3,2.213477386,8.851090047,5.190988942,0.402,6.244,15.5285,7.75658E+08,8.889670019,2.29702E-02,-1.638835273,1392.437126,5.129911445,69.8332419
A0_INT3,gr_int_win3,grint,grave,interface,A,DA,Initial,D_Initial,0,0.895881896,7.57,93.44,102.5,5.381384364,8.786780627,5.235161875,0.997,14.934,14.9822,1.14241E+09,9.057823487,3.13677E-02,-1.503517174,1921.049261,5.372562013,63.10113957
A0_CORE3,gr_15_win3,gr15,grave,core,A,DA,Initial,D_Initial,0,0.657713929,7.56,66.98,102.5,2.203526346,10.2115178,6.988921924,0.749,9.578,12.7833,6.03897E+08,8.78096262,1.80632E-02,-1.743204936,1553.502513,5.021048148,46.65613428
A0_CONINT,conint_mean,conint,control,interface,A,con,Initial,Control,0,0.963063224,7.41,52.79333333,101.6333333,7.393177147,13.23748193,7.270291164,0.987666667,15.912,16.17936667,1.77742E+09,9.249788902,4.64278E-02,-1.333221715,1861.145749,5.068942862,32.40482218
A0,con15_mean,con15,control,core,A,con,Initial,Control,0,0.574357826,7.59,53.23,101.6333333,1.993868163,8.984475212,6.626388101,0.599333333,8.093333333,13.798,5.05836E+08,8.704009627,2.39132E-02,-1.621363151,1312.126984,5.07713553,48.5121181
B5_INT1,gr_int_win1,grint,grave,interface,B,DB,Bloat,E_Bloat,21,0.873472322,7.1,69.03,98.2,16.32939548,19.77387587,13.07683681,0.972,14.227,14.6345,1.58396E+09,9.199745356,3.61932E-02,-1.441373307,1515.452632,5.191271446,59.25617544
B5_CORE1,gr_15_win1,gr15,grave,core,B,DB,Bloat,E_Bloat,21,0.512763596,7.27,80.28,98.2,2.265607509,11.35581206,16.82596522,0.439,6.359,14.486,5.68372E+08,8.754632568,2.59568E-02,-1.585749218,1342.083333,5.334328434,82.36269506
B5_INT2,gr_int_win2,grint,grave,interface,B,DB,Bloat,E_Bloat,21,0.803582458,7.34,102.4,97.45,14.22709964,67.22793494,35.94660078,0.743,11.124,14.9693,1.24775E+09,9.096128461,2.57025E-02,-1.590024208,1723.642045,5.378775736,68.9690305
B5_CORE2,gr_15_win2,gr15,grave,core,B,DB,Bloat,E_Bloat,21,0.505099302,7.49,99.41,97.45,2.31624313,17.72003578,18.37425228,0.38,4.982,13.115,1.19207E+09,9.076300802,4.67905E-02,-1.329842542,1379.270833,4.940997379,43.65253213
B5_INT3,gr_int_win3,grint,grave,interface,B,DB,Bloat,E_Bloat,21,0.970542636,7.24,101.4,95.3,26.29995213,19.65287855,1.111386047,1.022,14.542,14.2241,3.32004E+08,8.52114293,9.58281E-03,-2.018506961,1702.142202,5.354812428,58.49959897
B5_CORE3,gr_15_win3,gr15,grave,core,B,DB,Bloat,E_Bloat,21,0.707772795,7.36,164,95.3,4.363127421,34.49701046,41.63322372,0.786,9.618,12.235,6.96282E+08,8.842785382,5.86272E-02,-1.23190097,799.7840909,3.810335761,13.71371311
B5_CONINT,conint_mean,conint,control,interface,B,con,Bloat,Control,21,0.890714021,7.383333333,67.6,98.9,6.553516655,21.27850447,9.134656014,0.882666667,13.42866667,15.17986667,1.57230E+09,9.19653575,6.85568E-02,-1.163949546,1855.418103,4.848405352,18.20575048
B5,con15_mean,con15,control,core,B,con,Bloat,Control,21,0.620715121,7.586666667,73.14666667,98.9,2.567849507,9.032047027,9.594457781,0.619,8.639,13.9594,4.68676E+08,8.67087251,5.09558E-02,-1.292806392,1647.016304,4.862439147,22.3643855
C21_INT1,gr_int_win1,grint,grave,interface,C,DC,Active,F_Active,38,0.785007072,7.12,957.4,101.1,79.10191913,3004.047902,1.130504479,1.199,18.02,15.033,4.46265E+05,5.649593072,4.26987E-06,-5.369585689,1053.492537,4.41520468,26.22810371
C21_CORE1,gr_15_win1,gr15,grave,core,C,DC,Active,F_Active,38,0.457645765,6.98,129.6,101.1,17.92548838,176.2196553,14.87576091,0.57,7.812,13.7009,3.39804E+08,8.531228666,1.23355E-02,-1.908843688,998.8229167,2.970423031,5.712372437
C21_INT2,gr_int_win2,grint,grave,interface,C,DC,Active,F_Active,38,0.838885112,7.46,591.7,99.5,67.94360298,1493.910265,3.822429186,1.08,13.923,12.8868,6.40251E+07,7.806350484,2.07722E-03,-2.682517192,997.9822485,4.527692156,13.93264172
C21_CORE2,gr_15_win2,gr15,grave,core,C,DC,Active,F_Active,38,0.512117347,7.34,238.6,99.5,21.04910303,135.4453912,13.48405442,0.444,5.966,13.4518,4.00695E+08,8.602814409,3.36600E-02,-1.472885348,473.5081967,3.690549515,12.65051279
C21_INT3,gr_int_win3,grint,grave,interface,C,DC,Active,F_Active,38,0.866810655,7.01,316.4,103.3,72.99272161,1988.52671,0.39825294,1.125,20.667,18.3761,8.32343E+08,8.920302417,2.42469E-02,-1.615344056,914.029703,4.610457778,37.17571982
C21_CORE3,gr_15_win3,gr15,grave,core,C,DC,Active,F_Active,38,0.691954023,7.43,211.3,103.3,19.03356844,170.5489655,46.32795709,0.818,10.516,12.86,1.66745E+09,9.222052282,5.77743E-02,-1.23826527,1066.224,4.160023195,12.15372648
C21_CONINT,conint_mean,conint,control,interface,C,con,Active,Control,38,0.888315915,7.386666667,54.17,102.7666667,6.819598153,11.4925194,12.39970941,1.005666667,15.43933333,15.43776667,2.68058E+08,8.428228915,2.99660E-02,-1.523370695,1015.431579,4.787245892,37.91002482
C21,con15_mean,con15,control,core,C,con,Active,Control,38,0.555691534,7.636666667,49.06666667,102.7666667,2.340214273,9.116101795,8.877808412,0.628666667,8.327,13.42406667,3.66808E+08,8.564438687,2.30321E-02,-1.637666184,1187.428571,5.159609393,63.05531446
D38_INT1,gr_int_win1,grint,grave,interface,D,DD,Active_adv,F_Active,55,0.671096346,6.99,792.1,89.6,82.7055612,1900.593577,0.561488372,0.858,19.614,22.8634,7.80899E+10,10.8925948,7.28853E-01,-0.137360252,604.1578947,1.80657613,2.59853441
D38_CORE1,gr_15_win1,gr15,grave,core,D,DD,Active_adv,F_Active,55,0.548366432,7.58,266.8,89.6,26.11173309,364.4235234,63.05773906,0.571,8.299,14.5353,1.36970E+08,8.136625503,1.23363E-02,-1.908813927,880.9375,3.165458232,5.502679467
D38_INT2,gr_int_win2,grint,grave,interface,D,DD,Active_adv,F_Active,55,1.222777223,8.14,1559,84.6,101.4638357,5364.302364,1.117316017,1.901,21.954,11.5465,5.43600E+09,9.735279097,5.72733E-02,-1.242047941,658.6428571,3.980741688,14.06416053
D38_CORE2,gr_15_win2,gr15,grave,core,D,DD,Active_adv,F_Active,55,0.485695709,7.21,148.1,84.6,35.6462455,27.61413091,21.81793671,0.562,7.697,13.705,1.19219E+09,9.076345484,4.70548E-02,-1.327396227,875.8017241,4.406232418,26.92203617
D38_INT3,gr_int_win3,grint,grave,interface,D,DD,Active_adv,F_Active,55,0.648669202,6.16,429.4,93.1,97.00363741,1168.57673,0.430852218,1.165,24.232,20.7945,1.20908E+11,11.08245537,2.34035E+00,0.3692812,375.15,2.415501537,6.738134973
D38_CORE3,gr_15_win3,gr15,grave,core,D,DD,Active_adv,F_Active,55,0.597329585,7.18,325.9,93.1,41.92884751,253.7411291,47.33207027,0.763,9.265,12.1475,2.25999E+09,9.354106368,7.61029E-02,-1.11859891,779.9791667,3.89682177,21.72470756
D38_CONINT,conint_mean,conint,control,interface,D,con,Active_adv,Control,55,0.754784522,7.446666667,72.00666667,99.63333333,7.674621795,16.67085887,15.50197149,0.918,15.13266667,16.33873333,1.16486E+08,8.066272104,8.55465E-02,-1.067797601,1286.779412,5.702765141,138.5416641
D38,con15_mean,con15,control,core,D,con,Active_adv,Control,55,0.476918361,7.796666667,47.79333333,99.63333333,2.74338725,7.260269713,11.71988568,0.585666667,8.417666667,14.2118,1.02878E+09,9.012320784,4.99626E-02,-1.301354616,1711.844444,5.422139272,85.74780331
E55_INT1,gr_int_win1,grint,grave,interface,E,E,Advanced1,G_Advanced,75,1.289383562,7.61,1043,62.4,108.9830794,7095.868037,3.217347032,1.646,22.926,13.9301,3.75789E+09,9.574943506,1.26158E-01,-0.899085326,640.4444444,3.071940448,10.17603851
E55_CORE1,gr_15_win1,gr15,grave,core,E,E,Advanced1,G_Advanced,75,0.500534759,7.62,198.8,62.4,29.45230969,390.2990945,13.36876435,0.509,7.588,14.9107,3.03159E+09,9.481670955,7.39855E-02,-1.130853615,715.9850746,3.424358396,11.44733686
E55_INT2,gr_int_win2,grint,grave,interface,E,E,Advanced1,G_Advanced,75,0.843891403,6.33,169.7,72.4,88.91191723,461.7104072,0.309773756,1.054,23.658,22.438,5.73151E+10,10.75826876,1.26031E+00,0.10047847,404.5,2.322692832,4.88602711
E55_CORE2,gr_15_win2,gr15,grave,core,E,E,Advanced1,G_Advanced,75,0.540468227,6.96,265.9,72.4,33.20453456,277.5307559,22.53191527,0.591,8.181,13.846,6.36605E+09,9.803870132,1.82691E-01,-0.738282075,798.1369863,2.373768048,3.71097293
E55_INT3,gr_int_win3,grint,grave,interface,E,E,Advanced1,G_Advanced,75,0.757647059,6.87,275.6,79,69.04169855,361.8409412,51.05144471,1.118,13.797,12.343,1.21123E+10,10.08322838,3.10708E-01,-0.507647288,732.2380952,2.708630079,7.923584587
E55_CORE3,gr_15_win3,gr15,grave,core,E,E,Advanced1,G_Advanced,75,0.67865824,6.7,190.5,79,30.08540262,26.27659699,2.280736996,0.934,11.421,12.2258,4.62529E+09,9.665138523,1.91519E-01,-0.717788361,452,0.824914271,1.392042238
E55_CONINT,conint_mean,conint,control,interface,E,con,Advanced1,Control,75,0.77789881,7.163333333,59.17,100.0666667,7.370254522,12.48968542,10.70791709,0.865333333,12.82133333,14.91663333,8.62302E+08,8.935659202,5.36155E-02,-1.270709442,1831.25,5.609847433,100.0931049
E55,con15_mean,con15,control,core,E,con,Advanced1,Control,75,0.534923589,7.353333333,45.77,100.0666667,2.754228671,7.402854993,8.315045641,0.750666667,10.65766667,14.26903333,5.31199E+08,8.725256993,3.05544E-02,-1.514926919,1525.63125,5.242329063,69.78462177
F75_INT1,gr_int_win1,grint,grave,interface,F,F,Advanced2,G_Advanced,94,1.579154376,7.14,336.4,83.5,106.011831,2187.122911,0.973200918,2.08,32.311,15.537,1.53772E+10,10.1868763,1.31003E-01,-0.882718711,361.5882353,2.53487066,7.914001011
F75_CORE1,gr_15_win1,gr15,grave,core,F,F,Advanced2,G_Advanced,94,0.534579439,6.44,329.5,83.5,23.0004322,170.7270779,50.16233271,0.374,5.346,14.3093,4.81712E+08,8.682787864,2.40099E-02,-1.619608863,664.5490196,2.825802584,5.960529901
F75_INT2,gr_int_win2,grint,grave,interface,F,F,Advanced2,G_Advanced,94,1.183318853,7.23,613.1,100.4,90.99388169,1651.75349,0.416286128,1.279,21.875,17.0967,1.37081E+10,10.13697752,1.65333E-01,-0.781641412,338.6216216,1.964643211,3.824261992
F75_CORE2,gr_15_win2,gr15,grave,core,F,F,Advanced2,G_Advanced,94,0.606517803,6.42,195.5,100.4,17.7388989,202.1642004,15.93665661,0.586,9.091,15.523,3.74377E+07,7.573309298,1.34510E-03,-2.871244841,885.9191919,2.826295833,3.714072203
F75_INT3,gr_int_win3,grint,grave,interface,F,F,Advanced2,G_Advanced,94,1.215609756,7.05,588.2,40.4,95.53569623,1891.835317,0.72672,1.811,27.755,15.33,4.95430E+09,9.694982608,4.99982E-02,-1.30104591,224.75,2.029168668,3.844783222
F75_CORE3,gr_15_win3,gr15,grave,core,F,F,Advanced2,G_Advanced,94,0.959401709,6.62,181.2,40.4,39.22961281,199.7022222,10.23068946,0.798,9.001,11.2812,3.86790E+08,8.587475073,9.14465E-03,-2.038832925,725.7692308,3.09909093,9.987427791
F75_CONINT,conint_mean,conint,control,interface,F,con,Advanced2,Control,94,0.738735911,7.423333333,38.27333333,101.9333333,3.542082972,7.725361765,6.995466044,0.848333333,12.32166667,14.7018,4.57320E+08,8.660220105,3.69910E-02,-1.431903437,1529.924171,5.316939793,53.94872138
F75,con15_mean,con15,control,core,F,con,Advanced2,Control,94,0.591776754,7.47,39.41333333,101.9333333,2.8575702,7.719530803,6.335865722,0.683666667,9.526666667,13.79466667,6.69040E+07,7.82545218,3.14182E-02,-1.502818512,937.3333333,5.218082324,71.13546826
G94_INT1,gr_int_win1,grint,grave,interface,G,G,Advanced3,G_Advanced,110,0.838235294,6.13,701.8,81.7,99.19691281,754.9019608,42.23529412,1.694,23.056,13.614,9.07971E+09,9.958072156,1.73380E-01,-0.761000876,338.3,2.434958507,5.723468151
G94_CORE1,gr_15_win1,gr15,grave,core,G,G,Advanced3,G_Advanced,110,0.454769231,6.13,569.3,81.7,56.53863375,508.1217969,1.982365538,0.603,10.222,16.9634,6.57938E+08,8.818184847,1.74358E-02,-1.758557261,726.6111111,2.68606138,3.871665496
G94_INT2,gr_int_win2,grint,grave,interface,G,G,Advanced3,G_Advanced,110,0.816572238,6.59,537.8,81.3,97.90113645,894.2379603,67.56679887,1.338,24.757,18.4972,9.19290E+09,9.96345241,1.53752E-01,-0.813179059,283.0263158,2.375303474,5.244409397
G94_CORE2,gr_15_win2,gr15,grave,core,G,G,Advanced3,G_Advanced,110,0.418181818,6.47,235.8,81.3,18.39311636,100.8232727,76.92218182,0.643,8.693,13.5265,6.58054E+08,8.818261302,6.36925E-02,-1.195911436,480.1666667,3.276694171,11.08482925
G94_INT3,gr_int_win3,grint,grave,interface,G,G,Advanced3,G_Advanced,110,0.277039848,6.28,356.8,97.4,36.62742032,222.7157495,18.79121569,1.098,14.103,12.8387,2.76253E+09,9.441306569,8.47913E-02,-1.071648568,468.7142857,2.69836345,7.052465913
G94_CORE3,gr_15_win3,gr15,grave,core,G,G,Advanced3,G_Advanced,110,0.39556004,6.63,264.2,97.4,25.62162248,83.39866801,18.08273663,0.833,10.531,12.6405,1.64202E+06,6.21537861,9.21071E-05,-4.035706721,473.3448276,3.091156622,10.33729215
G94_CONINT,conint_mean,conint,control,interface,G,con,Advanced3,Control,110,0.271575302,7.423333333,47.72,101.0666667,1.272294744,12.72469357,18.68353266,0.815666667,11.455,14.1415,9.28984E+06,6.968008213,4.23141E-04,-3.373515201,1633.367257,5.576723567,109.0639917
G94,con15_mean,con15,control,core,G,con,Advanced3,Control,110,0.310556731,7.166666667,41.38666667,101.0666667,1.37148604,7.335303592,9.44142685,0.617333333,9.008666667,14.45606667,2.10163E+08,8.322555354,8.30993E-03,-2.080402631,1275.05,4.920374128,43.65558245
H110_INT1,gr_int_win1,grint,grave,interface,H,H,Advanced4,G_Advanced,126,1.345125108,6.31,716.4,92.9,109.2070336,2454.56428,13.35783261,2.347,34.301,14.6177,8.77441E+09,9.943218048,6.43300E-02,-1.19158666,417.2173913,2.042089376,3.726423252
H110_CORE1,gr_15_win1,gr15,grave,core,H,H,Advanced4,G_Advanced,126,0.46049896,6.27,386,92.9,26.32364424,221.567429,67.59578656,0.635,9.953,15.6707,1.75473E+09,9.244209429,1.10447E-01,-0.956847416,782.8,2.945542736,6.213243184
H110_INT2,gr_int_win2,grint,grave,interface,H,H,Advanced4,G_Advanced,126,0.965594615,6.95,313.1,99.5,77.78241035,463.3561705,68.8744353,1.411,18.411,13.0472,1.03009E+10,10.0128771,1.52496E-01,-0.816742311,379.2857143,1.829758813,3.015469719
H110_CORE2,gr_15_win2,gr15,grave,core,H,H,Advanced4,G_Advanced,126,0.482673267,6.48,131.3,99.5,17.06997419,173.3343894,76.43477228,0.591,8.496,14.3689,2.27369E+10,10.35673125,6.12741E-01,-0.212723367,443.12,1.985181821,3.561960563
H110_INT3,gr_int_win3,grint,grave,interface,H,H,Advanced4,G_Advanced,126,0.658536585,6.85,367.2,99.3,63.81714099,834.1333333,115.9427642,1.388,16.017,11.5429,3.02218E+09,9.480319686,1.17736E-01,-0.929089255,657,3.459624223,13.4907642
H110_CORE3,gr_15_win3,gr15,grave,core,H,H,Advanced4,G_Advanced,126,0.449290061,6.96,219,99.3,22.01073685,96.88987153,43.74923597,0.809,9.997,12.3518,8.15564E+08,8.911457884,3.25079E-02,-1.4880116,931,4.179466976,22.58082987
H110_CONINT,conint_mean,conint,control,interface,H,con,Advanced4,Control,126,0.636525655,7.29,43.98,101.0666667,4.29137872,10.96831271,15.71006474,0.846666667,13.36866667,15.74133333,1.48692E+09,9.172288173,5.25553E-02,-1.279383199,1993.779851,5.615765203,95.05906186
H110,con15_mean,con15,control,core,H,con,Advanced4,Control,126,0.439402038,7.283333333,62.58666667,101.0666667,1.619918974,7.845323866,17.79459268,0.615666667,8.364333333,13.6901,1.75980E+08,8.245462987,5.41420E-03,-2.266465753,1598.221239,5.360819529,79.90469542
J126_INT1,gr_int_win1,grint,grave,interface,J,J,Advanced5_transition,G_Advanced,140,1,7.3,337.6,79.6,73.498123,1670.4,1.034666667,1.285,22.244,17.315,9.27855E+09,9.967480204,7.43092E-02,-1.128957335,450.2,2.473229811,6.794387029
J126_CORE1,gr_15_win1,gr15,grave,core,J,J,Advanced5_transition,G_Advanced,140,0.483940043,6.88,185.9,79.6,17.84094338,546.3669379,65.29336188,0.682,9.025,13.2278,1.23370E+09,9.091210604,1.67607E-02,-1.775708388,501,2.737459315,6.533146209
J126_INT2,gr_int_win2,grint,grave,interface,J,J,Advanced5_transition,G_Advanced,140,0.569855072,6.62,317.1,94,71.04234625,877.8629565,66.39440386,1.034,13.934,13.4766,3.63780E+07,7.560839114,6.27564E-04,-3.202341718,305.8333333,2.808561598,7.282111
J126_CORE2,gr_15_win2,gr15,grave,core,J,J,Advanced5_transition,G_Advanced,140,0.503237198,6.4,135.2,94,10.77599672,125.9512341,31.76841279,0.649,9.316,14.3599,1.06202E+09,9.026131023,1.04442E-01,-0.981124002,473.5090909,3.618864613,14.83770218
J126_INT3,gr_int_win3,grint,grave,interface,J,J,Advanced5_transition,G_Advanced,140,0.82594086,7.06,211.2,98.5,76.87459549,428.730914,178.6500538,1.562,18.67,11.9535,2.52546E+08,8.40234109,4.22716E-03,-2.37395141,459.4666667,3.342623283,12.86379211
J126_CORE3,gr_15_win3,gr15,grave,core,J,J,Advanced5_transition,G_Advanced,140,0.552230686,6.65,320.9,98.5,24.0557877,315.8272035,128.1521654,0.914,10.928,11.9539,4.78909E+08,8.680253107,1.66908E-02,-1.77752259,897.7622951,4.42195717,29.90957084
J126_CONINT,conint_mean,conint,control,interface,J,con,Advanced5_transition,Control,140,0.52874948,7.306666667,46.60666667,100.7,3.432580411,10.75693722,12.85584052,0.837666667,12.75133333,15.37496667,9.85162E+08,8.993507454,4.87868E-02,-1.311697337,2212.599265,5.708356681,112.4333957
J126,con15_mean,con15,control,core,J,con,Advanced5_transition,Control,140,0.425089178,7.396666667,46.71333333,100.7,2.042382626,9.265446633,10.20819802,0.534,7.600666667,14.35843333,2.32678E+08,8.366755868,1.68712E-02,-1.772854774,1178.443478,5.369151521,91.96864726
K1589_INT1,gr_int_win1,grint,grave,interface,K,K,Skeletonization1,H_Skeletonization,158,0.802687412,7.08,367.2,79.6,64.79986313,638.1513437,0.990276285,1.126,15.533,13.7889,2.62076E+09,9.418427987,3.16010E-02,-1.500298697,247.6521739,2.393630887,6.63387256
K1589_CORE1,gr_15_win1,gr15,grave,core,K,K,Skeletonization1,H_Skeletonization,158,0.452497551,6.01,243,79.6,37.42426379,376.9521645,64.68455762,0.525,7.494,14.2647,2.60089E+09,9.41512157,9.61887E-02,-1.016876147,511.125,2.532089741,6.314042687
K1589_INT2,gr_int_win2,grint,grave,interface,K,K,Skeletonization1,H_Skeletonization,158,0.960299625,6.32,423.5,96,73.17678139,558.5547066,162.8355556,1.862,21.121,11.3451,4.90356E+09,9.690511833,3.29407E-02,-1.482267808,421.0277778,2.985845061,9.434533293
K1589_CORE2,gr_15_win2,gr15,grave,core,K,K,Skeletonization1,H_Skeletonization,158,0.48136646,6.49,90.68,96,4.337007419,30.89142857,39.68086957,0.971,13.937,14.3571,4.53642E+08,8.656713359,4.73540E-02,-1.32464349,635.3802817,4.208791027,20.30469312
K1589_INT3,gr_int_win3,grint,grave,interface,K,K,Skeletonization1,H_Skeletonization,158,0.726982097,7.24,318.5,100.5,65.35128077,624.4767263,263.698653,1.542,17.401,11.2834,2.51449E+09,9.400449541,1.33631E-01,-0.874092484,453.6363636,3.550696961,18.77354117
K1589_CORE3,gr_15_win3,gr15,grave,core,K,K,Skeletonization1,H_Skeletonization,158,0.411140584,6.5,302.1,100.5,12.6053554,148.6025111,77.59391689,0.936,10.736,11.4741,1.81941E+09,9.259930938,1.04283E-01,-0.981786689,676.0120482,3.089857338,6.655284157
K1589_CONINT,conint_mean,conint,control,interface,K,con,Skeletonization1,Control,158,0.570368515,7.583333333,48.98666667,100.5,3.715695066,11.7213048,12.16990983,0.892666667,14.237,15.93203333,1.76810E+08,8.247506888,2.44683E-02,-1.611395558,956.6230769,5.360069602,86.14904966
K1589,con15_mean,con15,control,core,K,con,Skeletonization1,Control,158,0.366517382,7.403333333,40.47,100.5,1.790477297,7.545172861,8.512180515,0.576666667,7.911666667,13.8389,7.53563E+07,7.877119495,2.56885E-02,-1.590260442,842.6666667,4.923086492,43.94957188
M172_INT1,gr_int_win1,grint,grave,interface,M,M,Skeletonization2,H_Skeletonization,172,1.18061674,6.84,166.7,93.1,80.69233091,270.9779736,28.43524229,1.527,21.112,13.8232,1.89582E+10,10.27779659,2.76054E-01,-0.559005568,476.7941176,3.124126629,9.936242037
M172_CORE1,gr_15_win1,gr15,grave,core,M,M,Skeletonization2,H_Skeletonization,172,0.948430493,6.54,227.1,93.1,43.69829193,327.5961136,27.12215247,2.341,21.835,9.3279,5.45356E+09,9.736680477,4.30751E-01,-0.365773994,518.7258065,2.725415222,7.369333507
M172_INT2,gr_int_win2,grint,grave,interface,M,M,Skeletonization2,H_Skeletonization,172,0.347435219,6.13,188.3,99.2,13.29036906,146.7806099,71.41406663,0.959,12.753,13.2989,5.23423E+09,9.718853004,1.86581E-01,-0.729132382,696.125,3.635202094,16.54319914
M172_CORE2,gr_15_win2,gr15,grave,core,M,M,Skeletonization2,H_Skeletonization,172,0.425329815,6.24,194.5,99.2,3.927106825,26.87221812,16.26016253,0.304,3.842,12.6529,2.74669E+09,9.438809778,9.23074E-02,-1.034763453,1049.084034,4.218746322,26.77238066
M172_INT3,gr_int_win3,grint,grave,interface,M,M,Skeletonization2,H_Skeletonization,172,0.531042129,6.5,357.9,99.8,45.96802963,697.5427938,313.4553585,1.054,12.302,11.6726,2.79323E+09,9.446106562,1.20059E-01,-0.920603978,624.5245902,3.529274303,14.3924845
M172_CORE3,gr_15_win3,gr15,grave,core,M,M,Skeletonization2,H_Skeletonization,172,0.427518428,6.43,286.5,99.8,7.440196768,110.5850942,157.6361016,0.886,9.999,11.2805,1.85376E+09,9.268054191,6.47302E-02,-1.188892786,1344.210526,4.183336111,17.01373206
M172_CONINT,conint_mean,conint,control,interface,M,con,Skeletonization2,Control,172,0.344541405,7.403333333,31.54666667,100.3333333,1.373981397,6.767087578,13.93809631,0.839333333,12.82666667,15.19933333,6.11272E+08,8.786234543,7.57281E-02,-1.12074266,1285.221311,5.35536082,70.06394546
M172,con15_mean,con15,control,core,M,con,Skeletonization2,Control,172,0.341043707,7.196666667,31.25,100.3333333,1.396957926,7.333551586,7.828074137,0.517666667,6.93,13.54866667,3.17045E+08,8.501120872,7.06039E-02,-1.151171156,934.9787234,4.881820221,41.51227077
N186_INT1,gr_int_win1,grint,grave,interface,N,N,Skeletonization3,H_Skeletonization,186,0.405167352,6.31,139.6,93.8,12.39774077,129.2753964,97.49987865,1.265,16.198,12.8045,1.67306E+09,9.223511092,3.61193E-02,-1.442260793,697.7857143,2.848465531,5.52589466
N186_CORE1,gr_15_win1,gr15,grave,core,N,N,Skeletonization3,H_Skeletonization,186,0.24442025,6.78,146.8,93.8,9.265667169,47.91847578,25.36626238,0.46,6.241,13.5594,1.80749E+10,10.25707698,7.86681E-01,-0.104201089,510.4883721,2.909774387,9.790431546
N186_INT2,gr_int_win2,grint,grave,interface,N,N,Skeletonization3,H_Skeletonization,186,0.25931677,6.42,265.5,101,8.366251867,493.6521739,104.1371014,0.884,10.966,12.4028,8.16492E+09,9.911951938,3.42809E-01,-0.464947256,502.0652174,3.378976373,12.0671789
N186_CORE2,gr_15_win2,gr15,grave,core,N,N,Skeletonization3,H_Skeletonization,186,0.273410115,6.85,127.6,101,7.648719872,18.43897847,11.05659556,0.337,4.148,12.3155,2.57108E+09,9.410114752,3.10895E-01,-0.507386299,617.25,3.247217539,9.941360359
N186_INT3,gr_int_win3,grint,grave,interface,N,N,Skeletonization3,H_Skeletonization,186,0.254518072,6.44,324.9,100.9,8.350260496,283.0192771,180.6171486,1.103,13.026,11.8082,5.32857E+09,9.726610826,4.28486E-01,-0.368063244,776.109589,3.82343011,14.47406508
N186_CORE3,gr_15_win3,gr15,grave,core,N,N,Skeletonization3,H_Skeletonization,186,0.305590851,7.11,265.7,100.9,5.085782184,52.91994917,85.71639136,0.655,7.791,11.8869,1.21186E+09,9.083452189,8.74744E-02,-1.058119097,1014.027273,4.125160327,20.23685246
N186_CONINT,conint_mean,conint,control,interface,N,con,Skeletonization3,Control,186,0.198190045,7.42,34.59666667,101.3,0.49192926,7.712440791,13.72071539,0.790666667,11.352,14.4155,4.75896E+07,7.677512332,1.76875E-03,-2.752332805,1923.267206,5.230946152,60.22346892
N186,con15_mean,con15,control,core,N,con,Skeletonization3,Control,186,0.204788589,7.326666667,36.40333333,101.3,0.985022535,4.841502418,2.673760598,0.573,8.252333333,14.438,1.13557E+09,9.055215351,5.23928E-02,-1.280728481,1498.68254,5.159148353,58.87763718
P201_INT1,gr_int_win1,grint,grave,interface,P,P,Skeletonization4,H_Skeletonization,201,0.813844086,6.4,127.6,99.5,20.46602859,126.969086,68.6600448,1.413,17.359,12.2838,2.23835E+10,10.34992789,9.88365E-01,-0.005082647,486.3488372,2.669327577,6.660758639
P201_CORE1,gr_15_win1,gr15,grave,core,P,P,Skeletonization4,H_Skeletonization,201,0.815232722,7.07,137.8,99.5,10.642032,17.74571509,29.2663921,1.068,14.543,13.6159,8.63684E+09,9.936354974,8.29176E-01,-0.081353259,668.9512195,2.801113941,4.916875933
P201_INT2,gr_int_win2,grint,grave,interface,P,P,Skeletonization4,H_Skeletonization,201,0.844370861,7.11,196.1,99.7,28.82698989,269.2781457,21.49306843,1.784,20.021,11.2244,8.40423E+10,10.92449779,4.20731E-01,-0.375995919,383.0909091,2.879174937,9.589622069
P201_CORE2,gr_15_win2,gr15,grave,core,P,P,Skeletonization4,H_Skeletonization,201,0.293120155,6.9,172.6,99.7,5.1438845,14.31742636,29.23486047,0.376,4.678,12.4404,2.22918E+09,9.348144631,2.97118E-01,-0.527070807,599.6,3.27448982,6.624392142
P201_INT3,gr_int_win3,grint,grave,interface,P,P,Skeletonization4,H_Skeletonization,201,0.55,6.22,717.8,101.3,23.6500663,639.9433333,329.84,1.069,10.861,10.1625,8.71080E+09,9.940058213,6.99061E-01,-0.155484905,1185.676471,3.596842002,13.35023839
P201_CORE3,gr_15_win3,gr15,grave,core,P,P,Skeletonization4,H_Skeletonization,201,0.517548747,7.45,153.7,101.3,1.624639079,4.532412256,12.9497493,0.624,8.269,13.2492,2.17455E+08,8.337368617,5.73553E-02,-1.241426767,451.5652174,3.817351413,15.15767324
P201_CONINT,conint_mean,conint,control,interface,P,con,Skeletonization4,Control,201,0.737367756,7.553333333,67.92,100.9,3.484662266,7.850123271,10.94948503,0.876666667,13.44633333,15.38843333,3.61586E+08,8.558212103,6.21022E-02,-1.206893044,1084.796875,5.228358582,67.24563234
P201,con15_mean,con15,control,core,P,con,Skeletonization4,Control,201,0.376164884,7.323333333,95.64,100.9,2.40834683,10.60423965,27.39470603,0.533666667,6.811333333,13.01273333,7.23263E+08,8.859296124,3.50289E-02,-1.455573843,1262.312883,4.828604848,38.98559841
Q216_INT1,gr_int_win1,grint,grave,interface,Q,Q,Skeletonization5,H_Skeletonization,216,0.249282297,5.98,222.6,100,2.226740575,110.769697,153.6117512,1.392,16.843,12.0972,1.41227E+10,10.1499182,1.04218E+00,0.017943365,607.35,2.976396446,7.148929064
Q216_CORE1,gr_15_win1,gr15,grave,core,Q,Q,Skeletonization5,H_Skeletonization,216,0.197006277,7.02,99.44,100,2.708613552,21.18860711,22.34411717,0.209,2.542,12.1446,2.97087E+09,9.472883281,1.43224E-01,-0.843984564,912.125,2.905562585,6.14410857
Q216_INT2,gr_int_win2,grint,grave,interface,Q,Q,Skeletonization5,H_Skeletonization,216,0.170558799,6.35,212.2,100,2.770439606,85.84097859,167.62402,0.959,11.51,11.9968,1.32111E+08,8.1209384,4.07725E-03,-2.389632144,1060.777778,4.156870611,23.93690225
Q216_CORE2,gr_15_win2,gr15,grave,core,Q,Q,Skeletonization5,H_Skeletonization,216,0.19026351,6.94,76.97,100,0.967510327,16.16219145,10.66476105,0.479,6.039,12.6016,4.65458E+09,9.667880563,5.40556E-01,-0.267159452,578.0461538,2.522420628,3.91459817
Q216_INT3,gr_int_win3,grint,grave,interface,Q,Q,Skeletonization5,H_Skeletonization,216,0.18708536,6.33,371.8,100,1.328467626,438.3510541,402.7384933,1.219,15.736,12.9098,5.68826E+09,9.754979627,4.97676E-01,-0.30305331,420.2040816,2.793700498,6.773280972
Q216_CORE3,gr_15_win3,gr15,grave,core,Q,Q,Skeletonization5,H_Skeletonization,216,0.247497725,6.57,167.8,100,1.826316958,60.87123567,75.83122839,0.768,9.04,11.7701,1.39752E+09,9.145357959,2.28704E-01,-0.640725908,659.9014085,3.701011893,14.55720368
Q216_CONINT,conint_mean,conint,control,interface,Q,con,Skeletonization5,Control,216,0.161111553,7.436666667,45.2,100,0.299782803,12.80968083,13.03821551,0.828666667,11.891,14.3713,4.72721E+08,8.674604896,6.94109E-02,-1.158572579,987.2,4.890468662,49.87733837
Q216,con15_mean,con15,control,core,Q,con,Skeletonization5,Control,216,0.200050793,7.18,36.16333333,100,0.543693906,6.088555295,7.636631322,0.515666667,6.963333333,13.7416,6.59282E+08,8.819071448,1.04996E-01,-0.978828104,992.2213115,4.846960028,46.64880784
R234_INT1,gr_int_win1,grint,grave,interface,R,R,Skeletonization6,H_Skeletonization,234,0.170546833,5.83,185.7,100,0.683897243,142.2604584,152.5612705,1.233,14.699,11.9261,1.09390E+10,10.03897743,5.06829E-01,-0.295138539,595.625,2.990516599,6.390441476
R234_CORE1,gr_15_win1,gr15,grave,core,R,R,Skeletonization6,H_Skeletonization,234,0.193301435,6.81,95.34,100,1.414591797,25.80713238,28.74106284,0.754,10.144,13.4588,1.13639E+09,9.055527449,3.22933E-01,-0.490887905,353.4102564,3.445096804,15.01619441
R234_INT2,gr_int_win2,grint,grave,interface,R,R,Skeletonization6,H_Skeletonization,234,0.173376029,6.7,66.15,100,0.556988788,76.34766697,45.605215,0.883,11.483,13.0038,5.38744E+09,9.731382277,2.17743E-01,-0.662056092,708.2941176,3.451281994,12.15094465
R234_CORE2,gr_15_win2,gr15,grave,core,R,R,Skeletonization6,H_Skeletonization,234,0.180700095,6.85,86.34,100,0.664563472,16.38811731,13.74649763,0.46,5.658,12.3095,4.06287E+09,9.608832712,4.14650E-01,-0.382318464,935.983871,4.216559302,26.38806168
R234_INT3,gr_int_win3,grint,grave,interface,R,R,Skeletonization6,H_Skeletonization,234,0.206956522,6.42,346.5,100,1.482911123,287.0142609,232.3793623,1.081,12.709,11.7568,6.03264E+09,9.780507596,4.09384E-01,-0.387869636,486.1666667,2.668050569,7.010054862
R234_CORE3,gr_15_win3,gr15,grave,core,R,R,Skeletonization6,H_Skeletonization,234,0.241540864,6.5,570.4,100,1.832337983,150.5409682,141.601874,0.951,11.309,11.8857,4.29074E+09,9.63253173,3.86977E-01,-0.41231442,714.345679,3.200400055,6.929592406
R234_CONINT,conint_mean,conint,control,interface,R,con,Skeletonization6,Control,234,0.202222056,7,75.04666667,100,0.400420482,18.44152792,34.96574155,0.873666667,13.341,15.35633333,5.39940E+08,8.732345215,3.29591E-02,-1.482025304,1708.780488,5.366794004,76.50268437
R234,con15_mean,con15,control,core,R,con,Skeletonization6,Control,234,0.191130034,7.213333333,31.96,100,0.415409428,6.492298734,12.26686832,0.615,8.272,13.48933333,2.95421E+08,8.470440724,5.61236E-02,-1.250854449,837.5365854,4.834862107,41.92946595
S252_INT1,gr_int_win1,grint,grave,interface,S,S,Skeletonization7,H_Skeletonization,252,0.340981857,6.45,91.91,100,12.51208194,138.4787264,145.2193952,0.786,10.356,13.1698,1.35139E+09,9.130780613,2.04902E-01,-0.68845342,719.2021277,4.178607445,26.93838773
S252_CORE1,gr_15_win1,gr15,grave,core,S,S,Skeletonization7,H_Skeletonization,252,0.287465181,6.83,157.6,100,3.326767923,26.07889471,43.63648654,0.419,5.144,12.2818,4.42285E+09,9.645702328,6.47751E-01,-0.188591604,518.4698795,2.597227705,5.432088287
S252_INT2,gr_int_win2,grint,grave,interface,S,S,Skeletonization7,H_Skeletonization,252,0.283289125,6.58,260.6,100,12.41311891,151.7703271,151.8045482,0.723,9.405,13.0118,1.08025E+10,10.03352583,7.35329E-01,-0.133518454,660.6,3.133062185,8.610116083
S252_CORE2,gr_15_win2,gr15,grave,core,S,S,Skeletonization7,H_Skeletonization,252,0.219812716,6.92,70.94,100,3.680501046,25.94460325,27.60029571,0.308,3.913,12.7172,2.71164E+09,9.433232058,1.36719E-01,-0.864171691,1134.782313,3.391420702,8.520781671
S252_INT3,gr_int_win3,grint,grave,interface,S,S,Skeletonization7,H_Skeletonization,252,0.253702819,6.32,251.8,100,8.402675669,386.5583692,288.1009078,1.912,20.106,10.5138,5.70474E+09,9.756235503,6.91665E-01,-0.160104401,558.3050847,2.552857972,6.120400137
S252_CORE3,gr_15_win3,gr15,grave,core,S,S,Skeletonization7,H_Skeletonization,252,0.313861386,7.02,326.9,100,3.146910889,58.72084488,104.4432211,0.8,9.222,11.5211,7.49652E+08,8.874859623,5.41846E-02,-1.266124373,925.1428571,4.22939727,27.09125295
S252_CONINT,conint_mean,conint,control,interface,S,con,Skeletonization7,Control,252,0.49652109,7.25,96.09333333,100,3.399865361,5.950171774,30.25327095,0.725666667,10.27266667,14.2592,5.21621E+08,8.717354969,1.01667E-01,-0.992820388,1003.886364,5.195973509,62.42609053
S252,con15_mean,con15,control,core,S,con,Skeletonization7,Control,252,0.345425704,7.146666667,90.68333333,100,1.667254156,6.545588453,27.57273476,0.538,7.058,13.09593333,1.94750E+08,8.289476888,2.79601E-02,-1.553461608,746.0810811,4.469674051,25.06741151
T290_INT1,gr_int_win1,grint,grave,interface,T,T,Skeletonization8,H_Skeletonization,290,0.597135741,7.05,63.49,100,7.97882006,40.14134496,48.97882939,0.903,12.408,13.7351,1.24284E+10,10.09441615,3.65560E-01,-0.437040862,734.5185185,2.693475053,5.738608489
T290_CORE1,gr_15_win1,gr15,grave,core,T,T,Skeletonization8,H_Skeletonization,290,0.454381753,7.22,41.38,100,4.05356487,10.20006403,21.81960464,0.409,5.225,12.7894,5.12774E+09,9.709926303,3.09645E-01,-0.509135534,1064.705882,3.758172214,11.60274254
T290_INT2,gr_int_win2,grint,grave,interface,T,T,Skeletonization8,H_Skeletonization,290,0.645024272,6.5,121.4,100,12.65691801,38.16456311,29.12789644,0.877,11.036,12.5876,1.45982E+10,10.16429796,4.93231E-01,-0.3069494,1168.428571,3.107780254,6.178606973
T290_CORE2,gr_15_win2,gr15,grave,core,T,T,Skeletonization8,H_Skeletonization,290,0.508244994,7.2,69.39,100,4.090570818,9.049469965,10.60195681,0.609,9.006,14.7994,1.63390E+09,9.213226586,1.37887E-01,-0.860475533,971,4.261759316,25.67808305
T290_INT3,gr_int_win3,grint,grave,interface,T,T,Skeletonization8,H_Skeletonization,290,0.658719346,6.19,448.5,100,11.65150753,263.1834696,247.9232516,0.898,10.119,11.2645,2.53575E+10,10.40410601,8.00096E-01,-0.096857634,1008.833333,3.024763631,6.801613668
T290_CORE3,gr_15_win3,gr15,grave,core,T,T,Skeletonization8,H_Skeletonization,290,0.574468085,6.87,199.2,100,5.953843797,31.20385816,70.64113475,0.786,8.859,11.275,3.36476E+09,9.526954664,1.49974E-01,-0.823984141,1218.449541,4.023448111,21.91751564
T290_CONINT,conint_mean,conint,control,interface,T,con,Skeletonization8,Control,290,0.599685054,7.226666667,51.18333333,100,2.794623828,8.792033273,5.615296353,0.696333333,9.692,13.97716667,2.88211E+09,9.459710296,1.08770E-01,-0.963492782,1737.995413,4.908140048,38.20109001
T290,con15_mean,con15,control,core,T,con,Skeletonization8,Control,290,0.476846963,7.38,43.12,100,1.318537478,4.751516641,5.059885262,0.545666667,7.045,12.97246667,4.63430E+08,8.665984273,4.00539E-02,-1.397355442,1441.715789,4.959084635,37.21963798
V335_INT1,gr_int_win1,grint,grave,interface,V,V,Skeletonization9,H_Skeletonization,335,0.82192846,6.8,69.98,100,13.1839742,18.60796267,39.03785381,1.051,13.715,13.0537,5.45050E+09,9.736436283,9.03843E-02,-1.043906984,942.776699,3.440421483,11.1838721
V335_CORE1,gr_15_win1,gr15,grave,core,V,V,Skeletonization9,H_Skeletonization,335,0.451456311,6.89,52.34,100,4.457141304,6.665087379,13.27598706,0.502,6.136,12.2172,6.01854E+09,9.779491482,6.20922E-01,-0.206962675,617.9117647,3.591549274,13.69681509
V335_INT2,gr_int_win2,grint,grave,interface,V,V,Skeletonization9,H_Skeletonization,335,0.913740458,6.93,120.3,100,21.12310275,27.45579644,71.70147583,1.036,12.608,12.1739,6.54493E+09,9.815904896,9.15264E-02,-1.038453612,1392.12766,3.859209582,16.87580897
V335_CORE2,gr_15_win2,gr15,grave,core,V,V,Skeletonization9,H_Skeletonization,335,0.461779449,7.19,73.26,100,5.496380032,11.24205848,16.87868003,0.344,4.215,12.2498,1.19371E+09,9.076898739,1.26135E-01,-0.899165962,514.125,3.283583312,7.569165319
V335_INT3,gr_int_win3,grint,grave,interface,V,V,Skeletonization9,H_Skeletonization,335,0.762539683,6.27,231.2,100,14.96605936,44.5805037,123.4482794,1.012,10.591,10.4703,2.02253E+09,9.305895276,4.11983E-02,-1.385120817,1099.788991,3.96725474,18.46178612
V335_CORE3,gr_15_win3,gr15,grave,core,V,V,Skeletonization9,H_Skeletonization,335,0.679812834,6.95,170.4,100,7.394273932,113.5105526,86.34237968,1.06,11.224,10.5906,2.60828E+09,9.416354018,8.34444E-02,-1.078602726,1154.503311,4.171027237,19.92701606
V335_CONINT,conint_mean,conint,control,interface,V,con,Skeletonization9,Control,335,0.723084631,7.526666667,45.90666667,100,4.349041571,4.530624959,7.686762086,0.78,11.12566667,14.30696667,1.14760E+09,9.059790067,3.05948E-02,-1.514351754,2159.056537,5.624547468,92.65752579
V335,con15_mean,con15,control,core,V,con,Skeletonization9,Control,335,0.541213809,7.636666667,46.52,100,2.089115572,3.640142866,7.189670398,0.620333333,8.035333333,12.936,9.31525E+08,8.969194293,2.84108E-02,-1.546517129,1589.910314,5.215215754,60.60908138
W384_INT1,gr_int_win1,grint,grave,interface,W,W,Skeletonization10,H_Skeletonization,384,0.783368274,6.81,79.02,100,13.08731732,25.6567249,42.89595155,1.365,15.201,11.1358,8.21294E+09,9.914498885,2.13479E-01,-0.670643944,1280.298013,3.634659274,8.806601472
W384_CORE1,gr_15_win1,gr15,grave,core,W,W,Skeletonization10,H_Skeletonization,384,0.427094668,6.9,44.59,100,4.497846277,6.697830976,14.97878564,0.534,6.439,12.0658,2.94758E+09,9.469465333,8.55505E-02,-1.06777738,1182.517647,4.210539008,17.12126618
W384_INT2,gr_int_win2,grint,grave,interface,W,W,Skeletonization10,H_Skeletonization,384,1.11452514,6.83,96.44,100,33.0049682,28.33463687,40.42972067,1.084,14.617,13.4793,7.57501E+09,9.879383387,1.49665E-01,-0.824880972,1138.488889,3.991005282,19.10108972
W384_CORE2,gr_15_win2,gr15,grave,core,W,W,Skeletonization10,H_Skeletonization,384,0.727591036,7.05,64.16,100,7.63124805,29.03735014,42.14400747,0.955,12.145,12.715,3.09512E+09,9.490677814,1.13406E-01,-0.945362954,1454.836066,4.469919293,26.67029099
W384_INT3,gr_int_win3,grint,grave,interface,W,W,Skeletonization10,H_Skeletonization,384,0.838912134,6.15,295.1,100,16.94834394,476.8421757,161.9223431,1.047,10.923,10.4285,4.28939E+09,9.632395649,1.01256E-01,-0.994577857,727.625,3.142526122,8.954799946
W384_CORE3,gr_15_win3,gr15,grave,core,W,W,Skeletonization10,H_Skeletonization,384,0.697421981,6.42,291.1,100,8.815437268,5.82102578,8.319630936,0.804,8.793,10.9381,4.23733E+09,9.627091953,1.53057E-01,-0.815146251,928.8425926,3.58475564,11.52298283
W384_CONINT,conint_mean,conint,control,interface,W,con,Skeletonization10,Control,384,0.700089656,6.94,47.79666667,100,4.265319194,34.18862137,7.127438491,0.716333333,10.634,14.88526667,9.39336E+08,8.972821187,4.77616E-02,-1.320921451,1816.307377,5.550984914,85.38396254
W384,con15_mean,con15,control,core,W,con,Skeletonization10,Control,384,0.536901423,7.37,53.61333333,100,1.547419194,5.615671036,7.256384691,0.507,6.868,13.71876667,7.12206E+08,8.852605576,3.67482E-02,-1.434763699,1375.38342,4.912424232,41.16491997
ZABLANK1,ZABLANK1,blank,blank,blank,blank,blank,blank,blank,,,,,,,,,,,,,,,,,,
ZABLANK3,ZABLANK3,blank,blank,blank,blank,blank,blank,blank,,,,,,,,,,,,,,,,,,
ZABLANK4,ZABLANK4,blank,blank,blank,blank,blank,blank,blank,,,,,,,,,,,,,,,,,,
ZABLANK6,ZABLANK6,blank,blank,blank,blank,blank,blank,blank,,,,,,,,,,,,,,,,,,
ZABLANK7,ZABLANK7,blank,blank,blank,blank,blank,blank,blank,,,,,,,,,,,,,,,,,,
ZABLANK8,ZABLANK8,blank,blank,blank,blank,blank,blank,blank,,,,,,,,,,,,,,,,,,
ZB,ZB,blank,blank,blank,blank,blank,blank,blank,,,,,,,,,,,,,,,,,,
ZPCRBLANK1,ZPCRBLANK1,blank,blank,blank,blank,blank,blank,blank,,,,,,,,,,,,,,,,,,
ZPCRBLANK2,ZPCRBLANK2,blank,blank,blank,blank,blank,blank,blank,,,,,,,,,,,,,,,,,,
A0_swab,A0_swab,swab,swab,swab,A,DA,Initial,Initial,,,,,,,,,,,,,,,,,,
B5_swab,B5_swab,swab,swab,swab,B,DB,Bloat,Bloat,,,,,,,,,,,,,,,,,,
C21_swab,C21_swab,swab,swab,swab,C,DC,Active,Active,,,,,,,,,,,,,,,,,,
E558_swab,E558_swab,swab,swab,swab,E,E,Advanced1,Advanced,,,,,,,,,,,,,,,,,,
F75_swab,F75_swab,swab,swab,swab,F,F,Advanced2,Advanced,,,,,,,,,,,,,,,,,,
G94_swab,G94_swab,swab,swab,swab,G,G,Advanced3,Advanced,,,,,,,,,,,,,,,,,,
H110_swab,H110_swab,swab,swab,swab,H,H,Advanced4,Advanced,,,,,,,,,,,,,,,,,,
J126_swab,J126_swab,swab,swab,swab,J,J,Advanced5_transition,Advanced,,,,,,,,,,,,,,,,,,
K1589_swab,K1589_swab,swab,swab,swab,K,K,Skeletonization1,Skeletonization,,,,,,,,,,,,,,,,,,
M172_swab,M172_swab,swab,swab,swab,M,M,Skeletonization2,Skeletonization,,,,,,,,,,,,,,,,,,
N186_swab,N186_swab,swab,swab,swab,N,N,Skeletonization3,Skeletonization,,,,,,,,,,,,,,,,,,
R234_swab,R234_swab,swab,swab,swab,R,R,Skeletonization6,Skeletonization,,,,,,,,,,,,,,,,,,
S252_swab,S252_swab,swab,swab,swab,S,S,Skeletonization7,Skeletonization,,,,,,,,,,,,,,,,,,
T290_swab,T290_swab,swab,swab,swab,T,T,Skeletonization8,Skeletonization,,,,,,,,,,,,,,,,,,
V335_swab,V335_swab,swab,swab,swab,V,V,Skeletonization9,Skeletonization,,,,,,,,,,,,,,,,,,
W384_swab,W384_swab,swab,swab,swab,W,W,Skeletonization10,Skeletonization,,,,,,,,,,,,,,,,,,
