,Beijerinckiaceae,Mycobacteriaceae,Ktedonobacteraceae,Bryum argenteum var. argenteum,Burkholderiaceae,Micromonosporaceae,Opitutaceae,WD2101 soil group,Xanthobacteraceae,Chitinophagaceae,Micropepsaceae,Isosphaeraceae,Pirellulaceae,Nostocaceae,Acetobacteraceae,Devosiaceae,Unknown Family,Gemmataceae,Gemmatimonadaceae,67-14,Thermoanaerobaculaceae,Haliangiaceae,Hyphomonadaceae,Roseiflexaceae,Chthoniobacteraceae,Solibacteraceae (Subgroup 3),Phaselicystidaceae,Rhodanobacteraceae,Caulobacteraceae,Mitochondria,BIrii41,Nitrososphaeraceae,Pseudonocardiaceae,Nitrosomonadaceae,Sphingobacteriaceae,Kineosporiaceae,Caldilineaceae,Xanthomonadaceae,Koribacteraceae,Sandaracinaceae,Bacteria (Domain),Polyangiaceae,Acidobacteriaceae (Subgroup 1),Phycisphaeraceae,Nocardioidaceae,Sphingomonadaceae,Rhizobiaceae,Rubinisphaeraceae,Oligoflexaceae,Ambiguous_taxa,Reyranellaceae,Pedosphaeraceae,Solirubrobacteraceae,Steroidobacteraceae,Rhodocyclaceae,0319-6G20,JG30-KF-CM45,Legionellaceae,Spirochaetaceae,CPla-3 termite group,Nakamurellaceae,Chroococcidiopsaceae,Rhizobiales Incertae Sedis,Planoglabratella opercularis,Xiphinematobacteraceae,Dongiaceae,Micrococcaceae,Paenibacillaceae,A4b,Hyphomicrobiaceae,Microscillaceae,Cellvibrionaceae,Labraceae,Ilumatobacteraceae,Planctonema lauterbornii,Intrasporangiaceae,SC-I-84,Tepidisphaeraceae,A21b,Diplorickettsiaceae,TRA3-20,Blastocatellaceae,Acidothermaceae,Cytophagaceae,A0839,Coxiellaceae,Chloroflexaceae,Geminicoccaceae,Cryptosporangiaceae,Microbacteriaceae,B1-7BS,Paludibacteraceae,Bdellovibrionaceae,Ettlia pseudoalveolaris,AKIW781,Nitrospiraceae,Frankiaceae,Pyrinomonadaceae,Sporichthyaceae,Moraxellaceae,AKYH767,Microtrichaceae,Verrucomicrobiaceae,vadinBE97,Blfdi19,Rhodobacteraceae,Spongiibacteraceae,Terrimicrobiaceae,Clostridiaceae 1,SM2D12,Pseudomuriella schumacherensis,Alicyclobacillaceae,Kaistiaceae,Pseudomonadaceae,Gaiellaceae,Neisseriaceae,KF-JG30-B3,Chthonomonadaceae,Iamiaceae,env.OPS 17,Phormidiaceae,Coleofasciculaceae,Closteriopsis acicularis,JG30-KF-AS9,Fimbriimonadaceae,NS9 marine group,Geodermatophilaceae,Chlorosarcina brevispinosa,Solimonadaceae,Desulfarculaceae,Flavobacteriaceae,KD3-10,Gimesiaceae,Cellulomonadaceae,Pleomorphomonadaceae,Veillonellaceae,Anaerolineaceae,Coccomyxa sp. LA000219,Leptolyngbyaceae,Caedibacteraceae,Prolixibacteraceae,Deinococcaceae,Rikenellaceae,Vermiphilaceae,Peptostreptococcaceae,AB1,PBS-18,Lentimicrobiaceae,Dysgonomonadaceae,Kosmotogaceae,Streptomycetaceae,Simkaniaceae,Crocinitomicaceae,Rubritaleaceae,Parachlamydiaceae,KD3-93,Archangiaceae,Methylacidiphilaceae,Rhodospirillaceae,Holosporaceae,Thermomonosporaceae,bacterium LWQ8,Amoebophilaceae,Nocardiaceae,Hymenobacteraceae,Synergistaceae,Inquilinaceae,Paracaedibacteraceae,Cloacimonadaceae,Nannocystaceae,Weeksellaceae,37-13,Saprospiraceae,Parcubacteria bacterium C7867-006,Fibrobacteraceae,Rickettsiaceae,Syntrophobacteraceae,Bacillaceae,Rhodomicrobiaceae,Halieaceae,mle1-27,Acidobacteria bacterium Ellin7246,Elsteraceae,cvE6,Midichloriaceae,NS11-12 marine group,Woeseiaceae,Magnetospirillaceae,UBA12409,bacteriap25,Azospirillaceae,Chlamydiaceae,MSB-3C8,Bacteriovoracaceae,Lachnospiraceae,Latescibacteraceae,Heliobacteriaceae,Chitinibacteraceae,Hydrogenedensaceae,Enterobacteriaceae,P3OB-42,Halomonadaceae,Ignavibacteriaceae,Cyclobacteriaceae,Coccomyxa subellipsoidea C-169,Petrotogaceae,Methanosaetaceae,Saccharimonadaceae,Orbaceae,Lactobacillaceae,Tannerellaceae,Ruminococcaceae,Competibacteraceae,Staphylococcaceae,Victivallaceae,Desulfovibrionaceae,Spirosomaceae,Methanospirillaceae,Propionibacteriaceae,Methanobacteriaceae,Endomicrobiaceae,Family XI,Corynebacteriaceae,Geobacteraceae,Puniceicoccaceae,Porphyromonadaceae,Microcystaceae,CWT CU03-E12,actinobacterium BGR 88,Candidatus Adlerbacteria bacterium GW2011_GWC1_50_9,Actinospicaceae,Elliptochloris bilobata,Armatimonadaceae,unidentified rhodophyte PRD01a010B,Watanabea reniformis,Schlesneriaceae,Micavibrionaceae,Paradoxia multiseta,Coccomyxa simplex,bacterium enrichment culture clone auto73_4W,Piscirickettsiaceae,Methylopilaceae,Babeliaceae,Elusimicrobiaceae,Waddliaceae,Methanosarcinaceae,Pasteuriaceae,Clostridiales vadinBB60 group,Eosphagnum sp. BlS-2016,URHD0088,Nitrosotaleaceae,Methyloligellaceae,AKYG1722,Auxenochlorella protothecoides,Sneathiellaceae,Coelastrella sp. M60,Mycoplasmataceae,Leeiaceae,Sulfuricellaceae,Acidiferrobacteraceae,Rhodopirillaceae,Chitinimonadaceae,Leptospiraceae,Peptococcaceae,MSB-4B10,Thiovulaceae,Parvibaculaceae,Holophagaceae,009E01-B-SD-P15,Myxococcaceae,Thermosynechococcaceae,Glycomycetaceae,bacterium WX65,Thermoactinomycetaceae,candidate division TM7 bacterium JGI 0001002-L20,Parcubacteria group bacterium GW2011_GWA2_40_14,Criblamydiaceae,Xylochloris irregularis,Plasmopara viticola,Entotheonellaceae,Rubrobacteriaceae,Longimicrobiaceae,Streptosporangiaceae,Streptococcaceae,Ardenticatenaceae,Methanoregulaceae,Prevotellaceae,Christensenellaceae,Dermacoccaceae,Sulfurospirillaceae,Candidatus Falkowbacteria bacterium GW2011_GWF2_43_32,Family XII,Actinomycetaceae,Acholeplasmataceae,Rhodothermaceae,Cupressus chengiana,Tetrabaena socialis,Alteromonadaceae,Herpetosiphonaceae,Chromatiaceae,Syntrophorhabdaceae,Eubacteriaceae,Methylococcaceae,Pasteurellaceae,Cryomorphaceae,bacterium enrichment culture clone JCA3,Arcobacteraceae,Family XIII,Acidaminococcaceae,Erysipelotrichaceae,Leptotrichiaceae,Bifidobacteriaceae,Omnitrophaceae,Carnobacteriaceae,GWF2-44-16,Methylophilaceae,Methylomonaceae,anaerobic bacterium MO-CFX2,Marinifilaceae,Aerococcaceae,Acetobacterales Incertae Sedis,Bacteroidaceae,Hydrogenophilaceae,Arachis hypogaea var. vulgaris,Demequinaceae,Pseudohongiellaceae,Bacteroidetes vadinHA17,Thermoanaerobacteraceae
Sp1,57.89473684210525,31.57894736842107,10.526315789473685,0.0,0.0,0.0,0.0,0.0,0.0,0.0,0.0,0.0,0.0,0.0,0.0,0.0,0.0,0.0,0.0,0.0,0.0,0.0,0.0,0.0,0.0,0.0,0.0,0.0,0.0,0.0,0.0,0.0,0.0,0.0,0.0,0.0,0.0,0.0,0.0,0.0,0.0,0.0,0.0,0.0,0.0,0.0,0.0,0.0,0.0,0.0,0.0,0.0,0.0,0.0,0.0,0.0,0.0,0.0,0.0,0.0,0.0,0.0,0.0,0.0,0.0,0.0,0.0,0.0,0.0,0.0,0.0,0.0,0.0,0.0,0.0,0.0,0.0,0.0,0.0,0.0,0.0,0.0,0.0,0.0,0.0,0.0,0.0,0.0,0.0,0.0,0.0,0.0,0.0,0.0,0.0,0.0,0.0,0.0,0.0,0.0,0.0,0.0,0.0,0.0,0.0,0.0,0.0,0.0,0.0,0.0,0.0,0.0,0.0,0.0,0.0,0.0,0.0,0.0,0.0,0.0,0.0,0.0,0.0,0.0,0.0,0.0,0.0,0.0,0.0,0.0,0.0,0.0,0.0,0.0,0.0,0.0,0.0,0.0,0.0,0.0,0.0,0.0,0.0,0.0,0.0,0.0,0.0,0.0,0.0,0.0,0.0,0.0,0.0,0.0,0.0,0.0,0.0,0.0,0.0,0.0,0.0,0.0,0.0,0.0,0.0,0.0,0.0,0.0,0.0,0.0,0.0,0.0,0.0,0.0,0.0,0.0,0.0,0.0,0.0,0.0,0.0,0.0,0.0,0.0,0.0,0.0,0.0,0.0,0.0,0.0,0.0,0.0,0.0,0.0,0.0,0.0,0.0,0.0,0.0,0.0,0.0,0.0,0.0,0.0,0.0,0.0,0.0,0.0,0.0,0.0,0.0,0.0,0.0,0.0,0.0,0.0,0.0,0.0,0.0,0.0,0.0,0.0,0.0,0.0,0.0,0.0,0.0,0.0,0.0,0.0,0.0,0.0,0.0,0.0,0.0,0.0,0.0,0.0,0.0,0.0,0.0,0.0,0.0,0.0,0.0,0.0,0.0,0.0,0.0,0.0,0.0,0.0,0.0,0.0,0.0,0.0,0.0,0.0,0.0,0.0,0.0,0.0,0.0,0.0,0.0,0.0,0.0,0.0,0.0,0.0,0.0,0.0,0.0,0.0,0.0,0.0,0.0,0.0,0.0,0.0,0.0,0.0,0.0,0.0,0.0,0.0,0.0,0.0,0.0,0.0,0.0,0.0,0.0,0.0,0.0,0.0,0.0,0.0,0.0,0.0,0.0,0.0,0.0,0.0,0.0,0.0,0.0,0.0,0.0,0.0,0.0,0.0,0.0,0.0,0.0,0.0,0.0,0.0,0.0,0.0,0.0,0.0,0.0,0.0,0.0,0.0,0.0,0.0
Sp2,1.4489650235267058,0.6316916488544125,0.039257673019193126,10.4139900189128,6.381156321848752,4.043540325704657,4.025695933605517,3.5403283340039677,3.404710921665307,3.2226980728489245,3.162027123637444,2.9264810831584027,2.5910064228125704,2.287651680300993,2.062812279100037,2.019985726715462,2.0092790874373776,1.8558172699982203,1.7630264076802504,1.6523911508992584,1.6059957191493026,1.4346895072471224,1.3954318342279293,1.370449678670261,1.324054245738364,1.0778015683451203,1.0599571738820972,1.0492505357859536,1.0421127758732498,1.0242683790463438,0.9850107072090922,0.9600285516514238,0.9600285516514238,0.9100642393541456,0.8565310500553692,0.827980013950378,0.7887223409311851,0.7851534627477452,0.7637401853735167,0.749464667911992,0.6423982857686148,0.6423982857686148,0.5995717333840404,0.5817273377390759,0.5745895790083135,0.5603140615467888,0.5174875091622144,0.5139186309787747,0.5067808698841294,0.4782298361430213,0.46395431749955507,0.44254104130726796,0.4354032825765054,0.4104211282007786,0.40685224883539745,0.36759457463426287,0.3675945746342628,0.34618129962391714,0.32833690279701117,0.314061384153545,0.30692362542278256,0.29621698850858047,0.296216987326639,0.2926481091431993,0.2926481091431993,0.2712348329509121,0.2676659535855309,0.2640970742201497,0.2569593143074459,0.2533904349420647,0.24268379684592112,0.23911491748053992,0.23911491748053992,0.23554603811515876,0.231977159931719,0.23197715874977753,0.22483940001901512,0.2141327619228716,0.21056388255749037,0.21056388255749037,0.21056388255749037,0.1962883650959656,0.1962883650959656,0.1962883650959656,0.1927194857305844,0.17130620953829725,0.16773733017291606,0.16773733017291606,0.16416845080753487,0.13918629524986653,0.1356174158844853,0.12491077778834174,0.12491077778834174,0.12491077778834174,0.11777301905757938,0.11420413969219817,0.11420413969219817,0.1070663809614358,0.0963597428652922,0.092790863499911,0.092790863499911,0.08565310476914863,0.08208422540376743,0.07494646667300504,0.06780870794224265,0.06780870794224265,0.06423982857686147,0.06423982857686147,0.06423982857686147,0.06067094921148028,0.06067094921148028,0.06067094921148028,0.057102069846099085,0.057102069846099085,0.0535331904807179,0.0535331904807179,0.0499643111153367,0.0499643111153367,0.0499643111153367,0.0463954317499555,0.0463954317499555,0.0463954317499555,0.042826552384574314,0.042826552384574314,0.039257673019193126,0.039257673019193126,0.035688793653811925,0.035688793653811925,0.03211991428843074,0.03211991428843074,0.028551034923049542,0.028551034923049542,0.028551034923049542,0.02498215555766835,0.02498215555766835,0.02498215555766835,0.02498215555766835,0.021413276192287157,0.017844396826905962,0.017844396826905962,0.017844396826905962,0.017844396826905962,0.014275517461524771,0.014275517461524771,0.014275517461524771,0.010706638096143578,0.010706638096143578,0.007137758730762386,0.007137758730762386,0.0,0.0,0.0,0.0,0.0,0.0,0.0,0.0,0.0,0.0,0.0,0.0,0.0,0.0,0.0,0.0,0.0,0.0,0.0,0.0,0.0,0.0,0.0,0.0,0.0,0.0,0.0,0.0,0.0,0.0,0.0,0.0,0.0,0.0,0.0,0.0,0.0,0.0,0.0,0.0,0.0,0.0,0.0,0.0,0.0,0.0,0.0,0.0,0.0,0.0,0.0,0.0,0.0,0.0,0.0,0.0,0.0,0.0,0.0,0.0,0.0,0.0,0.0,0.0,0.0,0.0,0.0,0.0,0.0,0.0,0.0,0.0,0.0,0.0,0.0,0.0,0.0,0.0,0.0,0.0,0.0,0.0,0.0,0.0,0.0,0.0,0.0,0.0,0.0,0.0,0.0,0.0,0.0,0.0,0.0,0.0,0.0,0.0,0.0,0.0,0.0,0.0,0.0,0.0,0.0,0.0,0.0,0.0,0.0,0.0,0.0,0.0,0.0,0.0,0.0,0.0,0.0,0.0,0.0,0.0,0.0,0.0,0.0,0.0,0.0,0.0,0.0,0.0,0.0,0.0,0.0,0.0,0.0,0.0,0.0,0.0,0.0,0.0,0.0,0.0,0.0,0.0,0.0,0.0,0.0,0.0,0.0,0.0,0.0,0.0,0.0,0.0,0.0,0.0,0.0,0.0,0.0,0.0,0.0,0.0,0.0,0.0,0.0,0.0,0.0,0.0,0.0,0.0,0.0,0.0,0.0,0.0,0.0,0.0,0.0,0.0,0.0,0.0,0.0
Sp3,0.0,0.0,0.0,0.0,0.0,0.0,0.0,0.0,0.0,0.0,0.0,0.0,0.0,0.0,0.0,0.0,0.0,0.0,0.0,0.0,0.0,0.0,0.0,0.0,0.0,0.0,0.0,0.0,0.0,0.0,0.0,0.0,0.0,0.0,0.0,0.0,0.0,0.0,0.0,0.0,0.0,0.0,0.0,0.0,0.0,0.0,0.0,0.0,0.0,0.0,0.0,0.0,0.0,0.0,0.0,0.0,0.0,0.0,18.181818181818183,0.0,0.0,0.0,0.0,0.0,0.0,0.0,0.0,0.0,0.0,0.0,0.0,0.0,0.0,0.0,0.0,0.0,0.0,0.0,0.0,0.0,0.0,0.0,0.0,0.0,0.0,0.0,0.0,0.0,0.0,0.0,0.0,0.0,0.0,0.0,0.0,0.0,0.0,0.0,0.0,0.0,0.0,0.0,0.0,0.0,0.0,0.0,0.0,0.0,0.0,0.0,0.0,0.0,0.0,0.0,0.0,0.0,0.0,0.0,0.0,0.0,0.0,0.0,0.0,0.0,0.0,0.0,0.0,0.0,0.0,0.0,0.0,0.0,0.0,0.0,0.0,0.0,0.0,0.0,0.0,0.0,18.181818181818183,0.0,0.0,0.0,0.0,0.0,0.0,0.0,27.27272727272727,36.36363636363637,0.0,0.0,0.0,0.0,0.0,0.0,0.0,0.0,0.0,0.0,0.0,0.0,0.0,0.0,0.0,0.0,0.0,0.0,0.0,0.0,0.0,0.0,0.0,0.0,0.0,0.0,0.0,0.0,0.0,0.0,0.0,0.0,0.0,0.0,0.0,0.0,0.0,0.0,0.0,0.0,0.0,0.0,0.0,0.0,0.0,0.0,0.0,0.0,0.0,0.0,0.0,0.0,0.0,0.0,0.0,0.0,0.0,0.0,0.0,0.0,0.0,0.0,0.0,0.0,0.0,0.0,0.0,0.0,0.0,0.0,0.0,0.0,0.0,0.0,0.0,0.0,0.0,0.0,0.0,0.0,0.0,0.0,0.0,0.0,0.0,0.0,0.0,0.0,0.0,0.0,0.0,0.0,0.0,0.0,0.0,0.0,0.0,0.0,0.0,0.0,0.0,0.0,0.0,0.0,0.0,0.0,0.0,0.0,0.0,0.0,0.0,0.0,0.0,0.0,0.0,0.0,0.0,0.0,0.0,0.0,0.0,0.0,0.0,0.0,0.0,0.0,0.0,0.0,0.0,0.0,0.0,0.0,0.0,0.0,0.0,0.0,0.0,0.0,0.0,0.0,0.0,0.0,0.0,0.0,0.0,0.0,0.0,0.0,0.0,0.0,0.0,0.0,0.0,0.0,0.0,0.0,0.0,0.0,0.0,0.0,0.0,0.0,0.0,0.0,0.0,0.0,0.0,0.0,0.0,0.0,0.0,0.0,0.0,0.0,0.0,0.0,0.0,0.0
Sp4,1.2470676758287973,0.8564599654760318,0.017704598769530393,0.0,4.564466870269554,1.2260434647899792,1.4064090647545702,3.7135395919089977,6.30505023679901,6.754304430575838,7.703713539591906,1.2902226353295272,2.179878723498428,0.04979418403930428,1.1784623555968659,2.3580312486168253,1.6288230867967952,1.5469393174877177,1.2061257911742573,1.14194662063471,0.8531403532067456,1.113176647634223,1.3300579825609706,0.14938255211791318,3.4037091134422153,3.599566237330147,0.16044792634886912,2.031602708803612,2.189837560306289,0.0,0.8465011286681706,0.0,0.8542468906298413,1.7715664143761332,3.3395299429026677,0.23126632142699075,0.19364404904173863,0.4957287655468502,0.28769973000486876,0.5278183508166243,1.8822201566856989,0.2157747975036517,0.9837117691320315,0.15602177665648653,0.8830168636303284,2.573806046120477,0.927278360554153,0.22130748461912983,0.030983047846678158,0.012171911654052157,0.9294914354003451,1.3422298942150226,1.1607577568273357,0.1549152392333908,0.10733413004027795,0.16930022573363426,0.37954233612180766,0.10733413004027792,0.4005665471606247,0.3153631655822598,0.11839950427123445,0.0,0.3120435533129729,0.0,0.4835568538927984,1.89992475545523,0.04979418403930416,0.31204355331297295,0.4813437790466073,0.2589297570043819,0.5112202894701899,0.008852299384765195,0.15712831407958225,0.4448280440844509,0.0,0.14274332757933889,0.9726463949010756,0.17261983800292116,0.27110166865843405,0.2301597840038951,0.2633559066967645,0.9151064489001008,0.3386004514672689,0.1615544637719649,0.4105253839684862,0.017704598769530393,0.01659806134643468,0.05532687115478251,0.10733413004027795,0.42822998273801566,0.0,0.021024211038817336,0.05200725888549543,0.0,0.07635108219359979,0.22130748461912964,0.28216704288939043,0.1980701987341211,0.4769176293542245,0.12725180365599964,0.09626875580932145,0.04204842207763465,0.15491523923339076,0.0,0.014384986500243441,0.0,0.0,0.19143097419554728,0.06749878280883463,0.07635108219359979,0.0,0.0,0.028769973000486834,0.6694551409728678,0.1117602797326606,0.022130748461912986,0.23126632142699047,0.122825653963617,0.3142566281591638,0.39724693489133855,0.0,0.024343823308104313,0.0,0.07524454477050418,0.08852299384765193,0.04315495950073043,0.05200725888549549,0.0,0.18589828708006909,0.0708183950781216,0.30429779135130364,0.0,0.0,0.038728809808347676,0.0,0.0,0.07524454477050414,0.0,0.005532687115478246,0.005532687115478246,0.018811136192626005,0.0,0.03208958526977378,0.01659806134643468,0.0,0.0,0.0,0.02434382330810425,0.059753020847164995,0.09958836807860845,0.31204355331297307,0.2268401717346076,0.18811136192626038,0.18036559996459076,0.1648740760412518,0.1283583410790953,0.122825653963617,0.12061257911742572,0.09958836807860845,0.07856415703979101,0.061966095693356316,0.06085955827026065,0.05311379630859116,0.05200725888549549,0.04758110919311296,0.04758110919311287,0.04536803434692164,0.04426149692382597,0.04315495950073032,0.04094188465453899,0.03872880980834779,0.03651573496215647,0.026556898154295634,0.025450360731199984,0.025450360731199974,0.024343823308104334,0.02323728588500865,0.02323728588500865,0.022130748461913024,0.021024211038817325,0.01991767361572169,0.01770459876953034,0.01659806134643468,0.01549152392333909,0.01438498650024348,0.008852299384765195,0.008852299384765195,0.008852299384765195,0.006639224538573896,0.006639224538573896,0.005532687115478246,0.005532687115478246,0.004426149692382597,0.003319612269286948,0.0022130748461912987,0.0022130748461912987,0.0022130748461912987,0.0,0.0,0.0,0.0,0.0,0.0,0.0,0.0,0.0,0.0,0.0,0.0,0.0,0.0,0.0,0.0,0.0,0.0,0.0,0.0,0.0,0.0,0.0,0.0,0.0,0.0,0.0,0.0,0.0,0.0,0.0,0.0,0.0,0.0,0.0,0.0,0.0,0.0,0.0,0.0,0.0,0.0,0.0,0.0,0.0,0.0,0.0,0.0,0.0,0.0,0.0,0.0,0.0,0.0,0.0,0.0,0.0,0.0,0.0,0.0,0.0,0.0,0.0,0.0,0.0,0.0,0.0,0.0,0.0,0.0,0.0,0.0,0.0,0.0,0.0,0.0,0.0,0.0,0.0,0.0,0.0,0.0,0.0,0.0,0.0,0.0,0.0,0.0,0.0,0.0,0.0,0.0,0.0,0.0,0.0,0.0,0.0,0.0,0.0,0.0,0.0,0.0,0.0,0.0,0.0,0.0,0.0,0.0,0.0,0.0,0.0,0.0,0.0,0.0,0.0,0.0,0.0,0.0,0.0,0.0,0.0,0.0,0.0,0.0,0.0,0.0,0.0,0.0,0.0,0.0,0.0
Sp5,0.5244546856976287,1.7005045889825505,0.1907107950976976,0.13111367142440716,8.470737811119296,2.7891453776196276,3.198378957694857,5.602129605584348,3.9294370021027523,3.5798005478902524,3.4447137336469438,0.8899837079015762,2.236878699852725,0.04767769959546417,1.3945726893571737,2.693789979523419,0.66351463947568,1.7521554259233179,8.152886486321373,1.581310341635969,0.08343597292366269,1.3031904340798666,2.0263021994182764,1.4501966713062822,2.3203146727763877,1.1919424690869298,0.6754340657429456,2.3600460900182076,1.3230561405113372,0.023838850345091932,0.1827645116493336,0.055623981949108454,0.5562398183963648,1.0052048157134144,1.6687194573785338,0.2622273428488143,0.7707894627444346,1.3151098559682535,0.0,0.6635146405703997,0.3734753067470312,0.3257976082462868,0.055623981949108454,0.14700623832113513,0.24633477704680604,1.8514839690278677,0.8939568507204778,0.21852278497753214,0.4370455721445036,0.5165084033439843,0.5959712334487454,0.36155588266920496,0.2701736262971783,0.16687194584732537,0.1072748221740349,0.09138225637202665,1.1641304781123756,0.027811990974554227,0.5681592435689108,0.6277563661474815,0.4370455721445036,0.0,1.0131510991617785,0.0,1.176049902190202,0.17084508647678764,0.0,0.08343597292366269,1.2316738841393104,0.17879136992515166,0.520481546162886,0.12714052970022516,0.7151654818900459,0.01589256580200826,0.0,0.10727482217403493,1.104533355533805,0.7072191984416819,0.04767769850074447,0.16687194584732537,0.15892566349368106,1.2118081766131203,0.0,0.031785132698736215,0.1509793789505974,0.0,0.2304422101500781,0.031785132698736215,0.1470062372264154,0.2185227860722518,0.0,0.1430330965969531,0.0,0.0,0.2503079198657077,0.023838849250372236,0.12714052970022519,0.17879136992515166,0.0,0.05959712257857074,0.13508681314858914,0.055623981949108454,0.3099050413495588,0.09932853872567093,0.055623981949108454,0.0,0.0,0.4886964134641498,0.11124796389821691,0.27414676802136023,0.0,0.0,0.0,3.5917199730627987,0.0,0.06357026539747243,0.0,0.2622273428488143,0.0,0.03973141614710019,0.0,0.0,0.0,0.0715165488458364,0.0715165477511167,0.13905995487277112,0.0,0.0,0.0357582744229182,0.0357582744229182,0.5721323852930927,0.01589256580200826,0.0,0.0,0.09535539809620865,0.04370455677656248,0.04370455787128218,0.0,0.031785132698736215,0.0,0.0,0.01589256580200826,0.011919425172545966,0.007946283448363978,0.0,0.0,0.01589256580200826,0.0,0.031785132698736215,0.0,0.0,0.011919425172545966,0.011919425172545966,0.09932853872567093,0.11124796389821691,0.05165084022492646,0.0,0.15495252176949909,0.031785132698736215,0.0,0.0,0.0,0.0,0.0,0.0,0.0,0.0,0.1907107950976976,0.0,0.0,0.06357026539747243,0.031785132698736215,0.019865707526190247,0.0,0.0,0.011919425172545966,0.0,0.0,0.0,0.0,0.0,0.0,0.0,0.0,0.0,0.0,0.0,0.0,0.0,0.0,0.0,0.0,0.0,0.0357582744229182,0.0,0.0,0.0,0.11919424734658088,0.08740911464784466,0.0715165477511167,0.05959712367329044,0.023838849250372236,0.023838849250372236,0.011919425172545966,0.007946283448363978,0.007946283448363978,0.007946283448363978,0.0,0.0,0.0,0.0,0.0,0.0,0.0,0.0,0.0,0.0,0.0,0.0,0.0,0.0,0.0,0.0,0.0,0.0,0.0,0.0,0.0,0.0,0.0,0.0,0.0,0.0,0.0,0.0,0.0,0.0,0.0,0.0,0.0,0.0,0.0,0.0,0.0,0.0,0.0,0.0,0.0,0.0,0.0,0.0,0.0,0.0,0.0,0.0,0.0,0.0,0.0,0.0,0.0,0.0,0.0,0.0,0.0,0.0,0.0,0.0,0.0,0.0,0.0,0.0,0.0,0.0,0.0,0.0,0.0,0.0,0.0,0.0,0.0,0.0,0.0,0.0,0.0,0.0,0.0,0.0,0.0,0.0,0.0,0.0,0.0,0.0,0.0,0.0,0.0,0.0,0.0,0.0,0.0,0.0,0.0,0.0,0.0,0.0,0.0,0.0,0.0,0.0,0.0,0.0,0.0,0.0,0.0,0.0,0.0,0.0,0.0,0.0,0.0,0.0,0.0,0.0,0.0,0.0,0.0,0.0,0.0
Sp6,5.468804951973379,80.75191672351774,0.0,0.0,5.9928254911730034,0.0,0.014067665773504575,0.0,0.2743194760147593,0.23563339640081016,0.0,0.014067665773504575,0.07385524354243521,0.0,0.0,0.0,0.0,0.0,0.0,0.0,0.0,0.010550749077490743,0.0,0.0,0.021101498154981486,0.0,0.0,0.0,0.0,0.09143982601195359,0.0,0.0,0.0,0.0,0.2145318982458287,0.0,0.0,0.14067665470339347,0.0,0.0,0.017584581458967654,0.0,0.0,0.0,0.0,0.18991348339483335,0.12309207324442584,0.007033832381476912,0.0,0.08792290931593978,0.13012590562590273,0.0,0.0,0.0,0.0,0.010550749077490743,0.0,0.0,1.8604487583765876,0.0,0.0,0.021101498154981486,0.0,0.0,0.0,0.0,0.0,0.0,0.0,0.0,0.0,0.0,0.0,0.0,0.0,0.3235563057167499,0.0,0.0,0.0,0.0,0.0,0.0,0.0,0.0,0.0,0.0,0.0,0.0,0.0,0.0,0.0,0.10199057508944434,0.0,0.0,0.0,0.0,0.0,0.0,0.0,0.07737215922789828,0.0,0.0,0.0,0.014067665773504575,0.0,0.017584581458967654,0.0,0.0,0.2672856436332824,0.0,0.0,0.0,0.0,1.083210241317185,0.0,0.07385524354243521,0.0,0.0,0.0,0.007033832381476912,0.0,0.0,0.0,0.0,0.0,0.0,0.0,0.0,0.0,0.0,0.007033832381476912,0.0,0.0,0.0,0.028135330536458395,0.13715973800737966,0.021101498154981486,0.0,0.0,0.0,0.06330449446494446,0.03165224723247223,0.33410705378368993,0.0,0.0,0.0,0.0,0.3270732224127638,0.15122740378088426,0.0,0.0,0.0,0.0,0.0,0.0,0.0,0.0,0.0,0.0,0.0,0.0,0.0,0.0,0.0,0.0,0.035169163928486055,0.0,0.0,0.0,0.0,0.0,0.0,0.0,0.0,0.0,0.0,0.0,0.0,0.0,0.0,0.0,0.0,0.0,0.0,0.0,0.0,0.0,0.0,0.0,0.0,0.0,0.0,0.0,0.0,0.0,0.0,0.0,0.0,0.0,0.017584581458967654,0.0,0.0,0.05627066208346755,0.0,0.0,0.028135330536458395,0.014067665773504575,0.27431947702531007,0.15826123717291188,0.12309207324442584,0.09143982500140284,0.05627066208346754,0.0457199130059768,0.03868607961394914,0.035169163928486055,0.03165224723247223,0.02813533154700915,0.024618414850995318,0.017584581458967654,0.017584581458967654,0.017584581458967654,0.017584581458967654,0.010550749077490743,0.010550749077490743,0.010550749077490743,0.010550749077490743,0.010550749077490743,0.0,0.0,0.0,0.0,0.0,0.0,0.0,0.0,0.0,0.0,0.0,0.0,0.0,0.0,0.0,0.0,0.0,0.0,0.0,0.0,0.0,0.0,0.0,0.0,0.0,0.0,0.0,0.0,0.0,0.0,0.0,0.0,0.0,0.0,0.0,0.0,0.0,0.0,0.0,0.0,0.0,0.0,0.0,0.0,0.0,0.0,0.0,0.0,0.0,0.0,0.0,0.0,0.0,0.0,0.0,0.0,0.0,0.0,0.0,0.0,0.0,0.0,0.0,0.0,0.0,0.0,0.0,0.0,0.0,0.0,0.0,0.0,0.0,0.0,0.0,0.0,0.0,0.0,0.0,0.0,0.0,0.0,0.0,0.0,0.0,0.0,0.0,0.0,0.0,0.0,0.0,0.0,0.0,0.0,0.0,0.0,0.0,0.0,0.0,0.0,0.0
Sp7,2.5259573526793715,1.7137434410456633,0.005582226599876576,0.01814223514630257,4.873283464589064,0.11722674947433397,1.6467567296669225,6.127888796467397,2.7562241829814282,1.7737523717811516,0.8792006230124492,3.560064756018618,1.3899743217121556,0.0,3.814056042853669,0.03349335699266685,3.834989392603206,3.4107401983818093,0.02232890509621,0.0,0.004186669949907432,0.2121245925491616,0.0,0.0,3.9368650241410648,9.376744445608823,0.01256000854642599,0.2456179521484211,2.234286034991858,3.8266160553099837,0.0,0.009768895246487703,0.10048007097800053,0.0,1.5853522396748727,0.0,0.002791113299938288,0.1535112197669391,0.01953779179627171,0.0,0.902925096488295,1.3620631900160691,4.013620630766294,0.0,0.01953779179627171,0.15211566311696997,0.04605336553909284,0.0,0.09210673368477829,0.614044881674349,0.2679468572446311,4.576029921604969,2.4478061881008775,0.0,0.0,0.6935916029028124,0.0,0.5554315049822376,0.16746678626663056,0.0,0.0,0.0,0.0,0.0,0.3474935797763908,0.0,0.0,0.026515573742821125,0.0,0.0,0.0,0.0,0.0,0.0,0.0,0.0,0.0,0.0,0.0,3.2195489542788884,0.0,0.0,4.1782962985198,1.4262587920047607,0.0,0.0865245057816054,0.0,0.006977783249845719,0.0,0.06838227063530283,0.0,0.04605336684238914,0.45076476666092224,0.0,0.0,0.0,0.18840013340957512,0.01256000854642599,0.1465334378203897,0.35307580637626734,0.0,0.0,0.2735290838445077,0.01535112184636428,0.0,0.0,0.0,0.051635593442265725,0.043262253542450856,1.292285362730797,0.0,0.0,0.0,0.11722674947433397,0.0,0.016746678496333427,0.0,2.500837332979927,0.004186669949907432,0.12560008937414882,0.0,0.0,0.0,0.0,0.5093781420497373,0.0,0.0,0.0,1.4541699237008476,0.0,0.009768895246487703,0.005582226599876576,0.18840013340957507,0.0,0.041866695589185404,0.008373339899814864,0.01953779179627171,0.032097800342697706,0.0,0.0,0.01256000854642599,0.0,0.027911130392790272,0.018142235146302567,0.0,0.005582226599876576,0.0,0.009768896549784009,0.01535112184636428,0.0,0.0544267054389077,0.15072010777029712,0.0,0.009768895246487703,0.09350228903145112,0.0,0.16048900301678484,2.27196605932784,0.07256894058521027,0.02930668834605572,0.0,0.0,0.004186669949907432,0.0,0.0,0.0,0.2916713189908102,0.22189348909894563,0.0,0.0,0.03628447029260514,0.28329797909099536,0.0,0.0,0.0,0.6517249086169233,0.0,0.0,0.0,0.0,0.03628447029260514,0.0,0.06419560068539541,0.11304008082772285,0.14095121122051313,0.0,0.0,0.34888913772965624,0.012560009849722298,0.0,0.01535112184636428,0.0,0.0,0.0,0.0,0.0,0.0,0.0,0.0,0.0,0.15072010646700082,0.0,0.006977783249845719,0.0,0.0,0.0,0.0,0.025120018396148285,0.0,0.0,0.004186669949907432,0.004186669949907432,0.0,0.009768895246487703,0.0,0.0,0.0,0.0,0.0,0.0,0.0,0.0,0.0,0.0,0.0,0.0,0.0,0.42983141691138504,0.16048900301678484,0.1535112197669391,0.1339734292739637,0.05861337538881514,0.043262253542450856,0.04186669689248171,0.04186669689248171,0.04047113893921626,0.026515575046117432,0.025120018396148285,0.01953779179627171,0.013955565196395136,0.01256000854642599,0.01256000854642599,0.009768895246487703,0.005582226599876576,0.004186669949907432,0.004186669949907432,0.004186669949907432,0.002791113299938288,0.0,0.0,0.0,0.0,0.0,0.0,0.0,0.0,0.0,0.0,0.0,0.0,0.0,0.0,0.0,0.0,0.0,0.0,0.0,0.0,0.0,0.0,0.0,0.0,0.0,0.0,0.0,0.0,0.0,0.0,0.0,0.0,0.0,0.0,0.0,0.0,0.0,0.0,0.0,0.0,0.0,0.0,0.0,0.0,0.0,0.0,0.0,0.0,0.0,0.0,0.0,0.0,0.0,0.0,0.0,0.0,0.0,0.0,0.0,0.0,0.0,0.0,0.0,0.0,0.0,0.0,0.0,0.0,0.0,0.0,0.0,0.0,0.0,0.0,0.0,0.0,0.0,0.0,0.0,0.0
Sp8,2.184587219220605,1.202563249156556,1.1984021306569572,0.0,17.02313583730856,0.0,0.8904793616866377,4.277629821746388,5.629993345205916,3.6493009296931875,5.330392811848559,4.057090544040117,3.878162449943598,0.0,4.452396804274483,1.169274302546,1.256657791037577,3.8615179731727323,0.11651131798876958,0.21221704347954462,0.24550599147633592,2.783788284549084,0.3245672429687153,0.2746338223597633,2.1554593869509424,4.002996003545331,0.0,1.3398801596433203,1.0486018618989261,0.08738348849157719,0.4244340883453243,0.07906125149237936,0.42859520684492314,1.797603195985436,1.0985352852803483,0.29543941485775793,0.09986684399037392,0.19141145098155002,0.21637816197914353,0.04161118499598914,0.2746338209735283,0.09986684399037392,1.2025632477703212,0.09986684399037392,0.25798934836136767,0.16644473998395654,0.31624500596951743,0.05409454049478588,0.0,3.320572572383578,0.4702063904546772,1.74350865271818,0.7947736348096276,0.3745006649639022,0.13315579198716526,0.10818908098957176,0.05409454049478588,0.11235019948917069,0.07490013299278045,0.628328894825671,0.20389480648034677,0.0,1.1443075915484064,0.0,1.3565246350279512,0.3828229033493351,0.0,0.0,0.2663115839743305,0.386984020462699,0.3037616504707207,0.0,0.13315579198716526,0.0,0.04577230349558805,0.0,0.11235019948917069,0.0,0.12067243648836848,0.31208388746991855,0.1498002659855609,0.1498002659855609,0.36201731085134053,0.07906125149237936,0.27047270247392935,0.04161118499598914,0.0,0.0,0.2663115853605655,0.14563914748596196,0.22886151886417527,0.016644473998395658,0.05409454049478587,0.0,0.0,0.13315579198716523,0.5534287604466556,0.0,0.628328896211906,0.0,0.05825565899438479,0.0,0.11651131798876958,0.0,0.033288947996791315,0.0,0.0,0.08322236999197828,0.0,0.2538282284755337,0.0,0.0,0.0,0.10818908098957176,0.02080559249799457,0.0,0.0,0.28295605797272616,0.09570572549077501,0.16644473998395656,0.0,0.0,0.0,0.24134487297673696,0.17892809548275326,0.0,0.0,0.0,0.22470039897834138,0.0915446069911761,0.04993342199518696,0.01248335549879674,0.06657789599358263,0.029127829497192396,0.0,0.0,0.08738348849157719,0.0,0.0,0.0,0.01248335549879674,0.0,0.0,0.07906125149237936,0.0,0.0,0.0,0.0,0.0,0.0,0.0,0.0,0.0,0.0,0.07490013299278046,0.0,0.02496671099759348,0.09986684399037392,0.10818908098957176,0.0,0.0,0.0,0.016644473998395658,0.0,0.0,0.0,0.20389480648034677,0.09570572549077501,0.0,0.0,0.0,0.04161118499598914,0.0,0.0,0.07073901449318153,0.07906125149237936,0.0,0.02496671099759348,0.0,0.0,0.0,0.04993342199518696,0.14147802898636305,0.07073901449318154,0.01248335549879674,0.0,0.0,0.037450066496390225,0.0,0.0,0.0,0.0,0.0,0.029127829497192396,0.0,0.0,0.0,0.0,0.01248335549879674,0.0,0.0,0.01248335549879674,0.0,0.0,0.0,0.0,0.0,0.02080559249799457,0.02496671099759348,0.029127829497192396,0.0,0.0,0.0,0.0,0.0,0.0,0.0,0.0,0.0,0.0,0.0,0.0,0.0,0.0,0.0,0.0,0.0,0.04993342199518696,0.0,0.0,0.0,0.0,0.0,0.0,0.0,0.0,0.016644473998395658,0.0,0.0,0.0,0.0,0.0,0.0,0.0,0.0,0.0,0.0,0.0,0.3828229033493351,0.2663115853605655,0.14563914748596196,0.029127829497192396,0.02496671099759348,0.016644473998395658,0.016644473998395658,0.008322236999197829,0.008322236999197829,0.0,0.0,0.0,0.0,0.0,0.0,0.0,0.0,0.0,0.0,0.0,0.0,0.0,0.0,0.0,0.0,0.0,0.0,0.0,0.0,0.0,0.0,0.0,0.0,0.0,0.0,0.0,0.0,0.0,0.0,0.0,0.0,0.0,0.0,0.0,0.0,0.0,0.0,0.0,0.0,0.0,0.0,0.0,0.0,0.0,0.0,0.0,0.0,0.0,0.0,0.0,0.0,0.0,0.0,0.0,0.0,0.0,0.0,0.0,0.0,0.0,0.0,0.0,0.0,0.0,0.0,0.0,0.0,0.0,0.0,0.0
Sp9,1.2804384940246185,0.4582621978614433,0.7053643633749659,0.0,10.149159852637258,4.834216910773654,2.9202983197052745,4.506244945637523,3.149429418635996,3.0371102524934854,0.5571030640668525,3.7649384490969537,2.01275945727379,1.8914547578398777,1.680294725491958,2.1700062898732977,0.7053643633749657,6.514511636265611,3.8592865486566623,0.21565279899362025,0.44478389792434214,0.49420433102704614,0.9749303621169905,1.2984095606074215,1.1591337945907083,5.341899541737801,0.08086979962260757,1.4197142600413326,0.8940605624943839,0.0,0.7143498966663674,0.0,0.3998562314673373,2.0172522239194897,0.08086979962260757,0.9120316290771853,0.5301464641926489,0.8671039626201807,0.0,0.2381166322221223,2.8304429867912653,0.7592775631233719,0.27405876538772617,0.21565279899362025,0.5031898643184479,0.5301464641926497,0.35492856501033304,0.14826129930811385,0.17971066582801676,0.0,0.12130469943391141,1.0018869619911936,0.6694222302093635,0.19768173241081866,0.5615958307125521,0.3414502650732327,0.24260939886782235,0.14376853266241352,0.2560876988049246,0.15275406595381427,0.0,0.14376853266241352,0.0718842663312067,0.0,0.04043489981130384,1.2310180609219152,0.0,0.0,0.7188426633120676,0.2381166322221225,1.3702938269386264,0.0494204331027047,0.16623236589091603,0.017971066582801707,0.0,0.06289873303980587,0.9300026956599877,0.2021744990565192,0.0,0.2560876988049241,0.5076826309641468,1.662323658909155,0.0,0.16173959924521514,0.03144936651990299,0.026956599874202566,0.6559439302722612,0.12579746607961184,0.07637703297690714,0.14826129930811385,0.0,0.008985533291400841,0.0853625662683081,0.0,0.022463833228502133,0.008985533291400841,0.3234791984904299,0.804205229580375,0.0,0.22463833228502134,0.0,0.0,0.30550813190762816,0.0,0.0,0.022463833228502133,0.0,0.13029023272531168,0.48072603108994466,0.13478299937101282,0.0,0.0,0.0,0.0,0.0,0.0,0.0,0.6784077635007639,0.10333363285110969,0.08985533291400842,0.0,0.12579746607961173,0.0,0.0,0.05840596639410543,0.08086979962260757,0.31000089855332913,0.0,0.0,0.08985533291400842,0.27855153203342614,0.013478299937101283,0.0,0.0,0.0,0.06739149968550628,0.044927666457004266,0.0,0.05840596639410543,0.0,0.04043489981130384,0.0,0.08086979962260757,0.008985533291400841,0.0,0.0,0.0,0.0,0.06289873303980587,0.507682630964148,0.0,0.026956599874202566,0.0,0.08985533291400842,0.16623236589091553,0.06289873303980587,0.3684068649474345,0.0,0.026956599874202566,0.0,0.0,0.0,0.0,0.0,0.0,0.04043489981130384,0.0,0.08086979962260757,0.0718842663312067,0.0,0.0,0.09884086620540926,0.7278281966034686,0.0,0.0,0.0,0.03144936651990299,0.0,0.0,0.0,0.0,0.0,0.0,0.0,0.0,0.0,0.0,0.0,0.0,0.0,0.1707251325366162,0.0,0.0,0.013478299937101283,0.0,0.0,0.0,0.0,0.053913199748405,0.0,0.0,0.0,0.0,0.0,0.0,0.0,0.0,0.0,0.0,0.0,0.0,0.8266690628088778,0.0,0.022463833228502133,0.0,0.13927576601671313,0.022463833228502126,0.0,0.017971066582801707,0.0,0.0,0.0,0.0,0.085362566268308,0.0,0.0,0.026956599874202566,0.0,0.0,0.0,0.0,0.0,0.0,0.0,0.0,0.0,0.0,0.0,0.0,0.0,0.0,0.0,0.0,0.0,0.0,0.0,0.0,0.0,0.0,0.0,0.0,0.0,0.013478299937101283,0.0,0.0,0.0,0.0,0.32797196513613097,0.22463833228502134,0.085362566268308,0.08086979962260757,0.0494204331027047,0.04043489981130384,0.026956599874202566,0.017971066582801707,0.013478299937101283,0.013478299937101283,0.013478299937101283,0.008985533291400841,0.0,0.0,0.0,0.0,0.0,0.0,0.0,0.0,0.0,0.0,0.0,0.0,0.0,0.0,0.0,0.0,0.0,0.0,0.0,0.0,0.0,0.0,0.0,0.0,0.0,0.0,0.0,0.0,0.0,0.0,0.0,0.0,0.0,0.0,0.0,0.0,0.0,0.0,0.0,0.0,0.0,0.0,0.0,0.0,0.0,0.0,0.0,0.0,0.0,0.0,0.0,0.0,0.0,0.0,0.0,0.0,0.0,0.0,0.0
Sp10,7.142857142857144,7.142857142857144,4.545454545454545,0.0,0.0,0.0,0.0,0.0,0.0,5.844155844155839,0.0,0.0,0.0,0.0,0.0,0.0,0.0,0.0,0.0,0.0,0.0,0.0,0.0,0.0,0.0,0.0,0.0,0.0,0.0,0.0,0.0,0.0,0.0,0.0,0.0,0.0,0.0,0.0,0.0,0.0,0.0,0.0,0.0,0.0,0.0,0.0,0.0,0.0,0.0,0.0,0.0,0.0,0.0,0.0,0.0,0.0,0.0,0.0,5.194805194805198,0.0,0.0,0.0,0.0,0.0,0.0,0.0,0.0,0.0,3.246753246753251,0.0,0.0,0.0,0.0,0.0,0.0,0.0,0.0,0.0,0.0,0.0,0.0,2.597402597402599,0.0,0.0,0.0,0.0,0.0,0.0,0.0,0.0,0.0,0.0,0.0,0.0,0.0,0.0,0.0,0.0,0.0,0.0,0.0,0.0,0.0,0.0,0.0,0.0,0.0,0.0,0.0,0.0,0.0,0.0,0.0,0.0,0.0,0.0,0.0,0.0,0.0,0.0,0.0,0.0,0.0,0.0,0.0,0.0,0.0,0.0,0.0,0.0,0.0,0.0,0.0,0.0,0.0,0.0,0.0,0.0,0.0,0.0,0.0,0.0,0.0,0.0,0.0,0.0,0.0,0.0,0.0,61.03896103896105,0.0,0.0,0.0,1.2987012987012938,0.0,0.0,0.0,0.0,0.0,0.0,0.0,0.0,0.0,0.0,0.0,0.0,0.0,0.0,1.9480519480519463,0.0,0.0,0.0,0.0,0.0,0.0,0.0,0.0,0.0,0.0,0.0,0.0,0.0,0.0,0.0,0.0,0.0,0.0,0.0,0.0,0.0,0.0,0.0,0.0,0.0,0.0,0.0,0.0,0.0,0.0,0.0,0.0,0.0,0.0,0.0,0.0,0.0,0.0,0.0,0.0,0.0,0.0,0.0,0.0,0.0,0.0,0.0,0.0,0.0,0.0,0.0,0.0,0.0,0.0,0.0,0.0,0.0,0.0,0.0,0.0,0.0,0.0,0.0,0.0,0.0,0.0,0.0,0.0,0.0,0.0,0.0,0.0,0.0,0.0,0.0,0.0,0.0,0.0,0.0,0.0,0.0,0.0,0.0,0.0,0.0,0.0,0.0,0.0,0.0,0.0,0.0,0.0,0.0,0.0,0.0,0.0,0.0,0.0,0.0,0.0,0.0,0.0,0.0,0.0,0.0,0.0,0.0,0.0,0.0,0.0,0.0,0.0,0.0,0.0,0.0,0.0,0.0,0.0,0.0,0.0,0.0,0.0,0.0,0.0,0.0,0.0,0.0,0.0,0.0,0.0,0.0,0.0,0.0,0.0,0.0,0.0,0.0,0.0,0.0,0.0,0.0,0.0,0.0,0.0,0.0,0.0,0.0,0.0,0.0,0.0,0.0,0.0,0.0,0.0,0.0,0.0,0.0,0.0,0.0
Sp11,0.997029721563395,0.7359479348788788,0.06810829192525265,9.724350608687542,3.9427133621876025,1.7727074934957758,2.166222072300728,2.079194810072556,4.222714119175038,5.223527635964274,3.5340636048097998,1.0424352479598873,2.9097375918050026,2.2494655381378017,0.5921637629072056,1.1332463054139004,3.057305559002517,1.4075713695625742,1.6005448678176097,1.0632461158757271,0.08702726222817207,1.305408933422581,1.2373006403320712,0.8778402080723742,2.7697372197202,0.8872996949717195,0.4275687230196926,1.1729761447979168,0.4256768265720292,3.882172654887746,0.8910834890323035,0.6867586120912882,4.455417448657289,1.9108159761244592,0.6110827343753822,0.7302722443706315,0.15702745176634528,0.36891991449801387,0.03783794060583882,0.23081143419984518,1.2202735676420722,0.4256768254067721,0.26486558191035736,0.15135176009284088,0.7624344956334804,0.8437860638576336,0.24216281521633964,0.8059481244170521,0.12675709928167425,0.947840401106319,0.688650510869466,0.2535141973980912,1.0008135156239788,0.11918951116050647,0.10973002659167537,0.2989197261250979,0.2421628163815968,0.12297330405583315,0.04540552756174937,0.0927029539016765,0.04540552756174937,0.0,1.1029759552597436,0.022702764363503287,0.33486576911801613,0.25351419972860567,0.0,0.24027091876867626,0.8116238149252991,0.8097319184776358,0.7889210493965386,0.0,0.22891953775218185,0.1400003779110892,0.00567569050824722,0.054865013295837685,0.46162286839969036,0.10594623253109149,0.26297368313217956,0.9213538403517173,0.2100005674492624,1.454868798233016,0.06810829192525265,0.049189322787590466,0.1343246885680992,0.15135175892758365,0.0737839835987571,0.013243278629414983,0.09459485034933984,0.17783831851692805,0.0510812192352538,0.0,0.13810847913291147,0.0,0.34432525485210447,0.2232438460786774,0.25918989023685285,0.9421647071023,0.2081086698363419,0.09081105628875594,0.043513631114086036,0.032162248932334395,0.0700001895381732,0.0,0.10973002542641816,0.02459466081116663,0.0,0.11918951116050647,0.0,0.1021624384705076,0.0,0.0,0.0,0.2743250653139312,0.15702745176634528,0.02648655842408717,0.0737839835987571,0.06621639547758934,0.18351400902517526,0.07945967410700432,0.02459466081116663,0.0,0.0,0.028378454871750513,0.19297349475926354,0.013243278629414983,0.0,0.0,0.011351382181751643,0.11918951116050647,0.01891897030291941,0.0,0.1021624384705076,0.015135176242335529,0.0,0.0,0.11540571709992259,0.0,0.17027073039576024,0.0,0.0,0.0,0.0,0.6943262013777133,0.0,0.030270352484671057,0.0,0.003783794060583882,0.0,0.0,0.15135176009284088,0.03405414537999773,0.009459484568831103,0.007567588121167764,1.487031046000093,0.032162248932334395,0.0,0.03972983705350216,0.0605407049693421,0.015135176242335529,0.0,0.0,0.00567569050824722,0.011351382181751643,0.0,0.0,0.017027072689998864,0.3386495631786,0.0,0.0,0.007567588121167764,0.009459484568831103,0.0,0.0,0.02648655842408717,0.052973115682917134,0.0,0.052973115682917134,0.24973040450276457,0.0,0.026486557258829965,0.0,0.03405414654525493,0.030270352484671057,0.028378454871750513,0.003783794060583882,0.032162248932334395,0.0,0.0,0.0927029539016765,0.0,0.01891897030291941,0.0,0.0,0.0,0.022702764363503287,0.0,0.0,0.0,0.052973115682917134,0.03594604299291827,0.015135175077078322,0.003783794060583882,0.0,0.0,0.0,0.0,0.0,0.0,0.0,0.0,0.0,0.0,0.0,0.0,0.0,0.017027072689998864,0.0,0.0,0.0,0.0,0.0,0.0,0.0,0.0,0.0,0.0,0.0,0.0,0.0,0.0,0.0,0.0,0.0,0.0,0.0,0.03783794060583882,0.017027072689998864,0.0,0.0,0.009459484568831103,0.0,0.0,0.0,0.0,0.0,0.01891897030291941,0.0,0.0,0.0,0.0,0.015135176242335529,0.015135176242335529,0.017027072689998864,0.0,0.0,0.0,0.0,0.0,0.0,0.0,0.0,0.0,0.0,0.0,0.0,0.0,0.0,0.0,0.5694609997089596,0.4937851173320247,0.052973115682917134,0.03972983705350216,0.022702764363503287,0.013243278629414983,0.011351382181751643,0.011351382181751643,0.009459484568831103,0.003783794060583882,0.0,0.0,0.0,0.0,0.0,0.0,0.0,0.0,0.0,0.0,0.0,0.0,0.0,0.0,0.0,0.0,0.0,0.0,0.0,0.0,0.0,0.0,0.0,0.0,0.0,0.0,0.0,0.0,0.0,0.0,0.0,0.0,0.0,0.0,0.0,0.0,0.0,0.0,0.0,0.0,0.0,0.0,0.0,0.0,0.0,0.0,0.0,0.0,0.0
Sp12,0.6832857786454419,1.895930319867849,0.19897882564949698,0.0,3.525304099714673,6.284727436552037,0.5518846673674728,2.8007208289532954,5.984382039345246,2.402763177654303,0.6382339690644251,5.860489562997451,3.611653401411622,1.8621414626820845,0.8785102868298537,1.08499774740952,2.3314311458176906,4.8092806727736885,3.0184712419282196,1.8133353356359818,0.03754317465084847,1.6218651449166546,0.50307854032137,1.6706712719627574,3.07478600390449,1.7495119387295397,0.06757771437152724,0.36792311157831514,0.3566601591830605,0.0,0.6757771437152731,0.0,5.207238324072688,2.0010512088902233,0.12764679381288485,0.6457426039945936,0.4204835560895029,0.28532812734644813,0.0976122540922061,0.3604144766481454,4.692896831356057,0.3604144766481454,0.6382339690644249,0.0,1.2351704460129158,0.5969364769484911,0.3116083496020424,0.8972818741552783,0.022525904790509036,0.11638384141763035,0.2477849526955994,0.4955699053911994,1.955999399309205,0.2778194924162781,0.0,0.28157380988136405,1.9522450818441217,0.11638384141763032,0.24778495269559986,0.21775041297492112,0.17269860339390267,0.0,0.6119537468088297,0.0,1.6969514942183512,0.15392701606847867,0.08634930169695146,0.0,0.292836762276618,0.6269710166691699,0.3716774290433994,0.022525904790509036,0.24027631776543007,0.34164288932272086,0.0,0.2552935876257697,0.9160534614807023,0.0,0.0,0.3078540321369576,0.3529058417179762,1.8771587325424222,0.5819192070881515,0.0,0.13140111127796966,0.0,0.18771587325424235,0.0412974921159334,0.06382339690644243,0.12389247634779993,0.0,0.03378885718576365,0.01126295239525454,0.0,0.11262952395254552,0.3491515242528908,0.21399609550983623,0.6307253341342549,0.27781949241627873,0.15768133353356362,0.1088752064874606,0.0,0.15768133353356362,0.0,0.01126295239525454,0.022525904790509133,0.0,0.06382339690644243,0.12764679381288485,0.0,0.0,0.0,0.0,0.0,0.29659107974170296,0.0,0.13140111127796916,0.22901336537017575,0.033788857185763674,0.052560444511187916,0.0,0.06382339690644243,0.0,0.052560444511187916,0.022525904790509036,0.04505180958101819,0.08634930169695146,0.0,0.0,0.11638384141763035,0.0,0.0,0.04505180958101819,0.17269860339390267,0.0,0.022525904790509036,0.16518996846373332,0.0,0.01126295239525454,0.0,0.033788857185763674,0.0,0.03003453972067876,0.01126295239525454,0.0,0.0,0.0,0.0,0.07508634930169694,0.8484757471091761,0.14641838113830885,0.0,0.01126295239525454,0.0,0.04505180958101819,0.0,0.01126295239525454,0.0,0.04505180958101819,0.0,0.0,0.0,0.007508634930169695,0.06006907944135752,0.0,0.06382339690644243,0.0,0.022525904790509036,0.018771587325424235,0.0,0.0,0.018771587325424235,0.01501726986033939,0.0,0.0,0.0,0.018771587325424235,0.0,0.1051208890223757,0.0,0.0,0.0,0.03003453972067876,0.015017269860339438,0.0,0.0,0.052560444511187916,0.0,0.0,0.32287130199729663,0.0,0.0,0.0,0.0,0.015017269860339438,0.056314761976272706,0.03003453972067876,0.0,0.0,0.0,0.0,0.0,0.0,0.0,0.0,0.0,0.0,0.0,0.0,0.0,0.0,0.0,0.0,0.0,0.007508634930169695,0.0,0.0,0.0,0.0,0.0,0.0,0.0,0.0,0.0,0.0,0.0,0.0,0.0,0.0,0.0,0.0,0.0,0.0,0.0,0.0,0.0,0.0,0.0,0.0,0.0,0.0,0.0,0.0,0.0,0.0,0.0,0.0,0.007508634930169695,0.0,0.0,0.0,0.10136657155729091,0.015017269860339438,0.0,0.0,0.0,0.0,0.0,0.0,0.0,0.0,0.0,0.0,0.0,0.0,0.0,0.0,0.0,0.0,0.0,0.0,0.0,0.0,0.0,0.0,0.0,0.0,0.0,0.0,0.1351554287430547,0.09010361916203638,0.048806127046102966,0.03003453972067876,0.0,0.0,0.0,0.0,0.0,0.0,0.0,0.0,0.0,0.0,0.0,0.0,0.0,0.0,0.0,0.0,0.0,0.0,0.0,0.0,0.0,0.0,0.0,0.0,0.0,0.0,0.0,0.0,0.0,0.0,0.0,0.0,0.0,0.0,0.0,0.0,0.0,0.0,0.0,0.0,0.0,0.0,0.0,0.0,0.0
Sp13,4.018762453467644,2.288878308678038,0.07582570669072813,10.765486956169369,4.905746882471854,0.6171859839224968,0.3579678692374541,2.33119963254662,1.1444391554799669,1.518277519741955,0.20807984748812813,4.496640744896538,0.5589941638884329,0.8552434366732484,6.039605704132307,0.2468743949381359,0.603078874825355,1.5905764522960033,0.11109347658121352,0.22395034365360966,0.2556913359845727,0.2045530699286058,0.09522298041573202,1.100354442261149,2.826711808350285,2.408788727446636,0.021160661934291232,0.045848101428104825,2.1901285507027834,3.1846796810105813,0.4020525858791145,0.2556913371255204,0.4108695257846037,0.056428432965724265,0.8940379829823084,0.15165141338145627,0.1463612487535942,2.186601774284209,0.05113826833786218,0.07935248425025049,0.389708868414103,0.375601757035066,3.9993651786016917,0.015870497306429157,0.052901655406201904,1.0456893940818694,0.12343719632812032,0.03879454745000774,0.04055793680024274,0.3738383665438833,0.03174099347191067,0.31740993471910667,3.3469114259296573,0.024687439493813593,0.04055793680024276,0.19044596197241165,0.25745472533480773,0.09698636976596701,4.2056816378805335,0.02997760526262331,0.0,0.0793524819683552,0.10580331195335145,0.0,0.5008023415724736,0.037031159240720396,0.13578091721597477,0.007053553978097078,0.8605336001601627,0.04584810256905247,0.3332804320255358,0.0052901657688097185,0.017633885515716517,0.0,0.0,0.05819182231595926,0.022924051284526233,0.12872736323787767,0.0,0.03350438168119803,0.05819182117501162,0.2380574527507515,2.271244422021374,0.03703115924072038,0.03703115809977275,0.0,1.0756670016263878,0.02821421591238831,0.0,0.0,0.0,0.7582570657663337,0.08464264773716493,0.0,0.1604683555688407,0.014107107956194152,0.31211976895029697,0.9839707964882831,0.12343719632812031,0.03526777103143303,0.012343719746906796,0.026450828844048594,0.05995520938429898,0.537833500813194,0.0,0.06524537515310869,0.0,0.010580331537619437,0.946939639529458,0.035267771031433026,0.0,0.015870497306429157,0.0,0.46553457054104064,0.0,0.03879454859095539,0.022924051284526233,0.11814703170025824,0.024687439493813593,0.052901656547149546,0.09345959220644465,2.285351529977568,0.0,0.0,0.18868257262217664,0.014107107956194156,0.0,0.0,0.022924051284526233,0.0,0.05819182231595926,0.008816942187384434,0.0,0.0,0.41615969269436104,0.38970886499126006,0.696538469313695,0.03174099347191067,0.061718598734533975,0.0,0.1622317449190757,0.05819182231595926,0.9892609622570927,0.0,0.0,0.024687439493813593,0.12520058567835532,0.3350438202348232,0.4267400230910328,0.012343719746906796,0.11991041990954561,0.03350438168119803,0.0,0.021160661934291232,0.0546650447564369,0.0,0.09522298041573202,0.6806679720072658,0.0,0.03350438168119803,0.0,0.0,0.0,0.09345959220644465,0.052901655406201904,0.06524537515310869,0.15341480273169128,0.010580331537619437,0.026450827703100952,0.007053553978097078,0.0,0.03526777103143303,0.1516514145224039,0.0,0.0,0.017633885515716517,0.024687439493813593,0.10580331081240381,0.09698636862501937,0.024687439493813593,0.0,0.0,0.0,0.0,0.007053553978097078,0.007053553978097078,0.0,0.061718598734533975,0.0,0.0,0.035267771031433026,0.0,0.0,0.021160661934291232,0.014107107956194152,0.0,0.0,0.0,0.0,1.6205540552767315,0.014107107956194156,0.0,0.2997760503443378,0.02997760526262331,0.0,0.11285686479050089,0.16752190954693777,0.24158422802837853,0.015870497306429157,0.07935248310930285,0.07406231848144079,0.1269639738876427,0.10580331195335145,0.1622317449190757,0.04584810256905247,0.18868257262217664,0.4302668017915029,0.017633885515716513,0.0,0.08464264887811257,0.037031159240720396,0.024687439493813593,0.11285686707239617,0.0,0.014107107956194156,0.0,0.09698636748407172,0.0,0.3756017558941183,0.0,0.03526777103143303,0.0,0.014107107956194156,0.0,0.017633885515716517,0.0,0.0,0.03526777103143303,0.08111587245953784,0.010580331537619437,0.0,0.0,0.021160663075238874,0.05995520938429898,0.0,0.026450827703100952,0.0,0.07582570669072813,0.0,0.0,0.0,0.0,0.02821421591238831,0.0,0.0,0.0,0.0,0.0,0.0,0.0,0.0,0.0,0.0,0.0,0.0,0.0,0.0,0.03174099347191067,0.0,0.0,0.0,0.0,0.0,0.0,0.0,0.0,0.0,0.0,0.0,0.0,0.017633885515716517,0.0,0.0,0.156941579150266,0.045848101428104825,0.042321325009530106,0.037031159240720396,0.03526777103143303,0.03526777103143303,0.024687439493813593,0.01939727372500387,0.01939727372500387,0.017633885515716517,0.017633885515716517,0.015870497306429157,0.015870497306429157,0.014107107956194156,0.014107107956194156,0.014107107956194156,0.012343719746906796,0.012343719746906796,0.012343719746906796,0.012343719746906796,0.012343719746906796,0.012343719746906796,0.008816942187384434,0.008816942187384434,0.008816942187384434,0.007053553978097078,0.007053553978097078,0.007053553978097078,0.0052901657688097185,0.0052901657688097185,0.0052901657688097185,0.0052901657688097185,0.0,0.0,0.0,0.0,0.0,0.0,0.0,0.0,0.0,0.0,0.0,0.0,0.0
Sp14,4.19434912564954,4.617799518953189,0.04015477799977896,0.1350660729380022,10.947652773638064,0.03285390907465305,0.17887128431193058,1.062276411191203,0.7410381850161442,0.9965685886882427,0.8432503423490122,0.02190260677537772,0.5439147262145718,0.17522085093778114,0.2226765000395131,0.15331824416240344,0.14966781078825403,0.18617215432547005,0.15696867971337994,0.17887128648875766,0.05110608247588134,0.14601737632569106,0.05840695140100725,0.02190260677537772,0.5475651606771348,0.3175877938893228,0.047455646924904865,0.18617215432547005,1.7011024301671709,0.4672556046775769,0.28838431710040563,0.20442432554987128,0.47820690588843867,0.3102869249641969,0.36504343863740063,0.0839599915505344,0.14601737632569106,9.078630357104583,0.0,0.040154779088192476,0.10951303278847507,0.03285390907465305,0.018252172312814764,0.0,0.48915821254136804,1.949331972533038,0.4124990877391326,0.0,0.06570782032613315,0.2628312769508785,0.1971234588015724,0.3942469132494907,0.24092867126391432,0.0,0.0547565169384443,0.036504343537216,0.05110608138746782,0.1350660729380022,14.233043731170392,0.0,0.0,0.05840695031259373,0.2044243277266983,0.0,0.07665912262540849,0.08030955599955791,0.3978973498888807,0.05110608138746782,0.3431408329504364,0.062057384775156675,0.15331824416240344,0.17157041756363173,0.0,0.0,0.0,0.4745564714258757,0.0,0.0,0.0,0.2701321458760044,0.0,0.3467912685014129,0.0,0.0,0.05475651585003077,0.007300868925125906,0.0,0.0,0.0,0.2409286701755008,0.0,3.7380448254480654,0.0,0.0,0.0,0.014601737850251812,0.0,0.14601737632569106,0.07300868816284553,0.32853909618859817,0.04380521355075544,0.0,0.2920347526513821,2.0989997800560514,0.0,0.08761042601309735,0.0,0.19712345771315887,3.307293569749773,0.08030955708797144,0.0,0.0,0.0,1.7157041669290094,0.10221216277493564,0.047455646924904865,0.0,0.0,0.04380521246234191,0.3504417018755623,0.10951303170006153,0.0,0.0,0.0,0.03650434462562953,0.0,0.029203475700503623,0.0,0.1204643350877504,0.0,0.7337373150026048,0.0,0.0,0.0,1.3981163741281,1.693801563418872,2.694020587658091,0.0,0.0,0.0,0.5512155951396978,0.0,3.1612761912472545,0.018252172312814764,0.014601737850251812,0.0,0.5512155951396978,0.8505512156277921,1.1462364016533237,0.02555304123794067,0.08030955708797144,0.014601737850251812,0.01095130338768886,0.21537562893756013,0.0839599915505344,0.036504343537216,0.0,0.0,0.0,0.04015477799977896,0.0,0.0,0.0,0.41614952220169543,0.09856172831237267,0.2117251955634107,0.0,0.0,0.149667810788254,0.0,0.11681390171360097,0.02555304123794067,0.02190260677537772,0.0,0.0,0.0,0.0,0.16061911199911583,0.0,0.0,0.0,0.0,0.0,0.040154779088192476,0.0,0.1277652040128763,0.0,0.05840695031259373,0.0,0.062057384775156675,0.02555304123794067,0.0,0.0,0.0657078181493061,0.0,0.0,0.0,0.04380521355075544,0.0,0.149667810788254,0.0,0.03285390907465305,1.0038694597901956,0.0,0.0,0.3905964809637548,0.7994451342403244,0.9564138117768773,0.09856172831237267,0.36869387418837707,0.2117251955634107,0.6461268911663345,0.18617215432547005,0.0,0.12411476955031335,0.7556399206895689,0.25553041020257966,0.10586259723749859,0.09491129384980973,0.4088486532765696,0.0,0.10951303061164802,0.5621668963505595,0.047455646924904865,0.0,0.03285390907465305,0.0,0.0,0.0,0.062057384775156675,0.0,0.0,0.0,0.0,0.0,0.0,0.07665912262540849,0.0,0.05475651585003077,0.0,0.0,0.0,0.0,0.5658173329899495,0.0,0.1350660729380022,0.0,0.02190260677537772,0.0,0.0,0.0,0.03285390907465305,0.0,0.0,0.0,0.0,0.0,0.0,0.0,0.0,0.0,0.0,0.0,0.0,0.0,0.014601737850251812,0.0,0.05110608138746782,0.0,0.029203475700503623,0.0,0.0,0.029203475700503623,0.0,0.0,0.0,0.0,0.0,0.0,0.0,0.02190260677537772,0.06570781923771962,0.0,0.08761042601309735,0.0,0.06570781923771962,0.06570782032613315,0.07665912262540849,0.0,0.047455646924904865,0.0,0.0,0.1350660729380022,0.1204643350877504,0.0,0.04380521246234191,0.0,0.06935825370028258,0.0,0.0,0.0,0.0,0.036504343537216,0.02190260677537772,0.0,0.0,0.036504343537216,0.1131634661626245,0.018252172312814764,0.018252172312814764,0.0,0.0,0.04015477799977896,0.0,0.0,0.32123822726347223,0.10586259832591212,0.07665912262540849,0.05475651585003077,0.03285390907465305,0.03285390907465305,0.03285390907465305,0.03285390907465305,0.029203475700503623,0.029203475700503623,0.02555304123794067,0.02555304123794067,0.0
Sp15,1.8978865183370706,2.0906150987390215,10.224414465354474,0.0,3.9525691702942725,0.13393002870371729,1.2151700260119092,7.830006862426199,4.200829712011444,0.8525789678106983,1.2837683338199821,3.439715148827202,3.5344461496209787,0.0,1.2413027155270286,0.06533172205250594,1.535295463606444,8.254663053453765,0.07513148047606799,0.0,0.048998790960948724,1.4013654325890035,0.0,0.0,2.6426681504297553,6.683435143065501,0.0,0.2907261623238484,0.2547937155420286,0.30052592074741047,0.0,0.0,0.16659588972997025,0.0,0.3593244689750598,0.0,0.0,0.0,0.06206513629693909,0.0,0.11433051417031614,0.4899879142369331,2.832130140448694,0.019599516847124077,0.0,0.0,0.0,0.0,0.0,3.135922646951671,0.14699637519656913,4.932544997611277,4.6842844512666595,0.0,0.0,0.1861954077339558,0.0,0.2939927480794153,0.1535295455508414,0.6435174597877745,0.0,0.0,0.0,0.0,1.3295005390253638,0.0,0.0,0.0,0.0,0.0,0.0,0.0,0.022866102602690935,0.0,0.0,0.0,0.0,0.0,0.0,0.5683859804685679,0.0,0.0,7.477215562648549,0.0,0.0,0.3397249544416586,0.0,0.0,0.0,0.10126416883432578,0.0,0.016332929934695754,0.0,0.0,0.0,0.0,0.6435174597877745,0.0,0.0,0.0,0.0,0.0,0.06206513629693909,0.0,0.022866102602690935,0.0,0.0,0.016332929934695754,0.026132688358257793,0.026132688358257793,0.0,0.0,0.0,0.039199032537386685,0.0,0.0,0.0,0.14046320137171245,0.0,0.0,0.0,0.0,0.0,0.10453075574675409,0.02939927527068612,0.0,0.0,0.0,0.12413027028015525,0.0,0.0,0.0,4.093032371665985,0.0,0.0,0.0,0.0,0.022866102602690935,0.0,0.0,0.0,0.0,0.026132688358257793,0.013066344179128896,0.0,0.0,0.0,0.016332929934695754,0.019599516847124077,0.0,0.16006271821883655,0.022866102602690935,0.0,0.0,0.08493123774276856,0.0,0.022866102602690935,1.5744944973006918,0.016332929934695754,0.0,0.07186489356363966,0.0,0.0,0.0,0.0,0.0,0.06859830780807281,0.0,0.0,0.0,0.0,0.0816646519872017,0.0,0.0,0.0,0.0,0.0,0.022866102602690935,0.019599516847124077,0.0,0.013066344179128896,0.0,0.03593244678181983,0.009799758423562038,0.0,0.0,0.0,0.0,0.0,0.0,0.0,0.0,0.0,0.0,0.0,0.0,0.0,0.0,0.0,0.0,0.0,0.0,0.0,0.0,0.0,0.0,0.0,0.0,0.0,0.0,0.0,0.0,0.0,0.0,0.0,0.0,0.0,0.0,0.0,0.0,0.0,0.0,0.0,0.0,0.4377225363635561,0.0,0.0,0.0,0.1633293039744034,0.0,0.0979975830787589,0.0,0.03266586102625297,0.0,0.0,0.0,0.0,0.0,0.0,0.07513148047606799,0.0,0.0,0.019599516847124077,0.0,0.0,0.0,0.0,0.0,0.0,0.0,0.0,0.0,0.0,0.0,0.0,0.0,0.0,0.0,0.0,0.0,0.0,0.0,0.0,0.0,0.0,0.0,0.0,0.0,0.0,0.0,0.0,0.0,0.0,0.0,0.0,0.0,0.0,0.0,0.0,0.0,0.0,0.0,0.0,0.0,0.0,0.0,0.0,0.0,0.0,0.0,0.0,0.0,0.0,0.0,0.0,0.0,0.0,0.0,0.0,0.0,0.0,0.0,0.0,0.0,0.0,0.0,0.0,0.0,0.0,0.0,0.0,0.0,0.0,0.0,0.0,0.0,0.0,0.0,0.0,0.0,0.0,0.0,0.0,0.0,0.0,0.0,0.0,0.016332929934695754
Sp16,20.714285714578313,25.357142860555225,0.0,0.0,4.9999999996125,0.0,0.0,0.0,0.0,0.0,0.0,0.0,0.0,0.0,0.0,0.0,1.0714285708710458,0.0,0.0,0.0,0.0,0.0,0.0,0.0,0.0,0.0,0.0,0.0,0.0,0.0,0.0,0.0,0.0,0.0,0.0,0.0,0.0,3.9285714287414537,0.0,0.0,0.0,0.0,0.0,0.0,0.0,0.0,0.0,0.0,0.0,0.0,0.0,0.0,0.0,0.0,0.0,0.0,0.0,0.0,17.14285714057959,0.0,0.0,0.0,0.0,0.0,0.0,0.0,0.0,0.0,0.0,0.0,0.0,0.0,0.0,0.0,0.0,0.0,0.0,0.0,0.0,0.0,0.0,0.0,0.0,0.0,0.0,0.0,0.0,0.0,0.0,0.0,0.0,0.0,0.0,0.0,0.0,0.0,0.0,0.0,0.0,0.0,0.0,0.0,0.0,0.0,0.0,0.0,0.0,0.0,1.428571428935204,0.0,0.0,0.0,0.0,9.285714285310968,0.0,0.0,0.0,0.0,0.0,0.0,0.0,0.0,0.0,0.0,0.0,0.0,0.0,0.0,0.0,0.0,2.1428571428492345,0.0,0.0,0.0,0.0,0.0,1.0714285708710458,0.0,0.0,0.0,0.0,0.0,2.1428571428492345,0.0,0.0,0.0,0.0,1.0714285708710458,0.0,0.0,0.0,0.0,0.0,0.0,0.0,0.0,0.0,0.0,0.0,0.0,0.0,0.0,0.0,3.9285714287414537,0.0,0.0,0.0,0.0,0.0,0.0,0.0,0.0,0.0,0.0,0.0,0.0,0.0,0.0,0.0,0.0,0.0,0.0,0.0,0.0,0.0,0.0,0.0,0.0,0.0,0.0,0.0,0.0,0.0,0.0,0.0,0.0,0.0,0.0,0.0,0.0,0.0,0.0,0.0,0.0,0.0,0.0,0.0,0.0,0.0,1.428571428935204,0.0,0.0,0.0,0.0,0.0,0.0,0.0,0.0,0.0,1.0714285708710458,0.0,0.0,0.0,0.0,0.0,0.0,0.0,0.0,0.0,0.0,0.0,0.0,0.0,0.0,0.0,0.0,0.0,0.0,0.0,0.0,0.0,0.0,0.0,0.0,0.0,0.0,0.0,0.0,0.0,0.0,0.0,0.0,0.0,0.0,0.0,0.0,0.0,0.0,0.0,0.0,0.0,0.0,0.0,0.0,0.0,0.0,0.0,0.0,0.0,0.0,0.0,0.0,0.0,0.0,0.0,0.0,0.0,0.0,0.0,0.0,0.0,0.0,0.0,0.0,0.0,0.0,0.0,0.0,0.0,0.0,0.0,0.0,0.0,0.0,0.0,0.0,0.0,1.7857142858922193,0.0,0.0,0.0,0.0,1.428571428935204,0.0,0.0,0.0,0.0,0.0,0.0,0.0,0.0,0.0,0.0,0.0,0.0,0.0,0.0,0.0,0.0,0.0,0.0,0.0,0.0,0.0,0.0,0.0,0.0,0.0
Sp17,24.786324789307034,15.384615379662723,0.0,0.0,19.658119659983566,0.0,0.0,0.0,0.0,2.350427350853386,0.0,0.0,0.0,0.0,0.0,0.0,0.0,0.0,0.0,0.0,0.0,0.0,0.0,0.0,0.0,0.0,0.0,0.0,1.495726495619987,0.0,0.8547008541949376,0.0,0.0,0.0,0.0,0.0,0.0,1.282051281811637,0.0,0.0,0.0,0.0,0.0,0.0,0.0,1.9230769232366864,0.0,0.0,0.0,0.0,0.0,0.0,0.0,0.0,0.0,0.0,0.0,0.0,6.837606837713346,0.0,0.0,0.0,0.0,0.0,0.0,0.0,0.0,0.0,0.0,0.0,0.0,0.8547008541949376,0.0,0.0,0.0,4.48717948685996,0.0,0.0,0.0,0.0,0.0,0.0,0.0,0.0,0.0,0.0,0.0,0.0,0.0,0.0,0.0,2.564102563623274,0.0,0.0,0.0,0.0,0.0,0.0,0.0,0.0,0.0,0.0,0.0,0.6410256414250494,0.0,0.0,0.0,0.0,3.2051282050483234,0.0,0.0,0.0,0.0,5.3418803420933605,0.0,2.350427350853386,0.0,0.0,0.0,0.0,0.0,0.0,0.0,0.0,0.0,0.0,0.0,0.0,0.0,0.0,0.0,0.0,0.0,0.0,1.282051281811637,0.6410256414250494,0.6410256414250494,0.0,0.0,0.0,0.0,0.0,0.0,0.0,0.0,0.0,0.0,0.0,0.6410256414250494,0.0,0.0,0.0,0.0,0.0,0.0,0.0,0.0,0.0,0.0,0.0,0.0,0.0,0.0,0.0,0.42735042761669956,0.0,0.0,0.0,0.0,0.0,0.0,0.0,0.0,0.0,0.0,0.0,0.0,0.0,0.0,0.0,0.0,0.0,0.0,0.0,0.0,0.0,0.0,0.0,0.0,0.0,1.495726495619987,0.0,0.0,0.0,0.0,0.0,0.0,0.0,0.0,0.0,0.0,0.0,0.0,0.0,0.0,0.0,0.0,0.0,0.8547008541949376,0.0,0.0,0.0,0.0,0.0,0.0,0.0,0.0,0.0,0.0,0.0,0.0,0.0,0.0,0.0,0.0,0.0,0.0,0.0,0.0,0.0,0.0,0.0,0.0,0.0,0.0,0.0,0.0,0.0,0.0,0.0,0.0,0.0,0.0,0.0,0.0,0.0,0.0,0.0,0.0,0.0,0.0,0.0,0.0,0.0,0.0,0.0,0.0,0.0,0.0,0.0,0.0,0.0,0.0,0.0,0.0,0.0,0.0,0.0,0.0,0.0,0.0,0.0,0.0,0.0,0.0,0.0,0.0,0.0,0.0,0.0,0.0,0.0,0.0,0.0,0.0,0.0,0.0,0.0,0.0,0.0,0.0,0.0,0.0,0.0,0.0,0.0,0.0,0.0,0.0,0.0,0.0,0.0,0.0,0.0,0.0,0.0,0.0,0.0,0.0,0.0,0.0,0.0,0.0,0.0,0.0,0.0,0.0,0.0,0.0,0.0,0.0,0.0,0.0,0.0,0.0,0.0,0.0,0.0
